invoice_id,branch,city,customer_type,gender,product_name,product_line,unit_price,quantity,vat,total,date,time,payment,cogs,gross_margin_pct,gross_income,rating,time_of_day,day_name,month_name,product_category
101-17-6199,Baner,Pune,Prime,Male,Nescafe Coffee,Food and beverages,45.79,7,16.0265,336.5565,2019-03-13 0:00:00,19:44:00,Credit card,320.53,4.761904716,16.0265,7,Evening,Wednesday,March,Good
101-81-4070,Gachibowli,Hyderabad,Elite,Female,Face Wash,Health and beauty,62.82,2,6.282,131.922,2019-01-17 0:00:00,12:36:00,Ewallet,125.64,4.761904716,6.282,4.9,Afternoon,Thursday,January,Bad
102-06-2002,Bandra,Mumbai,Elite,Male,Gym Bag,Sports and travel,25.25,14,6.3125,132.5625,2019-03-20 0:00:00,17:52:00,Cash,126.25,4.761904716,6.3125,6.1,Evening,Wednesday,March,Bad
102-77-2261,Baner,Pune,Elite,Male,Face Wash,Health and beauty,65.31,7,22.8585,480.0285,2019-03-05 0:00:00,18:02:00,Credit card,457.17,4.761904716,22.8585,4.2,Evening,Tuesday,March,Good
105-10-6182,Powai,Mumbai,Basic,Male,Sunglasses,Fashion accessories,21.48,2,2.148,45.108,2019-02-27 0:00:00,12:22:00,Ewallet,42.96,4.761904716,2.148,6.6,Afternoon,Wednesday,February,Bad
105-31-1824,Whitefield,Bangalore,Elite,Male,Cricket Bat,Sports and travel,69.52,7,24.332,510.972,2019-02-01 0:00:00,15:10:00,Credit card,486.64,4.761904716,24.332,8.5,Afternoon,Friday,February,Good
106-35-6779,Bandra,Mumbai,Basic,Male,Wall Clock,Home and lifestyle,44.34,2,4.434,93.114,2019-03-27 0:00:00,11:26:00,Cash,88.68,4.761904716,4.434,5.8,Morning,Wednesday,March,Bad
109-28-2512,Hitech City,Hyderabad,Basic,Female,Sunglasses,Fashion accessories,97.61,6,29.283,614.943,2019-01-07 0:00:00,15:01:00,Ewallet,585.66,4.761904716,29.283,9.9,Afternoon,Monday,January,Good
109-86-4363,Banjara Hills,Hyderabad,Prime,Female,Cricket Bat,Sports and travel,60.08,7,21.028,441.588,2019-02-14 0:00:00,11:36:00,Credit card,420.56,4.761904716,21.028,4.5,Morning,Thursday,February,Good
110-05-6330,Rohini,Delhi,Basic,Female,Nescafe Coffee,Food and beverages,39.43,6,11.829,248.409,2019-03-25 0:00:00,20:18:00,Credit card,236.58,4.761904716,11.829,9.4,Evening,Monday,March,Bad
110-48-7033,Hitech City,Hyderabad,Elite,Male,Baseball Cap,Fashion accessories,32.62,4,6.524,137.004,2019-01-29 0:00:00,14:12:00,Cash,130.48,4.761904716,6.524,9,Afternoon,Tuesday,January,Bad
114-35-5271,Powai,Mumbai,Prime,Female,Wireless Mouse,Electronic accessories,57.91,8,23.164,486.444,2019-02-07 0:00:00,15:06:00,Cash,463.28,4.761904716,23.164,8.1,Afternoon,Thursday,February,Good
115-38-7388,Hitech City,Hyderabad,Basic,Female,Leather Wallet,Fashion accessories,10.18,8,4.072,85.512,2019-03-30 0:00:00,12:51:00,Credit card,81.44,4.761904716,4.072,9.5,Afternoon,Saturday,March,Bad
115-99-4379,Banjara Hills,Hyderabad,Elite,Female,Sunglasses,Fashion accessories,54.73,7,19.1555,402.2655,2019-03-14 0:00:00,19:02:00,Credit card,383.11,4.761904716,19.1555,8.5,Evening,Thursday,March,Good
118-62-1812,Gachibowli,Hyderabad,Basic,Female,Coffee Mug,Home and lifestyle,78.38,4,15.676,329.196,2019-03-24 0:00:00,17:56:00,Cash,313.52,4.761904716,15.676,7.9,Evening,Sunday,March,Good
120-06-4233,Baner,Pune,Basic,Male,Bluetooth Speaker,Electronic accessories,30.61,6,9.183,192.843,2019-03-12 0:00:00,20:36:00,Cash,183.66,4.761904716,9.183,9.3,Evening,Tuesday,March,Bad
120-54-2248,Whitefield,Bangalore,Elite,Female,Nescafe Coffee,Food and beverages,28.86,5,7.215,151.515,2019-01-22 0:00:00,18:08:00,Credit card,144.3,4.761904716,7.215,8,Evening,Tuesday,January,Bad
122-61-9553,Powai,Mumbai,Basic,Female,Bluetooth Speaker,Electronic accessories,51.32,9,23.094,484.974,2019-03-14 0:00:00,19:33:00,Cash,461.88,4.761904716,23.094,5.6,Evening,Thursday,March,Good
123-19-1176,Hitech City,Hyderabad,Elite,Male,Face Wash,Health and beauty,58.22,8,23.288,489.048,2019-01-27 0:00:00,20:33:00,Ewallet,465.76,4.761904716,23.288,8.4,Evening,Sunday,January,Good
123-35-4896,Baner,Pune,Basic,Female,Travel Backpack,Sports and travel,46.66,9,20.997,440.937,2019-02-17 0:00:00,19:11:00,Ewallet,419.94,4.761904716,20.997,5.3,Evening,Sunday,February,Good
124-31-1458,Indiranagar,Bangalore,Basic,Female,Bluetooth Speaker,Electronic accessories,79.59,3,11.9385,250.7085,2019-01-08 0:00:00,14:30:00,Cash,238.77,4.761904716,11.9385,6.6,Afternoon,Tuesday,January,Bad
125-45-2293,Koramangala,Bangalore,Elite,Female,Wrist Watch,Fashion accessories,99.1,6,29.73,624.33,2019-01-19 0:00:00,13:11:00,Cash,594.6,4.761904716,29.73,4.2,Afternoon,Saturday,January,Good
126-54-1082,Banjara Hills,Hyderabad,Elite,Female,Storage Basket,Home and lifestyle,21.54,9,9.693,203.553,2019-01-07 0:00:00,11:44:00,Credit card,193.86,4.761904716,9.693,8.8,Morning,Monday,January,Bad
127-47-6963,Saket,Delhi,Prime,Male,Shampoo,Health and beauty,51.71,4,10.342,217.182,2019-03-09 0:00:00,13:53:00,Credit card,206.84,4.761904716,10.342,9.8,Afternoon,Saturday,March,Bad
129-29-8530,Baner,Pune,Basic,Male,Cricket Bat,Sports and travel,62.62,5,15.655,328.755,2019-03-10 0:00:00,19:15:00,Ewallet,313.1,4.761904716,15.655,7,Evening,Sunday,March,Good
130-67-4723,Whitefield,Bangalore,Basic,Male,Tropicana Juice,Food and beverages,48.5,6,14.55,305.55,2019-01-11 0:00:00,13:57:00,Ewallet,291,4.761904716,14.55,9.4,Afternoon,Friday,January,Bad
130-98-8941,Gachibowli,Hyderabad,Elite,Male,Wrist Watch,Fashion accessories,64.26,7,22.491,472.311,2019-02-09 0:00:00,10:00:00,Cash,449.82,4.761904716,22.491,5.7,Morning,Saturday,February,Good
131-15-8856,Hitech City,Hyderabad,Prime,Female,Tropicana Juice,Food and beverages,72.52,8,29.008,609.168,2019-03-30 0:00:00,19:26:00,Credit card,580.16,4.761904716,29.008,4,Evening,Saturday,March,Good
131-70-8179,Gachibowli,Hyderabad,Elite,Female,Lip Balm,Health and beauty,92.09,3,13.8135,290.0835,2019-02-17 0:00:00,16:27:00,Cash,276.27,4.761904716,13.8135,4.2,Evening,Sunday,February,Bad
132-23-6451,Saket,Delhi,Basic,Male,Shampoo,Health and beauty,20.97,5,5.2425,110.0925,2019-01-04 0:00:00,13:21:00,Cash,104.85,4.761904716,5.2425,7.8,Afternoon,Friday,January,Bad
132-32-9879,Hinjawadi,Pune,Elite,Female,Bluetooth Speaker,Electronic accessories,93.96,4,18.792,394.632,2019-03-09 0:00:00,18:00:00,Cash,375.84,4.761904716,18.792,9.5,Evening,Saturday,March,Good
133-14-7229,Indiranagar,Bangalore,Elite,Male,Sunscreen,Health and beauty,62.87,2,6.287,132.027,2019-01-01 0:00:00,11:43:00,Cash,125.74,4.761904716,6.287,5,Morning,Tuesday,January,Bad
133-77-3154,Bandra,Mumbai,Elite,Male,Baseball Cap,Fashion accessories,60.18,4,12.036,252.756,2019-02-16 0:00:00,18:04:00,Credit card,240.72,4.761904716,12.036,9.4,Evening,Saturday,February,Bad
134-54-4720,Baner,Pune,Basic,Female,Wireless Mouse,Electronic accessories,42.42,8,16.968,356.328,2019-01-30 0:00:00,13:58:00,Ewallet,339.36,4.761904716,16.968,5.7,Afternoon,Wednesday,January,Good
134-75-2619,Powai,Mumbai,Elite,Male,Power Bank,Electronic accessories,19.32,7,6.762,142.002,2019-03-25 0:00:00,18:51:00,Cash,135.24,4.761904716,6.762,6.9,Evening,Monday,March,Bad
135-13-8269,Hitech City,Hyderabad,Prime,Female,Lay's Chips,Food and beverages,78.88,2,7.888,165.648,2019-01-26 0:00:00,16:04:00,Cash,157.76,4.761904716,7.888,9.1,Evening,Saturday,January,Bad
135-84-8019,Connaught Place,Delhi,Elite,Female,Wrist Watch,Fashion accessories,77.93,9,35.0685,736.4385,2019-02-27 0:00:00,16:10:00,Ewallet,701.37,4.761904716,35.0685,7.6,Evening,Wednesday,February,Good
136-08-6195,Saket,Delhi,Prime,Female,Wall Clock,Home and lifestyle,69.96,8,27.984,587.664,2019-02-15 0:00:00,17:01:00,Credit card,559.68,4.761904716,27.984,6.4,Evening,Friday,February,Good
137-63-5492,Banjara Hills,Hyderabad,Elite,Male,Bluetooth Speaker,Electronic accessories,58.76,10,29.38,616.98,2019-01-29 0:00:00,14:26:00,Ewallet,587.6,4.761904716,29.38,9,Afternoon,Tuesday,January,Good
137-74-8729,Hitech City,Hyderabad,Basic,Female,Baseball Cap,Fashion accessories,12.19,8,4.876,102.396,2019-03-13 0:00:00,12:47:00,Ewallet,97.52,4.761904716,4.876,6.8,Afternoon,Wednesday,March,Bad
138-17-5109,Indiranagar,Bangalore,Elite,Female,Coffee Mug,Home and lifestyle,89.21,9,40.1445,843.0345,2019-01-15 0:00:00,15:42:00,Credit card,802.89,4.761904716,40.1445,6.5,Afternoon,Tuesday,January,Good
139-20-0155,Andheri,Mumbai,Prime,Male,Mechanical Keyboard,Electronic accessories,40.3,10,20.15,423.15,2019-01-24 0:00:00,17:37:00,Credit card,403,4.761904716,20.15,7,Evening,Thursday,January,Good
139-32-4183,Indiranagar,Bangalore,Basic,Female,Gym Bag,Sports and travel,97.48,9,43.866,921.186,2019-03-14 0:00:00,14:19:00,Ewallet,877.32,4.761904716,43.866,7.4,Afternoon,Thursday,March,Good
139-52-2867,Hinjawadi,Pune,Prime,Female,Sunglasses,Fashion accessories,22.51,7,7.8785,165.4485,2019-02-13 0:00:00,10:50:00,Credit card,157.57,4.761904716,7.8785,4.8,Morning,Wednesday,February,Bad
142-63-6033,Rohini,Delhi,Prime,Male,Table Lamp,Home and lifestyle,92.36,5,23.09,484.89,2019-03-20 0:00:00,19:17:00,Ewallet,461.8,4.761904716,23.09,4.9,Evening,Wednesday,March,Good
142-72-4741,Banjara Hills,Hyderabad,Prime,Male,Wrist Watch,Fashion accessories,93.2,2,9.32,195.72,2019-02-28 0:00:00,18:37:00,Credit card,186.4,4.761904716,9.32,6,Evening,Thursday,February,Bad
144-51-6085,Andheri,Mumbai,Elite,Male,Wall Clock,Home and lifestyle,70.74,4,14.148,297.108,2019-01-05 0:00:00,16:05:00,Credit card,282.96,4.761904716,14.148,4.4,Evening,Saturday,January,Bad
145-94-9061,Hitech City,Hyderabad,Elite,Female,Oreo Biscuits,Food and beverages,88.36,5,22.09,463.89,2019-01-25 0:00:00,19:48:00,Cash,441.8,4.761904716,22.09,9.6,Evening,Friday,January,Good
146-09-5432,Saket,Delhi,Basic,Male,Nescafe Coffee,Food and beverages,35.04,9,15.768,331.128,2019-02-09 0:00:00,19:17:00,Ewallet,315.36,4.761904716,15.768,4.6,Evening,Saturday,February,Good
148-41-7930,Whitefield,Bangalore,Basic,Male,Shampoo,Health and beauty,99.96,7,34.986,734.706,2019-01-23 0:00:00,10:33:00,Cash,699.72,4.761904716,34.986,6.1,Morning,Wednesday,January,Good
148-82-2527,Indiranagar,Bangalore,Elite,Female,Coffee Mug,Home and lifestyle,12.12,10,6.06,127.26,2019-03-05 0:00:00,13:44:00,Credit card,121.2,4.761904716,6.06,8.4,Afternoon,Tuesday,March,Bad
149-14-0304,Powai,Mumbai,Elite,Female,Shampoo,Health and beauty,28.5,8,11.4,239.4,2019-02-06 0:00:00,14:24:00,Cash,228,4.761904716,11.4,6.6,Afternoon,Wednesday,February,Bad
149-15-7606,Baner,Pune,Elite,Male,Travel Backpack,Sports and travel,37.32,9,16.794,352.674,2019-03-06 0:00:00,15:31:00,Ewallet,335.88,4.761904716,16.794,5.1,Afternoon,Wednesday,March,Good
149-61-1929,Kharadi,Pune,Elite,Male,Cricket Bat,Sports and travel,64.19,10,32.095,673.995,2019-01-19 0:00:00,14:08:00,Credit card,641.9,4.761904716,32.095,6.7,Afternoon,Saturday,January,Good
149-71-6266,Gachibowli,Hyderabad,Prime,Male,Gym Bag,Sports and travel,78.07,9,35.1315,737.7615,2019-01-28 0:00:00,12:43:00,Cash,702.63,4.761904716,35.1315,4.5,Afternoon,Monday,January,Good
150-89-8043,Rohini,Delhi,Basic,Male,Yoga Mat,Sports and travel,44.65,3,6.6975,140.6475,2019-02-14 0:00:00,15:04:00,Cash,133.95,4.761904716,6.6975,6.2,Afternoon,Thursday,February,Bad
151-16-1484,Saket,Delhi,Basic,Male,Mechanical Keyboard,Electronic accessories,32.25,4,6.45,135.45,2019-02-13 0:00:00,12:38:00,Ewallet,129,4.761904716,6.45,6.5,Afternoon,Wednesday,February,Bad
151-27-8496,Bandra,Mumbai,Elite,Female,Wireless Mouse,Electronic accessories,56.13,4,11.226,235.746,2019-01-19 0:00:00,11:43:00,Ewallet,224.52,4.761904716,11.226,8.6,Morning,Saturday,January,Bad
151-33-7434,Gachibowli,Hyderabad,Prime,Female,Nescafe Coffee,Food and beverages,67.77,1,3.3885,71.1585,2019-02-04 0:00:00,20:43:00,Credit card,67.77,4.761904716,3.3885,6.5,Evening,Monday,February,Bad
152-03-4217,Andheri,Mumbai,Basic,Female,Bedsheet,Home and lifestyle,11.28,9,5.076,106.596,2019-03-17 0:00:00,11:55:00,Credit card,101.52,4.761904716,5.076,4.3,Morning,Sunday,March,Bad
152-08-9985,Kharadi,Pune,Elite,Male,Shampoo,Health and beauty,64.36,9,28.962,608.202,2019-03-12 0:00:00,12:09:00,Credit card,579.24,4.761904716,28.962,8.6,Afternoon,Tuesday,March,Good
152-68-2907,Saket,Delhi,Prime,Male,Lay's Chips,Food and beverages,52.2,3,7.83,164.43,2019-02-15 0:00:00,13:30:00,Credit card,156.6,4.761904716,7.83,9.5,Afternoon,Friday,February,Bad
153-58-4872,Kharadi,Pune,Prime,Female,Nescafe Coffee,Food and beverages,74.89,4,14.978,314.538,2019-03-01 0:00:00,15:32:00,Ewallet,299.56,4.761904716,14.978,4.2,Afternoon,Friday,March,Bad
154-74-7179,Kharadi,Pune,Elite,Male,Cricket Bat,Sports and travel,54.45,1,2.7225,57.1725,2019-02-26 0:00:00,19:24:00,Ewallet,54.45,4.761904716,2.7225,7.9,Evening,Tuesday,February,Bad
154-87-7367,Rohini,Delhi,Prime,Male,Coffee Mug,Home and lifestyle,65.26,8,26.104,548.184,2019-03-15 0:00:00,14:04:00,Ewallet,522.08,4.761904716,26.104,6.3,Afternoon,Friday,March,Good
155-45-3814,Powai,Mumbai,Prime,Female,Bluetooth Speaker,Electronic accessories,88.55,8,35.42,743.82,2019-03-19 0:00:00,15:29:00,Ewallet,708.4,4.761904716,35.42,4.7,Afternoon,Tuesday,March,Good
156-20-0370,Connaught Place,Delhi,Basic,Female,Mechanical Keyboard,Electronic accessories,25.45,1,1.2725,26.7225,2019-03-10 0:00:00,18:10:00,Credit card,25.45,4.761904716,1.2725,5.1,Evening,Sunday,March,Bad
156-95-3964,Indiranagar,Bangalore,Elite,Female,Oreo Biscuits,Food and beverages,55.39,4,11.078,232.638,2019-03-25 0:00:00,15:19:00,Ewallet,221.56,4.761904716,11.078,8,Afternoon,Monday,March,Bad
157-13-5295,Powai,Mumbai,Basic,Male,Shampoo,Health and beauty,51.94,10,25.97,545.37,2019-03-09 0:00:00,18:24:00,Ewallet,519.4,4.761904716,25.97,6.5,Evening,Saturday,March,Good
160-22-2687,Koramangala,Bangalore,Basic,Female,Face Wash,Health and beauty,95.95,5,23.9875,503.7375,2019-01-23 0:00:00,14:21:00,Ewallet,479.75,4.761904716,23.9875,8.8,Afternoon,Wednesday,January,Good
162-48-8011,Connaught Place,Delhi,Prime,Female,Oreo Biscuits,Food and beverages,44.59,5,11.1475,234.0975,2019-02-10 0:00:00,15:10:00,Cash,222.95,4.761904716,11.1475,8.5,Afternoon,Sunday,February,Bad
162-65-8559,Saket,Delhi,Prime,Male,Tropicana Juice,Food and beverages,68.98,1,3.449,72.429,2019-01-21 0:00:00,20:13:00,Cash,68.98,4.761904716,3.449,4.8,Evening,Monday,January,Bad
163-56-7055,Whitefield,Bangalore,Elite,Male,Baseball Cap,Fashion accessories,48.71,1,2.4355,51.1455,2019-03-26 0:00:00,19:20:00,Cash,48.71,4.761904716,2.4355,4.1,Evening,Tuesday,March,Bad
166-19-2553,Indiranagar,Bangalore,Basic,Male,Travel Backpack,Sports and travel,89.06,6,26.718,561.078,2019-01-18 0:00:00,17:26:00,Cash,534.36,4.761904716,26.718,9.9,Evening,Friday,January,Good
169-52-4504,Bandra,Mumbai,Elite,Female,Bluetooth Speaker,Electronic accessories,15.69,3,2.3535,49.4235,2019-03-14 0:00:00,14:13:00,Credit card,47.07,4.761904716,2.3535,5.8,Afternoon,Thursday,March,Bad
172-42-8274,Indiranagar,Bangalore,Basic,Female,Bluetooth Speaker,Electronic accessories,38.27,2,3.827,80.367,2019-03-02 0:00:00,18:18:00,Credit card,76.54,4.761904716,3.827,5.8,Evening,Saturday,March,Bad
173-50-1108,Banjara Hills,Hyderabad,Elite,Female,Cricket Bat,Sports and travel,20.18,4,4.036,84.756,2019-02-13 0:00:00,12:14:00,Credit card,80.72,4.761904716,4.036,5,Afternoon,Wednesday,February,Bad
173-57-2300,Hitech City,Hyderabad,Basic,Male,Travel Backpack,Sports and travel,72.88,2,7.288,153.048,2019-03-13 0:00:00,12:51:00,Cash,145.76,4.761904716,7.288,6.1,Afternoon,Wednesday,March,Bad
173-82-9529,Hinjawadi,Pune,Basic,Female,Wrist Watch,Fashion accessories,37.95,10,18.975,398.475,2019-01-26 0:00:00,14:51:00,Cash,379.5,4.761904716,18.975,9.7,Afternoon,Saturday,January,Good
174-36-3675,Baner,Pune,Basic,Male,Tropicana Juice,Food and beverages,99.37,2,9.937,208.677,2019-02-14 0:00:00,17:29:00,Cash,198.74,4.761904716,9.937,5.2,Evening,Thursday,February,Bad
174-64-0215,Andheri,Mumbai,Basic,Male,Gym Bag,Sports and travel,69.74,10,34.87,732.27,2019-03-05 0:00:00,17:49:00,Credit card,697.4,4.761904716,34.87,8.9,Evening,Tuesday,March,Good
174-75-0888,Banjara Hills,Hyderabad,Basic,Male,Power Bank,Electronic accessories,21.58,9,9.711,203.931,2019-03-14 0:00:00,12:32:00,Cash,194.22,4.761904716,9.711,7.3,Afternoon,Thursday,March,Bad
175-54-2529,Rohini,Delhi,Elite,Male,Lay's Chips,Food and beverages,22.17,8,8.868,186.228,2019-03-03 0:00:00,17:01:00,Credit card,177.36,4.761904716,8.868,9.6,Evening,Sunday,March,Bad
176-64-7711,Koramangala,Bangalore,Basic,Male,Nescafe Coffee,Food and beverages,32.32,3,4.848,101.808,2019-03-27 0:00:00,19:11:00,Credit card,96.96,4.761904716,4.848,4.3,Evening,Wednesday,March,Bad
176-78-1170,Kharadi,Pune,Prime,Male,Body Lotion,Health and beauty,33.81,3,5.0715,106.5015,2019-01-26 0:00:00,15:11:00,Ewallet,101.43,4.761904716,5.0715,7.3,Afternoon,Saturday,January,Bad
181-82-6255,Saket,Delhi,Prime,Female,Table Lamp,Home and lifestyle,16.37,6,4.911,103.131,2019-02-08 0:00:00,10:58:00,Cash,98.22,4.761904716,4.911,7,Morning,Friday,February,Bad
181-94-6432,Andheri,Mumbai,Prime,Male,Baseball Cap,Fashion accessories,69.33,2,6.933,145.593,2019-02-05 0:00:00,19:05:00,Ewallet,138.66,4.761904716,6.933,9.7,Evening,Tuesday,February,Bad
182-52-7000,Baner,Pune,Elite,Female,Travel Backpack,Sports and travel,27.04,4,5.408,113.568,2019-01-01 0:00:00,20:26:00,Ewallet,108.16,4.761904716,5.408,6.9,Evening,Tuesday,January,Bad
182-69-8360,Hinjawadi,Pune,Prime,Female,Bluetooth Speaker,Electronic accessories,23.65,4,4.73,99.33,2019-01-30 0:00:00,13:32:00,Credit card,94.6,4.761904716,4.73,4,Afternoon,Wednesday,January,Bad
182-88-2763,Saket,Delhi,Prime,Male,Coca-Cola,Food and beverages,79.91,3,11.9865,251.7165,2019-03-20 0:00:00,19:28:00,Credit card,239.73,4.761904716,11.9865,5,Evening,Wednesday,March,Bad
183-21-3799,Andheri,Mumbai,Elite,Female,Wireless Mouse,Electronic accessories,77.63,9,34.9335,733.6035,2019-02-19 0:00:00,15:14:00,Ewallet,698.67,4.761904716,34.9335,7.2,Afternoon,Tuesday,February,Good
183-56-6882,Bandra,Mumbai,Prime,Female,Oreo Biscuits,Food and beverages,99.42,4,19.884,417.564,2019-02-06 0:00:00,10:42:00,Ewallet,397.68,4.761904716,19.884,7.5,Morning,Wednesday,February,Good
186-09-3669,Baner,Pune,Elite,Female,Sunscreen,Health and beauty,81.51,1,4.0755,85.5855,2019-01-22 0:00:00,10:57:00,Ewallet,81.51,4.761904716,4.0755,9.2,Morning,Tuesday,January,Bad
186-43-8965,Banjara Hills,Hyderabad,Elite,Female,Table Lamp,Home and lifestyle,47.68,2,4.768,100.128,2019-02-24 0:00:00,10:10:00,Credit card,95.36,4.761904716,4.768,4.1,Morning,Sunday,February,Bad
186-71-5196,Connaught Place,Delhi,Basic,Female,Coca-Cola,Food and beverages,79.54,2,7.954,167.034,2019-03-27 0:00:00,16:30:00,Ewallet,159.08,4.761904716,7.954,6.2,Evening,Wednesday,March,Bad
186-79-9562,Baner,Pune,Basic,Male,Sunscreen,Health and beauty,71.77,7,25.1195,527.5095,2019-03-29 0:00:00,14:06:00,Cash,502.39,4.761904716,25.1195,8.9,Afternoon,Friday,March,Good
187-83-5490,Kharadi,Pune,Basic,Male,Mechanical Keyboard,Electronic accessories,20.77,4,4.154,87.234,2019-01-31 0:00:00,13:47:00,Cash,83.08,4.761904716,4.154,4.7,Afternoon,Thursday,January,Bad
188-55-0967,Andheri,Mumbai,Basic,Male,Shampoo,Health and beauty,66.47,10,33.235,697.935,2019-01-15 0:00:00,15:01:00,Credit card,664.7,4.761904716,33.235,5,Afternoon,Tuesday,January,Good
189-08-9157,Powai,Mumbai,Elite,Female,Handbag,Fashion accessories,31.73,9,14.2785,299.8485,2019-01-08 0:00:00,16:17:00,Credit card,285.57,4.761904716,14.2785,5.9,Evening,Tuesday,January,Bad
189-17-4241,Powai,Mumbai,Basic,Female,Leather Wallet,Fashion accessories,87.67,2,8.767,184.107,2019-03-10 0:00:00,12:17:00,Credit card,175.34,4.761904716,8.767,7.7,Afternoon,Sunday,March,Bad
189-40-5216,Banjara Hills,Hyderabad,Elite,Male,USB Flash Drive,Electronic accessories,96.37,7,33.7295,708.3195,2019-01-09 0:00:00,11:40:00,Cash,674.59,4.761904716,33.7295,6,Morning,Wednesday,January,Good
189-52-0236,Saket,Delhi,Prime,Male,Mechanical Keyboard,Electronic accessories,99.55,7,34.8425,731.6925,2019-03-14 0:00:00,12:07:00,Cash,696.85,4.761904716,34.8425,7.6,Afternoon,Thursday,March,Good
189-55-2313,Whitefield,Bangalore,Prime,Female,Baseball Cap,Fashion accessories,62.18,10,31.09,652.89,2019-01-31 0:00:00,10:33:00,Ewallet,621.8,4.761904716,31.09,6,Morning,Thursday,January,Good
189-98-2939,Saket,Delhi,Elite,Male,Wrist Watch,Fashion accessories,78.55,9,35.3475,742.2975,2019-03-01 0:00:00,13:22:00,Cash,706.95,4.761904716,35.3475,7.2,Afternoon,Friday,March,Good
190-14-3147,Banjara Hills,Hyderabad,Elite,Female,Body Lotion,Health and beauty,17.97,4,3.594,75.474,2019-02-23 0:00:00,20:43:00,Ewallet,71.88,4.761904716,3.594,6.4,Evening,Saturday,February,Bad
190-59-3964,Rohini,Delhi,Prime,Male,Coca-Cola,Food and beverages,47.16,5,11.79,247.59,2019-02-03 0:00:00,14:35:00,Credit card,235.8,4.761904716,11.79,6,Afternoon,Sunday,February,Bad
191-10-6171,Bandra,Mumbai,Basic,Female,Leather Wallet,Fashion accessories,39.62,7,13.867,291.207,2019-01-25 0:00:00,13:18:00,Cash,277.34,4.761904716,13.867,7.5,Afternoon,Friday,January,Bad
191-29-0321,Rohini,Delhi,Elite,Female,Handbag,Fashion accessories,19.77,10,9.885,207.585,2019-02-27 0:00:00,18:57:00,Credit card,197.7,4.761904716,9.885,5,Evening,Wednesday,February,Bad
192-98-7397,Baner,Pune,Basic,Male,Sunglasses,Fashion accessories,12.78,1,0.639,13.419,2019-01-08 0:00:00,14:11:00,Ewallet,12.78,4.761904716,0.639,9.5,Afternoon,Tuesday,January,Bad
195-06-0432,Kharadi,Pune,Prime,Male,Table Lamp,Home and lifestyle,81.01,3,12.1515,255.1815,2019-01-13 0:00:00,12:55:00,Credit card,243.03,4.761904716,12.1515,9.3,Afternoon,Sunday,January,Bad
196-01-2849,Rohini,Delhi,Prime,Female,Leather Wallet,Fashion accessories,73.38,7,25.683,539.343,2019-02-10 0:00:00,13:56:00,Cash,513.66,4.761904716,25.683,9.5,Afternoon,Sunday,February,Good
197-77-7132,Koramangala,Bangalore,Basic,Male,USB Flash Drive,Electronic accessories,91.56,8,36.624,769.104,2019-01-12 0:00:00,18:22:00,Ewallet,732.48,4.761904716,36.624,6,Evening,Saturday,January,Good
198-66-9832,Whitefield,Bangalore,Elite,Female,Handbag,Fashion accessories,72.04,2,7.204,151.284,2019-02-04 0:00:00,19:38:00,Cash,144.08,4.761904716,7.204,9.5,Evening,Monday,February,Bad
198-84-7132,Hitech City,Hyderabad,Basic,Male,Wrist Watch,Fashion accessories,40.61,9,18.2745,383.7645,2019-01-02 0:00:00,13:40:00,Cash,365.49,4.761904716,18.2745,7,Afternoon,Wednesday,January,Good
199-75-8169,Powai,Mumbai,Basic,Male,Gym Bag,Sports and travel,15.81,10,7.905,166.005,2019-03-06 0:00:00,12:27:00,Credit card,158.1,4.761904716,7.905,8.6,Afternoon,Wednesday,March,Bad
200-16-5952,Indiranagar,Bangalore,Elite,Male,Coca-Cola,Food and beverages,65.65,2,6.565,137.865,2019-01-17 0:00:00,16:46:00,Cash,131.3,4.761904716,6.565,6,Evening,Thursday,January,Bad
200-40-6154,Bandra,Mumbai,Prime,Male,Wall Clock,Home and lifestyle,65.91,6,19.773,415.233,2019-02-09 0:00:00,11:45:00,Cash,395.46,4.761904716,19.773,5.7,Morning,Saturday,February,Good
201-63-8275,Banjara Hills,Hyderabad,Elite,Female,Gym Bag,Sports and travel,67.99,7,23.7965,499.7265,2019-02-17 0:00:00,16:50:00,Ewallet,475.93,4.761904716,23.7965,5.7,Evening,Sunday,February,Good
201-86-2184,Powai,Mumbai,Basic,Female,Wireless Mouse,Electronic accessories,26.26,7,9.191,193.011,2019-02-02 0:00:00,19:40:00,Cash,183.82,4.761904716,9.191,9.9,Evening,Saturday,February,Bad
207-73-1363,Hitech City,Hyderabad,Prime,Male,Lip Balm,Health and beauty,69.51,2,6.951,145.971,2019-03-01 0:00:00,12:15:00,Ewallet,139.02,4.761904716,6.951,8.1,Afternoon,Friday,March,Bad
209-61-0206,Kharadi,Pune,Elite,Female,Table Lamp,Home and lifestyle,42.91,5,10.7275,225.2775,2019-01-05 0:00:00,17:29:00,Ewallet,214.55,4.761904716,10.7275,6.1,Evening,Saturday,January,Bad
210-30-7976,Banjara Hills,Hyderabad,Basic,Female,Baseball Cap,Fashion accessories,22.32,4,4.464,93.744,2019-03-14 0:00:00,11:16:00,Ewallet,89.28,4.761904716,4.464,4.1,Morning,Thursday,March,Bad
210-57-1719,Indiranagar,Bangalore,Prime,Female,Face Wash,Health and beauty,58.24,9,26.208,550.368,2019-02-05 0:00:00,12:34:00,Cash,524.16,4.761904716,26.208,9.7,Afternoon,Tuesday,February,Good
210-67-5886,Gachibowli,Hyderabad,Basic,Female,Shampoo,Health and beauty,98.21,3,14.7315,309.3615,2019-02-05 0:00:00,10:41:00,Credit card,294.63,4.761904716,14.7315,7.8,Morning,Tuesday,February,Bad
210-74-9613,Bandra,Mumbai,Elite,Male,Wrist Watch,Fashion accessories,97.26,4,19.452,408.492,2019-03-16 0:00:00,15:33:00,Ewallet,389.04,4.761904716,19.452,6.8,Afternoon,Saturday,March,Good
211-05-0490,Connaught Place,Delhi,Prime,Female,Mechanical Keyboard,Electronic accessories,51.92,5,12.98,272.58,2019-03-03 0:00:00,13:42:00,Cash,259.6,4.761904716,12.98,7.5,Afternoon,Sunday,March,Bad
211-30-9270,Saket,Delhi,Elite,Male,Face Wash,Health and beauty,17.41,5,4.3525,91.4025,2019-01-28 0:00:00,15:16:00,Credit card,87.05,4.761904716,4.3525,4.9,Afternoon,Monday,January,Bad
212-62-1842,Saket,Delhi,Prime,Male,Nescafe Coffee,Food and beverages,58.26,6,17.478,367.038,2019-03-28 0:00:00,16:44:00,Cash,349.56,4.761904716,17.478,9.9,Evening,Thursday,March,Good
213-32-1216,Hinjawadi,Pune,Basic,Female,USB Flash Drive,Electronic accessories,66.06,6,19.818,416.178,2019-01-23 0:00:00,10:28:00,Cash,396.36,4.761904716,19.818,7.3,Morning,Wednesday,January,Good
213-72-6612,Rohini,Delhi,Prime,Male,Tropicana Juice,Food and beverages,43.25,2,4.325,90.825,2019-03-20 0:00:00,15:56:00,Cash,86.5,4.761904716,4.325,6.2,Afternoon,Wednesday,March,Bad
214-17-6927,Rohini,Delhi,Prime,Female,Oreo Biscuits,Food and beverages,16.48,6,4.944,103.824,2019-02-07 0:00:00,18:23:00,Ewallet,98.88,4.761904716,4.944,9.9,Evening,Thursday,February,Bad
214-30-2776,Hitech City,Hyderabad,Basic,Female,Wireless Mouse,Electronic accessories,34.49,5,8.6225,181.0725,2019-03-11 0:00:00,19:44:00,Credit card,172.45,4.761904716,8.6225,9,Evening,Monday,March,Bad
217-58-1179,Koramangala,Bangalore,Basic,Male,Bedsheet,Home and lifestyle,62.65,4,12.53,263.13,2019-01-05 0:00:00,11:25:00,Cash,250.6,4.761904716,12.53,4.2,Morning,Saturday,January,Bad
218-59-9410,Indiranagar,Bangalore,Basic,Female,Wall Clock,Home and lifestyle,72.42,3,10.863,228.123,2019-03-29 0:00:00,16:54:00,Ewallet,217.26,4.761904716,10.863,8.2,Evening,Friday,March,Bad
219-22-9386,Rohini,Delhi,Basic,Male,Football,Sports and travel,99.96,9,44.982,944.622,2019-03-09 0:00:00,17:26:00,Credit card,899.64,4.761904716,44.982,4.2,Evening,Saturday,March,Good
219-61-4139,Powai,Mumbai,Prime,Male,Wireless Mouse,Electronic accessories,83.08,1,4.154,87.234,2019-01-23 0:00:00,17:16:00,Ewallet,83.08,4.761904716,4.154,6.4,Evening,Wednesday,January,Bad
220-28-1851,Bandra,Mumbai,Prime,Male,Table Lamp,Home and lifestyle,34.73,2,3.473,72.933,2019-03-01 0:00:00,18:14:00,Ewallet,69.46,4.761904716,3.473,9.7,Evening,Friday,March,Bad
220-68-6701,Baner,Pune,Basic,Female,Storage Basket,Home and lifestyle,77.47,4,15.494,325.374,2019-03-17 0:00:00,16:36:00,Cash,309.88,4.761904716,15.494,4.2,Evening,Sunday,March,Good
221-25-5073,Indiranagar,Bangalore,Prime,Female,Oreo Biscuits,Food and beverages,74.66,4,14.932,313.572,2019-03-04 0:00:00,10:39:00,Cash,298.64,4.761904716,14.932,8.5,Morning,Monday,March,Bad
222-42-0244,Rohini,Delhi,Elite,Female,Lip Balm,Health and beauty,72.11,9,32.4495,681.4395,2019-01-28 0:00:00,13:53:00,Credit card,648.99,4.761904716,32.4495,7.7,Afternoon,Monday,January,Good
225-32-0908,Kharadi,Pune,Prime,Female,Gym Bag,Sports and travel,44.86,10,22.43,471.03,2019-01-26 0:00:00,19:54:00,Ewallet,448.6,4.761904716,22.43,8.2,Evening,Saturday,January,Good
225-98-1496,Andheri,Mumbai,Basic,Female,Baseball Cap,Fashion accessories,27.02,3,4.053,85.113,2019-03-02 0:00:00,13:01:00,Credit card,81.06,4.761904716,4.053,7.1,Afternoon,Saturday,March,Bad
226-31-3081,Kharadi,Pune,Prime,Female,Wireless Mouse,Electronic accessories,15.28,5,3.82,80.22,2019-03-08 0:00:00,10:29:00,Cash,76.4,4.761904716,3.82,9.6,Morning,Friday,March,Bad
226-34-0034,Baner,Pune,Elite,Female,Wireless Mouse,Electronic accessories,13.78,4,2.756,57.876,2019-01-10 0:00:00,11:10:00,Ewallet,55.12,4.761904716,2.756,9,Morning,Thursday,January,Bad
226-71-3580,Hinjawadi,Pune,Elite,Female,Cricket Bat,Sports and travel,23.75,9,10.6875,224.4375,2019-01-31 0:00:00,12:02:00,Cash,213.75,4.761904716,10.6875,9.5,Afternoon,Thursday,January,Bad
227-03-5010,Connaught Place,Delhi,Prime,Female,Storage Basket,Home and lifestyle,52.59,8,21.036,441.756,2019-03-22 0:00:00,19:20:00,Credit card,420.72,4.761904716,21.036,8.5,Evening,Friday,March,Good
227-07-4446,Bandra,Mumbai,Elite,Female,USB Flash Drive,Electronic accessories,78.13,10,39.065,820.365,2019-02-10 0:00:00,20:51:00,Cash,781.3,4.761904716,39.065,4.4,Evening,Sunday,February,Good
227-50-3718,Banjara Hills,Hyderabad,Basic,Male,Shampoo,Health and beauty,14.62,5,3.655,76.755,2019-03-04 0:00:00,12:23:00,Cash,73.1,4.761904716,3.655,4.4,Afternoon,Monday,March,Bad
227-78-1148,Saket,Delhi,Elite,Female,Leather Wallet,Fashion accessories,72.84,7,25.494,535.374,2019-02-15 0:00:00,12:44:00,Cash,509.88,4.761904716,25.494,8.4,Afternoon,Friday,February,Good
228-96-1411,Whitefield,Bangalore,Basic,Female,Tropicana Juice,Food and beverages,98.7,8,39.48,829.08,2019-03-04 0:00:00,20:39:00,Cash,789.6,4.761904716,39.48,7.6,Evening,Monday,March,Good
232-11-3025,Gachibowli,Hyderabad,Prime,Male,Travel Backpack,Sports and travel,78.77,10,39.385,827.085,2019-01-24 0:00:00,10:04:00,Cash,787.7,4.761904716,39.385,6.4,Morning,Thursday,January,Good
232-16-2483,Kharadi,Pune,Prime,Female,Gym Bag,Sports and travel,68.12,1,3.406,71.526,2019-01-07 0:00:00,12:28:00,Ewallet,68.12,4.761904716,3.406,6.8,Afternoon,Monday,January,Bad
233-34-0817,Powai,Mumbai,Basic,Female,Bluetooth Speaker,Electronic accessories,98.84,1,4.942,103.782,2019-02-15 0:00:00,11:21:00,Cash,98.84,4.761904716,4.942,8.4,Morning,Friday,February,Bad
233-67-5758,Hinjawadi,Pune,Prime,Male,Lip Balm,Health and beauty,40.35,1,2.0175,42.3675,2019-01-29 0:00:00,13:46:00,Ewallet,40.35,4.761904716,2.0175,6.2,Afternoon,Tuesday,January,Bad
234-03-4040,Banjara Hills,Hyderabad,Basic,Female,Tropicana Juice,Food and beverages,73.05,10,36.525,767.025,2019-03-03 0:00:00,12:25:00,Credit card,730.5,4.761904716,36.525,8.7,Afternoon,Sunday,March,Good
234-36-2483,Andheri,Mumbai,Elite,Male,Sunscreen,Health and beauty,57.59,6,17.277,362.817,2019-02-15 0:00:00,13:51:00,Cash,345.54,4.761904716,17.277,5.1,Afternoon,Friday,February,Good
234-65-2137,Banjara Hills,Hyderabad,Prime,Male,Storage Basket,Home and lifestyle,95.58,10,47.79,1003.59,2019-01-16 0:00:00,13:32:00,Cash,955.8,4.761904716,47.79,4.8,Afternoon,Wednesday,January,Good
235-06-8510,Baner,Pune,Basic,Male,Wall Clock,Home and lifestyle,85.72,3,12.858,270.018,2019-01-24 0:00:00,20:59:00,Ewallet,257.16,4.761904716,12.858,5.1,Evening,Thursday,January,Bad
235-46-8343,Baner,Pune,Prime,Male,Oreo Biscuits,Food and beverages,27.66,10,13.83,290.43,2019-02-14 0:00:00,11:26:00,Credit card,276.6,4.761904716,13.83,8.9,Morning,Thursday,February,Bad
236-27-1144,Whitefield,Bangalore,Elite,Female,Coca-Cola,Food and beverages,16.31,9,7.3395,154.1295,2019-03-26 0:00:00,10:31:00,Ewallet,146.79,4.761904716,7.3395,8.4,Morning,Tuesday,March,Bad
236-86-3015,Saket,Delhi,Elite,Male,Storage Basket,Home and lifestyle,13.98,1,0.699,14.679,2019-02-04 0:00:00,13:38:00,Ewallet,13.98,4.761904716,0.699,9.8,Afternoon,Monday,February,Bad
237-01-6122,Powai,Mumbai,Elite,Female,Wall Clock,Home and lifestyle,80.79,9,36.3555,763.4655,2019-02-01 0:00:00,20:31:00,Credit card,727.11,4.761904716,36.3555,9.5,Evening,Friday,February,Good
237-44-6163,Connaught Place,Delhi,Elite,Male,Power Bank,Electronic accessories,10.56,8,4.224,88.704,2019-01-24 0:00:00,17:43:00,Cash,84.48,4.761904716,4.224,7.6,Evening,Thursday,January,Bad
238-45-6950,Andheri,Mumbai,Basic,Male,Nescafe Coffee,Food and beverages,53.72,1,2.686,56.406,2019-03-01 0:00:00,20:03:00,Ewallet,53.72,4.761904716,2.686,6.4,Evening,Friday,March,Bad
238-49-0436,Banjara Hills,Hyderabad,Basic,Male,Face Wash,Health and beauty,32.46,8,12.984,272.664,2019-03-27 0:00:00,13:48:00,Credit card,259.68,4.761904716,12.984,4.9,Afternoon,Wednesday,March,Bad
239-10-7476,Saket,Delhi,Basic,Female,Bedsheet,Home and lifestyle,77.95,6,23.385,491.085,2019-01-21 0:00:00,16:37:00,Ewallet,467.7,4.761904716,23.385,8,Evening,Monday,January,Good
239-36-3640,Whitefield,Bangalore,Basic,Male,Wireless Mouse,Electronic accessories,45.35,6,13.605,285.705,2019-01-31 0:00:00,13:44:00,Ewallet,272.1,4.761904716,13.605,6.1,Afternoon,Thursday,January,Bad
239-48-4278,Kharadi,Pune,Elite,Male,Coca-Cola,Food and beverages,10.13,7,3.5455,74.4555,2019-03-10 0:00:00,19:35:00,Ewallet,70.91,4.761904716,3.5455,8.3,Evening,Sunday,March,Bad
241-11-2261,Indiranagar,Bangalore,Basic,Female,Wrist Watch,Fashion accessories,79.86,7,27.951,586.971,2019-01-10 0:00:00,10:33:00,Credit card,559.02,4.761904716,27.951,5.5,Morning,Thursday,January,Good
241-72-9525,Hinjawadi,Pune,Prime,Male,Travel Backpack,Sports and travel,51.91,10,25.955,545.055,2019-02-16 0:00:00,12:21:00,Cash,519.1,4.761904716,25.955,8.2,Afternoon,Saturday,February,Good
241-96-5076,Powai,Mumbai,Prime,Female,Wall Clock,Home and lifestyle,49.1,2,4.91,103.11,2019-01-08 0:00:00,12:58:00,Credit card,98.2,4.761904716,4.91,6.4,Afternoon,Tuesday,January,Bad
242-11-3142,Gachibowli,Hyderabad,Elite,Male,Baseball Cap,Fashion accessories,83.77,2,8.377,175.917,2019-02-24 0:00:00,19:57:00,Cash,167.54,4.761904716,8.377,4.6,Evening,Sunday,February,Bad
242-55-6721,Hitech City,Hyderabad,Basic,Male,Bedsheet,Home and lifestyle,16.16,2,1.616,33.936,2019-03-07 0:00:00,11:49:00,Ewallet,32.32,4.761904716,1.616,6.5,Morning,Thursday,March,Bad
243-47-2663,Hitech City,Hyderabad,Elite,Male,Mechanical Keyboard,Electronic accessories,18.77,6,5.631,118.251,2019-01-28 0:00:00,16:43:00,Credit card,112.62,4.761904716,5.631,5.5,Evening,Monday,January,Bad
243-55-8457,Indiranagar,Bangalore,Basic,Female,Coca-Cola,Food and beverages,74.44,10,37.22,781.62,2019-02-27 0:00:00,11:40:00,Ewallet,744.4,4.761904716,37.22,5.1,Morning,Wednesday,February,Good
244-08-0162,Saket,Delhi,Elite,Female,Body Lotion,Health and beauty,34.21,10,17.105,359.205,2019-01-02 0:00:00,13:00:00,Cash,342.1,4.761904716,17.105,5.1,Afternoon,Wednesday,January,Good
246-11-3901,Saket,Delhi,Elite,Female,Bluetooth Speaker,Electronic accessories,32.8,10,16.4,344.4,2019-02-15 0:00:00,12:12:00,Cash,328,4.761904716,16.4,6.2,Afternoon,Friday,February,Good
246-55-6923,Hinjawadi,Pune,Prime,Female,Table Lamp,Home and lifestyle,35.79,9,16.1055,338.2155,2019-03-10 0:00:00,15:06:00,Credit card,322.11,4.761904716,16.1055,5.1,Afternoon,Sunday,March,Good
247-11-2470,Baner,Pune,Elite,Female,Sunglasses,Fashion accessories,22.32,4,4.464,93.744,2019-03-01 0:00:00,16:23:00,Credit card,89.28,4.761904716,4.464,4.4,Evening,Friday,March,Bad
249-42-3782,Connaught Place,Delhi,Basic,Male,Lip Balm,Health and beauty,70.01,5,17.5025,367.5525,2019-01-03 0:00:00,11:36:00,Ewallet,350.05,4.761904716,17.5025,5.5,Morning,Thursday,January,Good
250-17-5703,Rohini,Delhi,Basic,Male,Oreo Biscuits,Food and beverages,18.85,10,9.425,197.925,2019-02-27 0:00:00,18:24:00,Ewallet,188.5,4.761904716,9.425,5.6,Evening,Wednesday,February,Bad
250-81-7186,Hitech City,Hyderabad,Basic,Female,Mechanical Keyboard,Electronic accessories,99.69,1,4.9845,104.6745,2019-02-27 0:00:00,10:23:00,Credit card,99.69,4.761904716,4.9845,8,Morning,Wednesday,February,Bad
252-56-2699,Hinjawadi,Pune,Prime,Male,Coca-Cola,Food and beverages,43.19,10,21.595,453.495,2019-02-07 0:00:00,16:48:00,Ewallet,431.9,4.761904716,21.595,8.2,Evening,Thursday,February,Good
253-12-6086,Bandra,Mumbai,Basic,Female,Cricket Bat,Sports and travel,98.4,7,34.44,723.24,2019-03-12 0:00:00,12:43:00,Credit card,688.8,4.761904716,34.44,8.7,Afternoon,Tuesday,March,Good
254-31-0042,Baner,Pune,Prime,Male,USB Flash Drive,Electronic accessories,21.5,9,9.675,203.175,2019-03-06 0:00:00,12:46:00,Credit card,193.5,4.761904716,9.675,7.8,Afternoon,Wednesday,March,Bad
256-08-8343,Indiranagar,Bangalore,Elite,Female,Coffee Mug,Home and lifestyle,56.53,4,11.306,237.426,2019-03-04 0:00:00,19:48:00,Ewallet,226.12,4.761904716,11.306,5.5,Evening,Monday,March,Bad
256-58-3609,Indiranagar,Bangalore,Prime,Male,Baseball Cap,Fashion accessories,91.98,1,4.599,96.579,2019-03-18 0:00:00,15:29:00,Cash,91.98,4.761904716,4.599,9.8,Afternoon,Monday,March,Bad
257-60-7754,Bandra,Mumbai,Prime,Female,Wireless Mouse,Electronic accessories,50.23,4,10.046,210.966,2019-01-08 0:00:00,17:12:00,Cash,200.92,4.761904716,10.046,9,Evening,Tuesday,January,Bad
257-73-1380,Saket,Delhi,Elite,Male,Travel Backpack,Sports and travel,82.93,4,16.586,348.306,2019-01-20 0:00:00,16:51:00,Ewallet,331.72,4.761904716,16.586,9.6,Evening,Sunday,January,Good
258-69-7810,Andheri,Mumbai,Prime,Female,Baseball Cap,Fashion accessories,36.85,5,9.2125,193.4625,2019-01-26 0:00:00,18:53:00,Cash,184.25,4.761904716,9.2125,9.2,Evening,Saturday,January,Bad
258-92-7466,Whitefield,Bangalore,Elite,Female,Shampoo,Health and beauty,35.68,5,8.92,187.32,2019-02-06 0:00:00,18:33:00,Credit card,178.4,4.761904716,8.92,6.6,Evening,Wednesday,February,Bad
261-12-8671,Connaught Place,Delhi,Elite,Female,Wrist Watch,Fashion accessories,60.96,2,6.096,128.016,2019-01-25 0:00:00,19:39:00,Credit card,121.92,4.761904716,6.096,4.9,Evening,Friday,January,Bad
262-47-2794,Connaught Place,Delhi,Basic,Male,Coffee Mug,Home and lifestyle,71.86,8,28.744,603.624,2019-03-06 0:00:00,15:07:00,Credit card,574.88,4.761904716,28.744,6.2,Afternoon,Wednesday,March,Good
263-10-3913,Baner,Pune,Basic,Male,Sunglasses,Fashion accessories,49.04,9,22.068,463.428,2019-01-09 0:00:00,14:20:00,Credit card,441.36,4.761904716,22.068,8.6,Afternoon,Wednesday,January,Good
263-12-5321,Rohini,Delhi,Elite,Male,Bluetooth Speaker,Electronic accessories,92.6,7,32.41,680.61,2019-02-27 0:00:00,12:52:00,Credit card,648.2,4.761904716,32.41,9.3,Afternoon,Wednesday,February,Good
263-87-5680,Baner,Pune,Basic,Female,Storage Basket,Home and lifestyle,28.53,10,14.265,299.565,2019-03-18 0:00:00,17:38:00,Ewallet,285.3,4.761904716,14.265,7.8,Evening,Monday,March,Bad
266-20-6657,Banjara Hills,Hyderabad,Prime,Male,Oreo Biscuits,Food and beverages,55.04,7,19.264,404.544,2019-03-12 0:00:00,19:39:00,Ewallet,385.28,4.761904716,19.264,5.2,Evening,Tuesday,March,Good
266-76-6436,Baner,Pune,Basic,Female,Nescafe Coffee,Food and beverages,38.6,3,5.79,121.59,2019-03-28 0:00:00,13:57:00,Ewallet,115.8,4.761904716,5.79,7.5,Afternoon,Thursday,March,Bad
267-62-7380,Saket,Delhi,Elite,Male,USB Flash Drive,Electronic accessories,82.34,10,41.17,864.57,2019-03-29 0:00:00,19:12:00,Ewallet,823.4,4.761904716,41.17,4.3,Evening,Friday,March,Good
268-03-6164,Connaught Place,Delhi,Basic,Male,Lip Balm,Health and beauty,96.11,1,4.8055,100.9155,2019-01-25 0:00:00,16:28:00,Ewallet,96.11,4.761904716,4.8055,7.8,Evening,Friday,January,Bad
268-20-3585,Hitech City,Hyderabad,Prime,Female,Shampoo,Health and beauty,13.85,9,6.2325,130.8825,2019-02-04 0:00:00,12:50:00,Ewallet,124.65,4.761904716,6.2325,6,Afternoon,Monday,February,Bad
268-27-6179,Connaught Place,Delhi,Elite,Female,Baseball Cap,Fashion accessories,56.47,8,22.588,474.348,2019-03-09 0:00:00,14:57:00,Ewallet,451.76,4.761904716,22.588,7.3,Afternoon,Saturday,March,Good
269-04-5750,Hinjawadi,Pune,Prime,Male,Wrist Watch,Fashion accessories,73.82,4,14.764,310.044,2019-02-21 0:00:00,18:31:00,Cash,295.28,4.761904716,14.764,6.7,Evening,Thursday,February,Bad
269-10-8440,Andheri,Mumbai,Prime,Male,Lip Balm,Health and beauty,53.17,7,18.6095,390.7995,2019-01-21 0:00:00,18:01:00,Cash,372.19,4.761904716,18.6095,8.9,Evening,Monday,January,Good
271-77-8740,Hitech City,Hyderabad,Basic,Female,Football,Sports and travel,29.22,6,8.766,184.086,2019-01-01 0:00:00,11:40:00,Ewallet,175.32,4.761904716,8.766,5,Morning,Tuesday,January,Bad
271-88-8734,Indiranagar,Bangalore,Basic,Female,Sunglasses,Fashion accessories,97.21,10,48.605,1020.705,2019-02-08 0:00:00,13:00:00,Credit card,972.1,4.761904716,48.605,8.7,Afternoon,Friday,February,Good
272-27-9238,Indiranagar,Bangalore,Elite,Female,Nescafe Coffee,Food and beverages,41.24,4,8.248,173.208,2019-02-19 0:00:00,16:23:00,Cash,164.96,4.761904716,8.248,7.1,Evening,Tuesday,February,Bad
272-65-1806,Kharadi,Pune,Basic,Female,Power Bank,Electronic accessories,60.88,9,27.396,575.316,2019-01-15 0:00:00,17:17:00,Ewallet,547.92,4.761904716,27.396,4.7,Evening,Tuesday,January,Good
273-16-6619,Whitefield,Bangalore,Elite,Male,Table Lamp,Home and lifestyle,33.2,2,3.32,69.72,2019-03-15 0:00:00,12:20:00,Credit card,66.4,4.761904716,3.32,4.4,Afternoon,Friday,March,Bad
273-84-2164,Indiranagar,Bangalore,Basic,Male,USB Flash Drive,Electronic accessories,12.05,5,3.0125,63.2625,2019-02-16 0:00:00,15:53:00,Ewallet,60.25,4.761904716,3.0125,5.5,Afternoon,Saturday,February,Bad
274-05-5470,Saket,Delhi,Elite,Female,Oreo Biscuits,Food and beverages,73.47,4,14.694,308.574,2019-02-23 0:00:00,18:30:00,Cash,293.88,4.761904716,14.694,6,Evening,Saturday,February,Bad
275-28-0149,Connaught Place,Delhi,Prime,Male,Gym Bag,Sports and travel,63.69,1,3.1845,66.8745,2019-02-25 0:00:00,16:21:00,Cash,63.69,4.761904716,3.1845,6,Evening,Monday,February,Bad
276-54-0879,Andheri,Mumbai,Basic,Male,Gym Bag,Sports and travel,97.74,4,19.548,410.508,2019-03-12 0:00:00,19:53:00,Ewallet,390.96,4.761904716,19.548,6.4,Evening,Tuesday,March,Good
276-75-6884,Koramangala,Bangalore,Elite,Female,Shampoo,Health and beauty,68.71,3,10.3065,216.4365,2019-03-04 0:00:00,10:05:00,Cash,206.13,4.761904716,10.3065,8.7,Morning,Monday,March,Bad
277-35-5865,Baner,Pune,Basic,Female,Coca-Cola,Food and beverages,98.97,9,44.5365,935.2665,2019-03-09 0:00:00,11:23:00,Cash,890.73,4.761904716,44.5365,6.7,Morning,Saturday,March,Good
277-63-2961,Hinjawadi,Pune,Basic,Male,Football,Sports and travel,73.97,1,3.6985,77.6685,2019-02-03 0:00:00,15:53:00,Credit card,73.97,4.761904716,3.6985,5.4,Afternoon,Sunday,February,Bad
278-86-2735,Hitech City,Hyderabad,Prime,Female,Oreo Biscuits,Food and beverages,52.34,3,7.851,164.871,2019-03-27 0:00:00,14:03:00,Cash,157.02,4.761904716,7.851,9.2,Afternoon,Wednesday,March,Bad
278-97-7759,Koramangala,Bangalore,Basic,Female,Wireless Mouse,Electronic accessories,62.48,1,3.124,65.604,2019-02-18 0:00:00,20:29:00,Cash,62.48,4.761904716,3.124,4.7,Evening,Monday,February,Bad
279-62-1445,Saket,Delhi,Elite,Female,Handbag,Fashion accessories,12.54,1,0.627,13.167,2019-02-21 0:00:00,12:38:00,Cash,12.54,4.761904716,0.627,8.2,Afternoon,Thursday,February,Bad
279-74-2924,Baner,Pune,Elite,Male,Power Bank,Electronic accessories,72.17,1,3.6085,75.7785,2019-01-04 0:00:00,19:40:00,Cash,72.17,4.761904716,3.6085,6.1,Evening,Friday,January,Bad
280-17-4359,Banjara Hills,Hyderabad,Prime,Male,Lip Balm,Health and beauty,90.5,10,45.25,950.25,2019-01-25 0:00:00,13:48:00,Cash,905,4.761904716,45.25,8.1,Afternoon,Friday,January,Good
280-35-5823,Kharadi,Pune,Prime,Female,Table Lamp,Home and lifestyle,86.72,1,4.336,91.056,2019-01-17 0:00:00,18:45:00,Ewallet,86.72,4.761904716,4.336,7.9,Evening,Thursday,January,Bad
282-35-2475,Kharadi,Pune,Elite,Female,Cricket Bat,Sports and travel,93.31,2,9.331,195.951,2019-03-25 0:00:00,17:53:00,Cash,186.62,4.761904716,9.331,6.3,Evening,Monday,March,Bad
283-26-5248,Rohini,Delhi,Basic,Female,Oreo Biscuits,Food and beverages,98.52,10,49.26,1034.46,2019-01-30 0:00:00,20:23:00,Ewallet,985.2,4.761904716,49.26,4.5,Evening,Wednesday,January,Good
283-79-9594,Bandra,Mumbai,Elite,Female,Tropicana Juice,Food and beverages,48.51,7,16.9785,356.5485,2019-01-25 0:00:00,13:30:00,Credit card,339.57,4.761904716,16.9785,5.2,Afternoon,Friday,January,Good
284-34-9626,Connaught Place,Delhi,Basic,Female,Bedsheet,Home and lifestyle,77.04,3,11.556,242.676,2019-02-11 0:00:00,10:39:00,Credit card,231.12,4.761904716,11.556,7.2,Morning,Monday,February,Bad
284-54-4231,Banjara Hills,Hyderabad,Prime,Male,Yoga Mat,Sports and travel,80.93,1,4.0465,84.9765,2019-01-19 0:00:00,16:08:00,Credit card,80.93,4.761904716,4.0465,9,Evening,Saturday,January,Bad
285-68-5083,Gachibowli,Hyderabad,Prime,Female,Football,Sports and travel,24.74,3,3.711,77.931,2019-02-15 0:00:00,17:47:00,Credit card,74.22,4.761904716,3.711,9.9,Evening,Friday,February,Bad
286-01-5402,Whitefield,Bangalore,Basic,Female,Football,Sports and travel,40.23,7,14.0805,295.6905,2019-03-30 0:00:00,13:22:00,Cash,281.61,4.761904716,14.0805,9.6,Afternoon,Saturday,March,Bad
286-43-6208,Bandra,Mumbai,Elite,Female,Coca-Cola,Food and beverages,87.8,9,39.51,829.71,2019-03-16 0:00:00,19:08:00,Cash,790.2,4.761904716,39.51,9.2,Evening,Saturday,March,Good
286-62-6248,Kharadi,Pune,Basic,Male,Handbag,Fashion accessories,39.21,4,7.842,164.682,2019-01-16 0:00:00,20:03:00,Credit card,156.84,4.761904716,7.842,9,Evening,Wednesday,January,Bad
286-75-7818,Banjara Hills,Hyderabad,Basic,Male,Wrist Watch,Fashion accessories,69.08,2,6.908,145.068,2019-01-31 0:00:00,19:48:00,Credit card,138.16,4.761904716,6.908,6.9,Evening,Thursday,January,Bad
287-21-9091,Powai,Mumbai,Elite,Male,Bedsheet,Home and lifestyle,74.67,9,33.6015,705.6315,2019-01-22 0:00:00,10:55:00,Ewallet,672.03,4.761904716,33.6015,9.4,Morning,Tuesday,January,Good
287-83-1405,Saket,Delhi,Prime,Male,Face Wash,Health and beauty,25.43,6,7.629,160.209,2019-02-12 0:00:00,19:01:00,Ewallet,152.58,4.761904716,7.629,7,Evening,Tuesday,February,Bad
288-38-3758,Whitefield,Bangalore,Basic,Female,Baseball Cap,Fashion accessories,84.87,3,12.7305,267.3405,2019-01-25 0:00:00,18:30:00,Ewallet,254.61,4.761904716,12.7305,7.4,Evening,Friday,January,Bad
288-62-1085,Whitefield,Bangalore,Prime,Male,Baseball Cap,Fashion accessories,38.54,5,9.635,202.335,2019-01-09 0:00:00,13:34:00,Ewallet,192.7,4.761904716,9.635,5.6,Afternoon,Wednesday,January,Bad
289-15-7034,Hitech City,Hyderabad,Prime,Male,Cricket Bat,Sports and travel,82.33,4,16.466,345.786,2019-01-11 0:00:00,10:37:00,Credit card,329.32,4.761904716,16.466,7.5,Morning,Friday,January,Good
289-65-5721,Saket,Delhi,Elite,Female,Baseball Cap,Fashion accessories,81.37,2,8.137,170.877,2019-01-26 0:00:00,19:28:00,Cash,162.74,4.761904716,8.137,6.5,Evening,Saturday,January,Bad
290-68-2984,Whitefield,Bangalore,Prime,Male,Bedsheet,Home and lifestyle,23.75,4,4.75,99.75,2019-03-16 0:00:00,11:22:00,Cash,95,4.761904716,4.75,5.2,Morning,Saturday,March,Bad
291-21-5991,Banjara Hills,Hyderabad,Prime,Male,Face Wash,Health and beauty,61.29,5,15.3225,321.7725,2019-03-29 0:00:00,14:28:00,Cash,306.45,4.761904716,15.3225,7,Afternoon,Friday,March,Bad
291-32-1427,Gachibowli,Hyderabad,Basic,Male,Sunglasses,Fashion accessories,21.94,5,5.485,115.185,2019-03-05 0:00:00,12:29:00,Ewallet,109.7,4.761904716,5.485,5.3,Afternoon,Tuesday,March,Bad
291-55-6563,Koramangala,Bangalore,Prime,Female,Wall Clock,Home and lifestyle,34.42,6,10.326,216.846,2019-03-30 0:00:00,12:45:00,Ewallet,206.52,4.761904716,10.326,7.5,Afternoon,Saturday,March,Bad
291-59-1384,Koramangala,Bangalore,Prime,Male,Wireless Mouse,Electronic accessories,60.3,1,3.015,63.315,2019-02-28 0:00:00,17:38:00,Cash,60.3,4.761904716,3.015,6,Evening,Thursday,February,Bad
296-11-7041,Kharadi,Pune,Elite,Female,Face Wash,Health and beauty,27.07,1,1.3535,28.4235,2019-01-12 0:00:00,20:07:00,Credit card,27.07,4.761904716,1.3535,5.3,Evening,Saturday,January,Bad
299-29-0180,Andheri,Mumbai,Elite,Female,Coffee Mug,Home and lifestyle,52.18,7,18.263,383.523,2019-03-09 0:00:00,10:54:00,Cash,365.26,4.761904716,18.263,9.3,Morning,Saturday,March,Good
299-46-1805,Koramangala,Bangalore,Elite,Female,Cricket Bat,Sports and travel,93.72,6,28.116,590.436,2019-01-15 0:00:00,16:19:00,Cash,562.32,4.761904716,28.116,4.5,Evening,Tuesday,January,Good
300-71-4605,Kharadi,Pune,Basic,Male,USB Flash Drive,Electronic accessories,86.04,5,21.51,451.71,2019-02-25 0:00:00,11:24:00,Ewallet,430.2,4.761904716,21.51,4.8,Morning,Monday,February,Good
301-11-9629,Kharadi,Pune,Basic,Female,Gym Bag,Sports and travel,19.1,7,6.685,140.385,2019-01-15 0:00:00,10:43:00,Cash,133.7,4.761904716,6.685,9.7,Morning,Tuesday,January,Bad
301-81-8610,Powai,Mumbai,Prime,Male,Wrist Watch,Fashion accessories,25.42,8,10.168,213.528,2019-03-19 0:00:00,19:42:00,Credit card,203.36,4.761904716,10.168,6.7,Evening,Tuesday,March,Bad
302-15-2162,Hinjawadi,Pune,Basic,Male,Body Lotion,Health and beauty,46.53,6,13.959,293.139,2019-03-03 0:00:00,10:54:00,Credit card,279.18,4.761904716,13.959,4.3,Morning,Sunday,March,Bad
303-96-2227,Baner,Pune,Basic,Female,Wall Clock,Home and lifestyle,97.38,10,48.69,1022.49,2019-03-02 0:00:00,17:16:00,Ewallet,973.8,4.761904716,48.69,4.4,Evening,Saturday,March,Good
305-03-2383,Connaught Place,Delhi,Elite,Female,Tropicana Juice,Food and beverages,67.1,3,10.065,211.365,2019-02-15 0:00:00,10:36:00,Cash,201.3,4.761904716,10.065,7.5,Morning,Friday,February,Bad
305-14-0245,Hitech City,Hyderabad,Basic,Female,Wall Clock,Home and lifestyle,94.49,8,37.796,793.716,2019-03-03 0:00:00,19:00:00,Ewallet,755.92,4.761904716,37.796,7.5,Evening,Sunday,March,Good
305-18-3552,Powai,Mumbai,Prime,Male,Table Lamp,Home and lifestyle,60.38,10,30.19,633.99,2019-02-12 0:00:00,16:19:00,Cash,603.8,4.761904716,30.19,6,Evening,Tuesday,February,Good
305-89-2768,Saket,Delhi,Basic,Female,Bedsheet,Home and lifestyle,21.9,3,3.285,68.985,2019-01-09 0:00:00,18:43:00,Ewallet,65.7,4.761904716,3.285,4.7,Evening,Wednesday,January,Bad
307-04-2070,Koramangala,Bangalore,Prime,Female,Leather Wallet,Fashion accessories,30.62,1,1.531,32.151,2019-02-05 0:00:00,14:14:00,Credit card,30.62,4.761904716,1.531,4.1,Afternoon,Tuesday,February,Bad
307-83-9164,Baner,Pune,Prime,Male,Bedsheet,Home and lifestyle,60.01,4,12.002,252.042,2019-01-25 0:00:00,15:54:00,Cash,240.04,4.761904716,12.002,4.5,Afternoon,Friday,January,Bad
307-85-2293,Hitech City,Hyderabad,Elite,Male,Wall Clock,Home and lifestyle,50.28,5,12.57,263.97,2019-03-07 0:00:00,13:58:00,Ewallet,251.4,4.761904716,12.57,9.7,Afternoon,Thursday,March,Bad
308-39-1707,Andheri,Mumbai,Basic,Female,Leather Wallet,Fashion accessories,12.09,1,0.6045,12.6945,2019-01-26 0:00:00,18:19:00,Credit card,12.09,4.761904716,0.6045,8.2,Evening,Saturday,January,Bad
308-47-4913,Gachibowli,Hyderabad,Prime,Female,Football,Sports and travel,52.26,10,26.13,548.73,2019-03-09 0:00:00,12:45:00,Credit card,522.6,4.761904716,26.13,6.2,Afternoon,Saturday,March,Good
308-81-0538,Hinjawadi,Pune,Basic,Female,Handbag,Fashion accessories,73.05,4,14.61,306.81,2019-02-25 0:00:00,17:16:00,Credit card,292.2,4.761904716,14.61,4.9,Evening,Monday,February,Bad
311-13-6971,Hitech City,Hyderabad,Prime,Male,Gym Bag,Sports and travel,31.99,10,15.995,335.895,2019-02-20 0:00:00,15:18:00,Credit card,319.9,4.761904716,15.995,9.9,Afternoon,Wednesday,February,Good
313-66-9943,Hitech City,Hyderabad,Basic,Female,Coca-Cola,Food and beverages,29.15,3,4.3725,91.8225,2019-03-27 0:00:00,20:29:00,Credit card,87.45,4.761904716,4.3725,7.3,Evening,Wednesday,March,Bad
314-23-4520,Andheri,Mumbai,Elite,Male,Face Wash,Health and beauty,81.23,7,28.4305,597.0405,2019-01-15 0:00:00,20:44:00,Cash,568.61,4.761904716,28.4305,9,Evening,Tuesday,January,Good
315-22-5665,Hinjawadi,Pune,Prime,Female,Storage Basket,Home and lifestyle,73.56,10,36.78,772.38,2019-02-24 0:00:00,11:38:00,Ewallet,735.6,4.761904716,36.78,8,Morning,Sunday,February,Good
316-01-3952,Koramangala,Bangalore,Basic,Female,Coca-Cola,Food and beverages,54.27,5,13.5675,284.9175,2019-03-13 0:00:00,14:16:00,Ewallet,271.35,4.761904716,13.5675,4.6,Afternoon,Wednesday,March,Bad
316-55-4634,Hitech City,Hyderabad,Basic,Male,Coca-Cola,Food and beverages,80.05,5,20.0125,420.2625,2019-01-26 0:00:00,12:45:00,Credit card,400.25,4.761904716,20.0125,9.4,Afternoon,Saturday,January,Good
316-66-3011,Powai,Mumbai,Elite,Female,Oreo Biscuits,Food and beverages,47.63,9,21.4335,450.1035,2019-01-23 0:00:00,12:35:00,Cash,428.67,4.761904716,21.4335,5,Afternoon,Wednesday,January,Good
316-68-6352,Andheri,Mumbai,Elite,Female,Nescafe Coffee,Food and beverages,36.36,2,3.636,76.356,2019-01-21 0:00:00,10:00:00,Cash,72.72,4.761904716,3.636,7.1,Morning,Monday,January,Bad
318-12-0304,Kharadi,Pune,Elite,Male,Leather Wallet,Fashion accessories,30.61,1,1.5305,32.1405,2019-01-23 0:00:00,12:20:00,Ewallet,30.61,4.761904716,1.5305,5.2,Afternoon,Wednesday,January,Bad
318-68-5053,Powai,Mumbai,Elite,Female,Lip Balm,Health and beauty,76.99,6,23.097,485.037,2019-02-27 0:00:00,17:55:00,Cash,461.94,4.761904716,23.097,6.1,Evening,Wednesday,February,Good
318-81-2368,Kharadi,Pune,Prime,Female,Mechanical Keyboard,Electronic accessories,46.2,1,2.31,48.51,2019-03-19 0:00:00,12:16:00,Cash,46.2,4.761904716,2.31,6.3,Afternoon,Tuesday,March,Bad
319-50-3348,Saket,Delhi,Basic,Female,Bedsheet,Home and lifestyle,40.3,2,4.03,84.63,2019-03-11 0:00:00,15:30:00,Ewallet,80.6,4.761904716,4.03,4.4,Afternoon,Monday,March,Bad
319-74-2561,Baner,Pune,Elite,Female,USB Flash Drive,Electronic accessories,94.64,3,14.196,298.116,2019-02-21 0:00:00,16:55:00,Cash,283.92,4.761904716,14.196,5.5,Evening,Thursday,February,Bad
320-32-8842,Andheri,Mumbai,Basic,Female,Oreo Biscuits,Food and beverages,22.62,1,1.131,23.751,2019-03-17 0:00:00,18:58:00,Cash,22.62,4.761904716,1.131,6.4,Evening,Sunday,March,Bad
320-49-6392,Connaught Place,Delhi,Elite,Female,USB Flash Drive,Electronic accessories,30.24,1,1.512,31.752,2019-03-04 0:00:00,15:44:00,Cash,30.24,4.761904716,1.512,8.4,Afternoon,Monday,March,Bad
320-85-2052,Gachibowli,Hyderabad,Prime,Female,Football,Sports and travel,34.81,1,1.7405,36.5505,2019-01-14 0:00:00,10:11:00,Credit card,34.81,4.761904716,1.7405,7,Morning,Monday,January,Bad
321-49-7382,Andheri,Mumbai,Prime,Male,Football,Sports and travel,88.31,1,4.4155,92.7255,2019-02-15 0:00:00,17:38:00,Credit card,88.31,4.761904716,4.4155,5.2,Evening,Friday,February,Bad
322-02-2271,Whitefield,Bangalore,Elite,Female,Cricket Bat,Sports and travel,42.97,3,6.4455,135.3555,2019-02-03 0:00:00,11:46:00,Cash,128.91,4.761904716,6.4455,9.3,Morning,Sunday,February,Bad
324-41-6833,Powai,Mumbai,Prime,Female,Power Bank,Electronic accessories,30.2,8,12.08,253.68,2019-03-03 0:00:00,19:30:00,Ewallet,241.6,4.761904716,12.08,5.1,Evening,Sunday,March,Bad
324-92-3863,Whitefield,Bangalore,Basic,Male,USB Flash Drive,Electronic accessories,20.89,2,2.089,43.869,2019-02-05 0:00:00,18:45:00,Cash,41.78,4.761904716,2.089,9.8,Evening,Tuesday,February,Bad
325-77-6186,Saket,Delhi,Prime,Female,Storage Basket,Home and lifestyle,90.65,10,45.325,951.825,2019-03-08 0:00:00,10:53:00,Ewallet,906.5,4.761904716,45.325,7.3,Morning,Friday,March,Good
325-89-4209,Hitech City,Hyderabad,Prime,Male,Oreo Biscuits,Food and beverages,87.9,1,4.395,92.295,2019-02-05 0:00:00,19:42:00,Ewallet,87.9,4.761904716,4.395,6.7,Evening,Tuesday,February,Bad
325-90-8763,Koramangala,Bangalore,Basic,Female,Mechanical Keyboard,Electronic accessories,46.57,10,23.285,488.985,2019-01-27 0:00:00,13:58:00,Cash,465.7,4.761904716,23.285,7.6,Afternoon,Sunday,January,Good
326-71-2155,Hinjawadi,Pune,Basic,Female,Yoga Mat,Sports and travel,73.95,4,14.79,310.59,2019-02-03 0:00:00,10:02:00,Cash,295.8,4.761904716,14.79,6.1,Morning,Sunday,February,Bad
326-78-5178,Powai,Mumbai,Prime,Male,Oreo Biscuits,Food and beverages,91.4,7,31.99,671.79,2019-02-03 0:00:00,10:19:00,Cash,639.8,4.761904716,31.99,9.5,Morning,Sunday,February,Good
327-40-9673,Whitefield,Bangalore,Elite,Male,Cricket Bat,Sports and travel,72.6,6,21.78,457.38,2019-01-13 0:00:00,19:51:00,Cash,435.6,4.761904716,21.78,6.9,Evening,Sunday,January,Good
329-62-1586,Banjara Hills,Hyderabad,Elite,Male,Oreo Biscuits,Food and beverages,54.67,3,8.2005,172.2105,2019-01-21 0:00:00,18:00:00,Credit card,164.01,4.761904716,8.2005,8.6,Evening,Monday,January,Bad
333-23-2632,Indiranagar,Bangalore,Elite,Male,Sunscreen,Health and beauty,10.08,7,3.528,74.088,2019-03-28 0:00:00,20:14:00,Cash,70.56,4.761904716,3.528,4.2,Evening,Thursday,March,Bad
333-73-7901,Hinjawadi,Pune,Prime,Female,Face Wash,Health and beauty,54.92,8,21.968,461.328,2019-03-23 0:00:00,13:24:00,Ewallet,439.36,4.761904716,21.968,7.6,Afternoon,Saturday,March,Good
334-64-2006,Powai,Mumbai,Prime,Female,Table Lamp,Home and lifestyle,70.32,2,7.032,147.672,2019-03-24 0:00:00,14:22:00,Ewallet,140.64,4.761904716,7.032,9.6,Afternoon,Sunday,March,Bad
336-78-2147,Indiranagar,Bangalore,Prime,Male,Bedsheet,Home and lifestyle,63.91,8,25.564,536.844,2019-03-13 0:00:00,19:52:00,Credit card,511.28,4.761904716,25.564,4.6,Evening,Wednesday,March,Good
338-65-2210,Bandra,Mumbai,Prime,Female,Body Lotion,Health and beauty,68.6,10,34.3,720.3,2019-02-05 0:00:00,19:57:00,Cash,686,4.761904716,34.3,9.1,Evening,Tuesday,February,Good
339-12-4827,Bandra,Mumbai,Elite,Female,Wrist Watch,Fashion accessories,73.96,1,3.698,77.658,2019-01-05 0:00:00,11:32:00,Credit card,73.96,4.761904716,3.698,5,Morning,Saturday,January,Bad
339-18-7061,Kharadi,Pune,Prime,Female,Sunglasses,Fashion accessories,92.98,2,9.298,195.258,2019-02-13 0:00:00,15:06:00,Credit card,185.96,4.761904716,9.298,8,Afternoon,Wednesday,February,Bad
339-38-9982,Rohini,Delhi,Prime,Male,Sunglasses,Fashion accessories,59.86,2,5.986,125.706,2019-01-13 0:00:00,14:55:00,Ewallet,119.72,4.761904716,5.986,6.7,Afternoon,Sunday,January,Bad
339-96-8318,Bandra,Mumbai,Elite,Male,Wrist Watch,Fashion accessories,81.31,7,28.4585,597.6285,2019-03-01 0:00:00,19:49:00,Ewallet,569.17,4.761904716,28.4585,6.3,Evening,Friday,March,Good
340-21-9136,Whitefield,Bangalore,Basic,Female,Yoga Mat,Sports and travel,40.05,4,8.01,168.21,2019-01-25 0:00:00,11:40:00,Cash,160.2,4.761904716,8.01,9.7,Morning,Friday,January,Bad
340-66-0321,Powai,Mumbai,Basic,Male,Bluetooth Speaker,Electronic accessories,36.36,4,7.272,152.712,2019-03-25 0:00:00,13:07:00,Cash,145.44,4.761904716,7.272,7.6,Afternoon,Monday,March,Bad
342-65-4817,Kharadi,Pune,Elite,Male,Face Wash,Health and beauty,86.8,3,13.02,273.42,2019-01-28 0:00:00,16:47:00,Ewallet,260.4,4.761904716,13.02,9.9,Evening,Monday,January,Bad
343-61-3544,Connaught Place,Delhi,Prime,Male,Cricket Bat,Sports and travel,26.67,10,13.335,280.035,2019-01-29 0:00:00,11:48:00,Cash,266.7,4.761904716,13.335,8.6,Morning,Tuesday,January,Bad
343-75-9322,Indiranagar,Bangalore,Basic,Female,Travel Backpack,Sports and travel,11.85,8,4.74,99.54,2019-01-09 0:00:00,16:34:00,Cash,94.8,4.761904716,4.74,4.1,Evening,Wednesday,January,Bad
343-87-0864,Powai,Mumbai,Prime,Male,Shampoo,Health and beauty,75.88,1,3.794,79.674,2019-01-03 0:00:00,10:30:00,Credit card,75.88,4.761904716,3.794,7.1,Morning,Thursday,January,Bad
345-08-4992,Banjara Hills,Hyderabad,Elite,Male,Wall Clock,Home and lifestyle,33.99,6,10.197,214.137,2019-03-08 0:00:00,15:37:00,Credit card,203.94,4.761904716,10.197,7.7,Afternoon,Friday,March,Bad
345-68-9016,Powai,Mumbai,Elite,Female,Yoga Mat,Sports and travel,31.67,8,12.668,266.028,2019-01-02 0:00:00,16:19:00,Credit card,253.36,4.761904716,12.668,5.6,Evening,Wednesday,January,Bad
346-12-3257,Andheri,Mumbai,Prime,Male,Bluetooth Speaker,Electronic accessories,19.24,9,8.658,181.818,2019-03-04 0:00:00,16:28:00,Cash,173.16,4.761904716,8.658,8,Evening,Monday,March,Bad
346-84-3103,Banjara Hills,Hyderabad,Basic,Female,Wireless Mouse,Electronic accessories,13.22,5,3.305,69.405,2019-03-02 0:00:00,19:26:00,Cash,66.1,4.761904716,3.305,4.3,Evening,Saturday,March,Bad
347-34-2234,Powai,Mumbai,Elite,Female,Football,Sports and travel,55.07,9,24.7815,520.4115,2019-02-03 0:00:00,13:40:00,Ewallet,495.63,4.761904716,24.7815,9.9,Afternoon,Sunday,February,Good
347-56-2442,Kharadi,Pune,Prime,Male,Storage Basket,Home and lifestyle,65.82,1,3.291,69.111,2019-02-22 0:00:00,15:33:00,Cash,65.82,4.761904716,3.291,4.1,Afternoon,Friday,February,Bad
347-72-6115,Andheri,Mumbai,Elite,Female,Cricket Bat,Sports and travel,90.74,7,31.759,666.939,2019-01-16 0:00:00,18:03:00,Credit card,635.18,4.761904716,31.759,6.2,Evening,Wednesday,January,Good
349-97-8902,Whitefield,Bangalore,Elite,Male,Lay's Chips,Food and beverages,57.89,2,5.789,121.569,2019-01-17 0:00:00,10:37:00,Ewallet,115.78,4.761904716,5.789,8.9,Morning,Thursday,January,Bad
351-62-0822,Rohini,Delhi,Basic,Female,Handbag,Fashion accessories,14.48,4,2.896,60.816,2019-02-06 0:00:00,18:07:00,Ewallet,57.92,4.761904716,2.896,4.5,Evening,Wednesday,February,Bad
354-25-5821,Hitech City,Hyderabad,Elite,Female,Cricket Bat,Sports and travel,69.12,6,20.736,435.456,2019-02-08 0:00:00,13:03:00,Cash,414.72,4.761904716,20.736,5.6,Afternoon,Friday,February,Good
354-39-5160,Baner,Pune,Prime,Female,Storage Basket,Home and lifestyle,34.42,6,10.326,216.846,2019-02-18 0:00:00,15:39:00,Cash,206.52,4.761904716,10.326,9.8,Afternoon,Monday,February,Bad
355-34-6244,Gachibowli,Hyderabad,Elite,Male,Coca-Cola,Food and beverages,72.39,2,7.239,152.019,2019-01-13 0:00:00,19:55:00,Credit card,144.78,4.761904716,7.239,8.1,Evening,Sunday,January,Bad
355-53-5943,Powai,Mumbai,Prime,Female,USB Flash Drive,Electronic accessories,68.84,6,20.652,433.692,2019-02-25 0:00:00,14:36:00,Ewallet,413.04,4.761904716,20.652,5.8,Afternoon,Monday,February,Good
356-44-8813,Gachibowli,Hyderabad,Prime,Male,Coffee Mug,Home and lifestyle,37.48,3,5.622,118.062,2019-01-20 0:00:00,13:45:00,Credit card,112.44,4.761904716,5.622,7.7,Afternoon,Sunday,January,Bad
358-88-9262,Saket,Delhi,Elite,Female,Nescafe Coffee,Food and beverages,87.48,6,26.244,551.124,2019-02-01 0:00:00,18:43:00,Ewallet,524.88,4.761904716,26.244,5.1,Evening,Friday,February,Good
359-90-3665,Baner,Pune,Elite,Female,Baseball Cap,Fashion accessories,18.08,4,3.616,75.936,2019-01-14 0:00:00,18:03:00,Credit card,72.32,4.761904716,3.616,9.5,Evening,Monday,January,Bad
359-94-5395,Banjara Hills,Hyderabad,Prime,Male,Body Lotion,Health and beauty,92.78,1,4.639,97.419,2019-03-15 0:00:00,10:50:00,Credit card,92.78,4.761904716,4.639,9.8,Morning,Friday,March,Bad
360-39-5055,Saket,Delhi,Elite,Male,Yoga Mat,Sports and travel,48.91,5,12.2275,256.7775,2019-03-09 0:00:00,10:17:00,Cash,244.55,4.761904716,12.2275,6.6,Morning,Saturday,March,Bad
361-59-0574,Connaught Place,Delhi,Prime,Male,Yoga Mat,Sports and travel,90.53,8,36.212,760.452,2019-03-15 0:00:00,14:48:00,Credit card,724.24,4.761904716,36.212,6.5,Afternoon,Friday,March,Good
361-85-2571,Whitefield,Bangalore,Prime,Female,Gym Bag,Sports and travel,89.48,5,22.37,469.77,2019-03-30 0:00:00,10:18:00,Cash,447.4,4.761904716,22.37,7.4,Morning,Saturday,March,Good
362-58-8315,Indiranagar,Bangalore,Prime,Male,Handbag,Fashion accessories,76.52,5,19.13,401.73,2019-03-25 0:00:00,10:23:00,Cash,382.6,4.761904716,19.13,9.9,Morning,Monday,March,Good
364-33-8584,Powai,Mumbai,Elite,Female,Tropicana Juice,Food and beverages,17.63,5,4.4075,92.5575,2019-03-08 0:00:00,15:27:00,Cash,88.15,4.761904716,4.4075,8.5,Afternoon,Friday,March,Bad
364-34-2972,Bandra,Mumbai,Prime,Male,Bluetooth Speaker,Electronic accessories,96.82,3,14.523,304.983,2019-03-30 0:00:00,20:37:00,Cash,290.46,4.761904716,14.523,6.7,Evening,Saturday,March,Bad
365-16-4334,Whitefield,Bangalore,Basic,Female,Coca-Cola,Food and beverages,26.43,8,10.572,222.012,2019-02-24 0:00:00,14:26:00,Ewallet,211.44,4.761904716,10.572,8.9,Afternoon,Sunday,February,Bad
365-64-0515,Koramangala,Bangalore,Prime,Female,Mechanical Keyboard,Electronic accessories,46.95,5,11.7375,246.4875,2019-02-12 0:00:00,10:25:00,Ewallet,234.75,4.761904716,11.7375,7.1,Morning,Tuesday,February,Bad
366-43-6862,Bandra,Mumbai,Elite,Male,Power Bank,Electronic accessories,52.89,4,10.578,222.138,2019-03-25 0:00:00,16:32:00,Ewallet,211.56,4.761904716,10.578,6.7,Evening,Monday,March,Bad
366-93-0948,Gachibowli,Hyderabad,Prime,Male,Power Bank,Electronic accessories,66.35,1,3.3175,69.6675,2019-01-31 0:00:00,10:46:00,Credit card,66.35,4.761904716,3.3175,9.7,Morning,Thursday,January,Bad
369-82-2676,Powai,Mumbai,Prime,Male,Bluetooth Speaker,Electronic accessories,75.66,5,18.915,397.215,2019-01-15 0:00:00,18:22:00,Ewallet,378.3,4.761904716,18.915,7.8,Evening,Tuesday,January,Good
370-41-7321,Connaught Place,Delhi,Elite,Male,Lip Balm,Health and beauty,56.69,9,25.5105,535.7205,2019-02-27 0:00:00,17:24:00,Credit card,510.21,4.761904716,25.5105,8.4,Evening,Wednesday,February,Good
370-96-0655,Gachibowli,Hyderabad,Elite,Female,Leather Wallet,Fashion accessories,49.32,6,14.796,310.716,2019-01-09 0:00:00,13:46:00,Ewallet,295.92,4.761904716,14.796,7.1,Afternoon,Wednesday,January,Bad
371-85-5789,Gachibowli,Hyderabad,Basic,Male,Lip Balm,Health and beauty,87.98,3,13.197,277.137,2019-03-05 0:00:00,10:40:00,Ewallet,263.94,4.761904716,13.197,5.1,Morning,Tuesday,March,Bad
372-26-1506,Powai,Mumbai,Prime,Female,Baseball Cap,Fashion accessories,23.82,5,5.955,125.055,2019-01-28 0:00:00,19:24:00,Ewallet,119.1,4.761904716,5.955,5.4,Evening,Monday,January,Bad
372-62-5264,Gachibowli,Hyderabad,Elite,Female,Tropicana Juice,Food and beverages,52.6,9,23.67,497.07,2019-01-16 0:00:00,14:42:00,Cash,473.4,4.761904716,23.67,7.6,Afternoon,Wednesday,January,Good
372-94-8041,Kharadi,Pune,Elite,Male,Sunscreen,Health and beauty,15.26,6,4.578,96.138,2019-02-15 0:00:00,18:03:00,Ewallet,91.56,4.761904716,4.578,9.8,Evening,Friday,February,Bad
373-09-4567,Indiranagar,Bangalore,Elite,Male,Coca-Cola,Food and beverages,77.56,10,38.78,814.38,2019-03-14 0:00:00,20:35:00,Ewallet,775.6,4.761904716,38.78,6.9,Evening,Thursday,March,Good
373-14-0504,Hitech City,Hyderabad,Prime,Female,Cricket Bat,Sports and travel,71.63,2,7.163,150.423,2019-02-12 0:00:00,14:33:00,Ewallet,143.26,4.761904716,7.163,8.8,Afternoon,Tuesday,February,Bad
373-73-7910,Andheri,Mumbai,Basic,Male,Travel Backpack,Sports and travel,86.31,7,30.2085,634.3785,2019-02-08 0:00:00,10:37:00,Ewallet,604.17,4.761904716,30.2085,5.3,Morning,Friday,February,Good
373-88-1424,Rohini,Delhi,Basic,Male,Table Lamp,Home and lifestyle,35.81,5,8.9525,188.0025,2019-02-06 0:00:00,18:44:00,Ewallet,179.05,4.761904716,8.9525,7.9,Evening,Wednesday,February,Bad
374-17-3652,Indiranagar,Bangalore,Basic,Female,Oreo Biscuits,Food and beverages,42.82,9,19.269,404.649,2019-02-05 0:00:00,15:26:00,Credit card,385.38,4.761904716,19.269,8.9,Afternoon,Tuesday,February,Good
374-38-5555,Gachibowli,Hyderabad,Prime,Female,Leather Wallet,Fashion accessories,63.71,5,15.9275,334.4775,2019-02-07 0:00:00,19:30:00,Ewallet,318.55,4.761904716,15.9275,8.5,Evening,Thursday,February,Good
375-72-3056,Andheri,Mumbai,Prime,Male,Cricket Bat,Sports and travel,63.06,3,9.459,198.639,2019-01-19 0:00:00,15:58:00,Ewallet,189.18,4.761904716,9.459,7,Afternoon,Saturday,January,Bad
376-02-8238,Kharadi,Pune,Prime,Male,Storage Basket,Home and lifestyle,93.87,8,37.548,788.508,2019-02-02 0:00:00,18:42:00,Credit card,750.96,4.761904716,37.548,8.3,Evening,Saturday,February,Good
376-56-3573,Hinjawadi,Pune,Prime,Female,Leather Wallet,Fashion accessories,95.42,4,19.084,400.764,2019-02-02 0:00:00,13:23:00,Ewallet,381.68,4.761904716,19.084,6.4,Afternoon,Saturday,February,Good
377-79-7592,Indiranagar,Bangalore,Basic,Female,Power Bank,Electronic accessories,44.84,9,20.178,423.738,2019-01-14 0:00:00,14:00:00,Credit card,403.56,4.761904716,20.178,7.5,Afternoon,Monday,January,Good
378-07-7001,Saket,Delhi,Basic,Male,USB Flash Drive,Electronic accessories,48.09,3,7.2135,151.4835,2019-02-10 0:00:00,18:23:00,Credit card,144.27,4.761904716,7.2135,7.8,Evening,Sunday,February,Bad
378-24-2715,Powai,Mumbai,Basic,Male,Bedsheet,Home and lifestyle,53.44,2,5.344,112.224,2019-01-20 0:00:00,20:38:00,Ewallet,106.88,4.761904716,5.344,4.1,Evening,Sunday,January,Bad
379-17-6588,Kharadi,Pune,Basic,Male,Handbag,Fashion accessories,59.61,10,29.805,625.905,2019-03-14 0:00:00,11:07:00,Cash,596.1,4.761904716,29.805,5.3,Morning,Thursday,March,Good
380-60-5336,Powai,Mumbai,Elite,Female,USB Flash Drive,Electronic accessories,40.26,10,20.13,422.73,2019-02-24 0:00:00,18:06:00,Credit card,402.6,4.761904716,20.13,5,Evening,Sunday,February,Good
380-94-4661,Saket,Delhi,Elite,Male,USB Flash Drive,Electronic accessories,65.94,4,13.188,276.948,2019-02-07 0:00:00,13:05:00,Credit card,263.76,4.761904716,13.188,6.9,Afternoon,Thursday,February,Bad
381-20-0914,Kharadi,Pune,Prime,Female,Wrist Watch,Fashion accessories,20.01,9,9.0045,189.0945,2019-01-12 0:00:00,15:48:00,Credit card,180.09,4.761904716,9.0045,5.7,Afternoon,Saturday,January,Bad
382-03-4532,Saket,Delhi,Prime,Female,Body Lotion,Health and beauty,18.33,1,0.9165,19.2465,2019-02-02 0:00:00,18:50:00,Cash,18.33,4.761904716,0.9165,4.3,Evening,Saturday,February,Bad
382-25-8917,Koramangala,Bangalore,Elite,Male,Handbag,Fashion accessories,42.08,6,12.624,265.104,2019-01-29 0:00:00,12:25:00,Cash,252.48,4.761904716,12.624,8.9,Afternoon,Tuesday,January,Bad
384-59-6655,Connaught Place,Delhi,Basic,Female,Coca-Cola,Food and beverages,98.66,9,44.397,932.337,2019-02-19 0:00:00,15:07:00,Cash,887.94,4.761904716,44.397,8.4,Afternoon,Tuesday,February,Good
386-27-7606,Rohini,Delhi,Elite,Female,Coffee Mug,Home and lifestyle,81.2,7,28.42,596.82,2019-03-23 0:00:00,15:59:00,Credit card,568.4,4.761904716,28.42,8.1,Afternoon,Saturday,March,Good
387-49-4215,Gachibowli,Hyderabad,Prime,Female,Gym Bag,Sports and travel,48.5,3,7.275,152.775,2019-01-08 0:00:00,12:50:00,Cash,145.5,4.761904716,7.275,6.7,Afternoon,Tuesday,January,Bad
388-76-2555,Banjara Hills,Hyderabad,Elite,Male,Travel Backpack,Sports and travel,13.69,6,4.107,86.247,2019-02-13 0:00:00,13:59:00,Cash,82.14,4.761904716,4.107,6.3,Afternoon,Wednesday,February,Bad
389-25-3394,Hinjawadi,Pune,Basic,Male,Wireless Mouse,Electronic accessories,11.81,5,2.9525,62.0025,2019-02-17 0:00:00,18:06:00,Cash,59.05,4.761904716,2.9525,9.4,Evening,Sunday,February,Bad
389-70-2397,Hinjawadi,Pune,Elite,Female,Sunscreen,Health and beauty,83.66,5,20.915,439.215,2019-02-21 0:00:00,10:26:00,Cash,418.3,4.761904716,20.915,7.2,Morning,Thursday,February,Good
390-17-5806,Gachibowli,Hyderabad,Basic,Female,Lay's Chips,Food and beverages,38.42,1,1.921,40.341,2019-02-02 0:00:00,16:33:00,Cash,38.42,4.761904716,1.921,8.6,Evening,Saturday,February,Bad
390-31-6381,Rohini,Delhi,Prime,Male,Coca-Cola,Food and beverages,27.22,3,4.083,85.743,2019-01-07 0:00:00,12:37:00,Cash,81.66,4.761904716,4.083,7.3,Afternoon,Monday,January,Bad
390-80-5128,Indiranagar,Bangalore,Basic,Female,Sunscreen,Health and beauty,19.15,1,0.9575,20.1075,2019-01-28 0:00:00,17:58:00,Credit card,19.15,4.761904716,0.9575,9.5,Evening,Monday,January,Bad
393-65-2792,Connaught Place,Delhi,Elite,Male,Oreo Biscuits,Food and beverages,89.48,10,44.74,939.54,2019-01-06 0:00:00,12:46:00,Credit card,894.8,4.761904716,44.74,9.6,Afternoon,Sunday,January,Good
394-30-3170,Andheri,Mumbai,Elite,Female,Yoga Mat,Sports and travel,88.43,8,35.372,742.812,2019-03-22 0:00:00,19:35:00,Credit card,707.44,4.761904716,35.372,4.3,Evening,Friday,March,Good
394-41-0748,Banjara Hills,Hyderabad,Elite,Female,Sunglasses,Fashion accessories,54.07,9,24.3315,510.9615,2019-01-27 0:00:00,14:55:00,Ewallet,486.63,4.761904716,24.3315,9.5,Afternoon,Sunday,January,Good
394-43-4238,Banjara Hills,Hyderabad,Basic,Male,Wall Clock,Home and lifestyle,17.77,5,4.4425,93.2925,2019-02-15 0:00:00,12:42:00,Credit card,88.85,4.761904716,4.4425,5.4,Afternoon,Friday,February,Bad
394-55-6384,Saket,Delhi,Basic,Female,Gym Bag,Sports and travel,70.19,9,31.5855,663.2955,2019-01-25 0:00:00,13:38:00,Cash,631.71,4.761904716,31.5855,6.7,Afternoon,Friday,January,Good
396-90-2219,Connaught Place,Delhi,Prime,Female,Wireless Mouse,Electronic accessories,14.96,8,5.984,125.664,2019-02-23 0:00:00,12:29:00,Cash,119.68,4.761904716,5.984,8.6,Afternoon,Saturday,February,Bad
397-25-8725,Rohini,Delhi,Basic,Female,Face Wash,Health and beauty,39.62,9,17.829,374.409,2019-01-13 0:00:00,17:54:00,Credit card,356.58,4.761904716,17.829,6.8,Evening,Sunday,January,Good
399-46-5918,Connaught Place,Delhi,Elite,Female,USB Flash Drive,Electronic accessories,85.98,8,34.392,722.232,2019-02-28 0:00:00,19:01:00,Cash,687.84,4.761904716,34.392,8.2,Evening,Thursday,February,Good
399-69-4630,Saket,Delhi,Basic,Male,USB Flash Drive,Electronic accessories,22.21,6,6.663,139.923,2019-03-07 0:00:00,10:23:00,Credit card,133.26,4.761904716,6.663,8.6,Morning,Thursday,March,Bad
400-45-1220,Koramangala,Bangalore,Prime,Female,Body Lotion,Health and beauty,13.5,10,6.75,141.75,2019-02-27 0:00:00,11:06:00,Credit card,135,4.761904716,6.75,4.8,Morning,Wednesday,February,Bad
400-60-7251,Andheri,Mumbai,Elite,Male,Wall Clock,Home and lifestyle,74.07,1,3.7035,77.7735,2019-02-10 0:00:00,12:50:00,Ewallet,74.07,4.761904716,3.7035,9.9,Afternoon,Sunday,February,Bad
400-80-4065,Rohini,Delhi,Basic,Male,Face Wash,Health and beauty,68.55,4,13.71,287.91,2019-02-15 0:00:00,20:21:00,Credit card,274.2,4.761904716,13.71,9.2,Evening,Friday,February,Bad
400-89-4171,Bandra,Mumbai,Elite,Female,Football,Sports and travel,80.97,8,32.388,680.148,2019-01-28 0:00:00,13:05:00,Cash,647.76,4.761904716,32.388,9.3,Afternoon,Monday,January,Good
401-09-4232,Saket,Delhi,Prime,Male,Bedsheet,Home and lifestyle,86.69,5,21.6725,455.1225,2019-02-11 0:00:00,18:38:00,Ewallet,433.45,4.761904716,21.6725,9.4,Evening,Monday,February,Good
401-18-8016,Hitech City,Hyderabad,Prime,Female,Travel Backpack,Sports and travel,98.13,1,4.9065,103.0365,2019-01-21 0:00:00,17:36:00,Cash,98.13,4.761904716,4.9065,8.9,Evening,Monday,January,Bad
404-91-5964,Powai,Mumbai,Elite,Male,USB Flash Drive,Electronic accessories,74.58,7,26.103,548.163,2019-02-04 0:00:00,16:09:00,Credit card,522.06,4.761904716,26.103,9,Evening,Monday,February,Good
405-31-3305,Koramangala,Bangalore,Elite,Male,Leather Wallet,Fashion accessories,43.13,10,21.565,452.865,2019-02-02 0:00:00,18:31:00,Credit card,431.3,4.761904716,21.565,5.5,Evening,Saturday,February,Good
406-46-7107,Baner,Pune,Prime,Female,Table Lamp,Home and lifestyle,96.52,6,28.956,608.076,2019-01-11 0:00:00,11:52:00,Cash,579.12,4.761904716,28.956,4.5,Morning,Friday,January,Good
407-63-8975,Gachibowli,Hyderabad,Prime,Male,Oreo Biscuits,Food and beverages,73.88,6,22.164,465.444,2019-03-23 0:00:00,19:16:00,Ewallet,443.28,4.761904716,22.164,4.4,Evening,Saturday,March,Good
408-26-9866,Rohini,Delhi,Basic,Female,Gym Bag,Sports and travel,73.98,7,25.893,543.753,2019-03-02 0:00:00,16:42:00,Ewallet,517.86,4.761904716,25.893,4.1,Evening,Saturday,March,Good
408-66-6712,Whitefield,Bangalore,Basic,Female,Body Lotion,Health and beauty,47.71,6,14.313,300.573,2019-02-16 0:00:00,14:19:00,Ewallet,286.26,4.761904716,14.313,4.4,Afternoon,Saturday,February,Bad
409-33-9708,Powai,Mumbai,Elite,Female,Leather Wallet,Fashion accessories,98.48,2,9.848,206.808,2019-02-19 0:00:00,10:12:00,Ewallet,196.96,4.761904716,9.848,9.2,Morning,Tuesday,February,Bad
409-49-6995,Gachibowli,Hyderabad,Prime,Female,Nescafe Coffee,Food and beverages,47.27,6,14.181,297.801,2019-02-05 0:00:00,10:17:00,Cash,283.62,4.761904716,14.181,8.8,Morning,Tuesday,February,Bad
410-67-1709,Indiranagar,Bangalore,Prime,Female,Wrist Watch,Fashion accessories,63.88,8,25.552,536.592,2019-01-20 0:00:00,17:48:00,Ewallet,511.04,4.761904716,25.552,9.9,Evening,Sunday,January,Good
411-77-0180,Whitefield,Bangalore,Basic,Male,Bluetooth Speaker,Electronic accessories,72.2,7,25.27,530.67,2019-03-26 0:00:00,20:14:00,Ewallet,505.4,4.761904716,25.27,4.3,Evening,Tuesday,March,Good
413-20-6708,Powai,Mumbai,Prime,Female,Sunglasses,Fashion accessories,51.47,1,2.5735,54.0435,2019-03-18 0:00:00,15:52:00,Ewallet,51.47,4.761904716,2.5735,8.5,Afternoon,Monday,March,Bad
414-12-7047,Koramangala,Bangalore,Elite,Male,Tropicana Juice,Food and beverages,19.79,8,7.916,166.236,2019-01-18 0:00:00,12:04:00,Ewallet,158.32,4.761904716,7.916,8.7,Afternoon,Friday,January,Bad
416-13-5917,Indiranagar,Bangalore,Elite,Female,Coca-Cola,Food and beverages,97.03,5,24.2575,509.4075,2019-01-30 0:00:00,16:24:00,Ewallet,485.15,4.761904716,24.2575,9.3,Evening,Wednesday,January,Good
416-17-9926,Hitech City,Hyderabad,Basic,Female,USB Flash Drive,Electronic accessories,74.22,10,37.11,779.31,2019-01-01 0:00:00,14:42:00,Credit card,742.2,4.761904716,37.11,4.3,Afternoon,Tuesday,January,Good
418-02-5978,Saket,Delhi,Elite,Female,Sunscreen,Health and beauty,84.09,9,37.8405,794.6505,2019-02-11 0:00:00,10:54:00,Cash,756.81,4.761904716,37.8405,8,Morning,Monday,February,Good
418-05-0656,Powai,Mumbai,Elite,Female,Sunglasses,Fashion accessories,25.56,7,8.946,187.866,2019-02-02 0:00:00,20:42:00,Cash,178.92,4.761904716,8.946,7.1,Evening,Saturday,February,Bad
420-04-7590,Indiranagar,Bangalore,Basic,Male,Storage Basket,Home and lifestyle,99.7,3,14.955,314.055,2019-03-18 0:00:00,11:29:00,Ewallet,299.1,4.761904716,14.955,4.7,Morning,Monday,March,Bad
420-11-4919,Kharadi,Pune,Basic,Female,Nescafe Coffee,Food and beverages,71.39,5,17.8475,374.7975,2019-02-17 0:00:00,19:57:00,Credit card,356.95,4.761904716,17.8475,5.5,Evening,Sunday,February,Good
420-18-8989,Powai,Mumbai,Basic,Female,Football,Sports and travel,51.52,8,20.608,432.768,2019-02-02 0:00:00,15:47:00,Cash,412.16,4.761904716,20.608,9.6,Afternoon,Saturday,February,Good
420-97-3340,Whitefield,Bangalore,Elite,Female,Tropicana Juice,Food and beverages,71.68,3,10.752,225.792,2019-03-28 0:00:00,15:30:00,Credit card,215.04,4.761904716,10.752,9.2,Afternoon,Thursday,March,Bad
421-95-9805,Banjara Hills,Hyderabad,Prime,Female,Wireless Mouse,Electronic accessories,28.96,1,1.448,30.408,2019-02-07 0:00:00,10:18:00,Credit card,28.96,4.761904716,1.448,6.2,Morning,Thursday,February,Bad
422-29-8786,Andheri,Mumbai,Elite,Female,Wall Clock,Home and lifestyle,67.09,5,16.7725,352.2225,2019-01-03 0:00:00,16:47:00,Credit card,335.45,4.761904716,16.7725,9.1,Evening,Thursday,January,Good
423-57-2993,Indiranagar,Bangalore,Elite,Male,Travel Backpack,Sports and travel,93.39,6,28.017,588.357,2019-03-27 0:00:00,19:18:00,Ewallet,560.34,4.761904716,28.017,9.9,Evening,Wednesday,March,Good
423-64-4619,Saket,Delhi,Basic,Female,Lip Balm,Health and beauty,15.55,9,6.9975,146.9475,2019-03-07 0:00:00,13:12:00,Cash,139.95,4.761904716,6.9975,5,Afternoon,Thursday,March,Bad
423-80-0988,Koramangala,Bangalore,Elite,Male,Gym Bag,Sports and travel,76.4,2,7.64,160.44,2019-01-30 0:00:00,19:42:00,Ewallet,152.8,4.761904716,7.64,6.5,Evening,Wednesday,January,Bad
425-85-2085,Koramangala,Bangalore,Basic,Male,Body Lotion,Health and beauty,54.86,5,13.715,288.015,2019-03-29 0:00:00,16:48:00,Ewallet,274.3,4.761904716,13.715,9.8,Evening,Friday,March,Bad
426-39-2418,Baner,Pune,Elite,Male,Bluetooth Speaker,Electronic accessories,61.41,7,21.4935,451.3635,2019-01-14 0:00:00,10:02:00,Cash,429.87,4.761904716,21.4935,9.8,Morning,Monday,January,Good
427-45-9297,Whitefield,Bangalore,Basic,Female,Wall Clock,Home and lifestyle,40.73,7,14.2555,299.3655,2019-03-12 0:00:00,11:01:00,Ewallet,285.11,4.761904716,14.2555,5.4,Morning,Tuesday,March,Bad
428-83-5800,Indiranagar,Bangalore,Basic,Female,Coca-Cola,Food and beverages,21.08,3,3.162,66.402,2019-02-09 0:00:00,10:25:00,Cash,63.24,4.761904716,3.162,7.3,Morning,Saturday,February,Bad
430-02-3888,Rohini,Delhi,Basic,Male,Wireless Mouse,Electronic accessories,46.02,6,13.806,289.926,2019-02-07 0:00:00,15:55:00,Cash,276.12,4.761904716,13.806,7.1,Afternoon,Thursday,February,Bad
430-53-4718,Koramangala,Bangalore,Prime,Male,Shampoo,Health and beauty,75.37,8,30.148,633.108,2019-01-28 0:00:00,15:46:00,Credit card,602.96,4.761904716,30.148,8.4,Afternoon,Monday,January,Good
430-60-3493,Gachibowli,Hyderabad,Prime,Female,Bedsheet,Home and lifestyle,94.88,7,33.208,697.368,2019-02-03 0:00:00,14:38:00,Cash,664.16,4.761904716,33.208,4.2,Afternoon,Sunday,February,Good
431-66-2305,Gachibowli,Hyderabad,Elite,Female,Bluetooth Speaker,Electronic accessories,88.25,9,39.7125,833.9625,2019-02-15 0:00:00,20:51:00,Credit card,794.25,4.761904716,39.7125,7.6,Evening,Friday,February,Good
433-08-7822,Kharadi,Pune,Prime,Female,Body Lotion,Health and beauty,78.89,7,27.6115,579.8415,2019-01-05 0:00:00,19:48:00,Ewallet,552.23,4.761904716,27.6115,7.5,Evening,Saturday,January,Good
433-75-6987,Whitefield,Bangalore,Prime,Female,Shampoo,Health and beauty,55.97,7,19.5895,411.3795,2019-03-05 0:00:00,19:06:00,Ewallet,391.79,4.761904716,19.5895,8.9,Evening,Tuesday,March,Good
434-35-9162,Saket,Delhi,Prime,Male,Nescafe Coffee,Food and beverages,23.34,4,4.668,98.028,2019-02-04 0:00:00,18:53:00,Ewallet,93.36,4.761904716,4.668,7.4,Evening,Monday,February,Bad
434-83-9547,Banjara Hills,Hyderabad,Basic,Male,Nescafe Coffee,Food and beverages,38.47,8,15.388,323.148,2019-01-23 0:00:00,11:51:00,Cash,307.76,4.761904716,15.388,7.7,Morning,Wednesday,January,Good
435-13-4908,Powai,Mumbai,Prime,Male,Wrist Watch,Fashion accessories,86.68,8,34.672,728.112,2019-01-24 0:00:00,18:04:00,Credit card,693.44,4.761904716,34.672,7.2,Evening,Thursday,January,Good
436-54-4512,Bandra,Mumbai,Elite,Female,Oreo Biscuits,Food and beverages,91.61,1,4.5805,96.1905,2019-03-20 0:00:00,19:44:00,Cash,91.61,4.761904716,4.5805,9.8,Evening,Wednesday,March,Bad
437-53-3084,Saket,Delhi,Prime,Male,Baseball Cap,Fashion accessories,99.89,2,9.989,209.769,2019-02-26 0:00:00,11:48:00,Ewallet,199.78,4.761904716,9.989,7.1,Morning,Tuesday,February,Bad
437-58-8131,Whitefield,Bangalore,Prime,Female,Leather Wallet,Fashion accessories,73.52,2,7.352,154.392,2019-01-15 0:00:00,13:41:00,Ewallet,147.04,4.761904716,7.352,4.6,Afternoon,Tuesday,January,Bad
438-01-4015,Banjara Hills,Hyderabad,Elite,Female,Yoga Mat,Sports and travel,49.49,4,9.898,207.858,2019-03-21 0:00:00,15:25:00,Ewallet,197.96,4.761904716,9.898,6.6,Afternoon,Thursday,March,Bad
438-23-1242,Indiranagar,Bangalore,Elite,Male,Wireless Mouse,Electronic accessories,75.88,7,26.558,557.718,2019-01-24 0:00:00,10:38:00,Ewallet,531.16,4.761904716,26.558,8.9,Morning,Thursday,January,Good
439-54-7422,Saket,Delhi,Elite,Female,Mechanical Keyboard,Electronic accessories,51.19,4,10.238,214.998,2019-03-18 0:00:00,17:15:00,Credit card,204.76,4.761904716,10.238,4.7,Evening,Monday,March,Bad
440-59-5691,Powai,Mumbai,Basic,Female,Face Wash,Health and beauty,37.15,7,13.0025,273.0525,2019-02-08 0:00:00,13:12:00,Credit card,260.05,4.761904716,13.0025,7.7,Afternoon,Friday,February,Bad
441-94-7118,Rohini,Delhi,Elite,Male,Wireless Mouse,Electronic accessories,71.95,1,3.5975,75.5475,2019-02-04 0:00:00,12:14:00,Cash,71.95,4.761904716,3.5975,7.3,Afternoon,Monday,February,Bad
442-44-6497,Hinjawadi,Pune,Prime,Male,Table Lamp,Home and lifestyle,55.57,3,8.3355,175.0455,2019-01-08 0:00:00,11:42:00,Credit card,166.71,4.761904716,8.3355,5.9,Morning,Tuesday,January,Bad
442-48-3607,Gachibowli,Hyderabad,Basic,Male,Lay's Chips,Food and beverages,23.48,2,2.348,49.308,2019-03-14 0:00:00,11:21:00,Credit card,46.96,4.761904716,2.348,7.9,Morning,Thursday,March,Bad
443-59-0061,Baner,Pune,Prime,Male,Lay's Chips,Food and beverages,67.45,10,33.725,708.225,2019-02-03 0:00:00,11:25:00,Ewallet,674.5,4.761904716,33.725,4.2,Morning,Sunday,February,Good
443-60-9639,Andheri,Mumbai,Basic,Female,Table Lamp,Home and lifestyle,60.87,1,3.0435,63.9135,2019-01-24 0:00:00,13:24:00,Cash,60.87,4.761904716,3.0435,5.5,Afternoon,Thursday,January,Bad
443-82-0585,Saket,Delhi,Basic,Female,Sunscreen,Health and beauty,77.68,4,15.536,326.256,2019-02-01 0:00:00,19:54:00,Cash,310.72,4.761904716,15.536,8.4,Evening,Friday,February,Good
445-30-9252,Hinjawadi,Pune,Basic,Male,Yoga Mat,Sports and travel,25.7,3,3.855,80.955,2019-01-17 0:00:00,17:59:00,Ewallet,77.1,4.761904716,3.855,6.1,Evening,Thursday,January,Bad
446-47-6729,Powai,Mumbai,Basic,Male,Handbag,Fashion accessories,99.82,2,9.982,209.622,2019-01-02 0:00:00,18:09:00,Credit card,199.64,4.761904716,9.982,6.7,Evening,Wednesday,January,Bad
447-15-7839,Hitech City,Hyderabad,Elite,Female,Cricket Bat,Sports and travel,22.24,10,11.12,233.52,2019-02-09 0:00:00,11:00:00,Cash,222.4,4.761904716,11.12,4.2,Morning,Saturday,February,Bad
448-34-8700,Baner,Pune,Prime,Male,Bedsheet,Home and lifestyle,36.91,7,12.9185,271.2885,2019-02-10 0:00:00,13:51:00,Ewallet,258.37,4.761904716,12.9185,6.7,Afternoon,Sunday,February,Bad
448-61-3783,Baner,Pune,Elite,Female,Bluetooth Speaker,Electronic accessories,90.02,8,36.008,756.168,2019-03-21 0:00:00,16:08:00,Credit card,720.16,4.761904716,36.008,4.5,Evening,Thursday,March,Good
448-81-5016,Koramangala,Bangalore,Elite,Male,Face Wash,Health and beauty,59.77,2,5.977,125.517,2019-03-11 0:00:00,12:01:00,Credit card,119.54,4.761904716,5.977,5.8,Afternoon,Monday,March,Bad
449-16-6770,Whitefield,Bangalore,Prime,Male,Lip Balm,Health and beauty,50.79,5,12.6975,266.6475,2019-02-19 0:00:00,14:53:00,Credit card,253.95,4.761904716,12.6975,5.3,Afternoon,Tuesday,February,Bad
449-27-2918,Hinjawadi,Pune,Elite,Female,Cricket Bat,Sports and travel,39.12,1,1.956,41.076,2019-03-26 0:00:00,11:02:00,Credit card,39.12,4.761904716,1.956,9.6,Morning,Tuesday,March,Bad
450-28-2866,Banjara Hills,Hyderabad,Prime,Male,Nescafe Coffee,Food and beverages,17.44,5,4.36,91.56,2019-01-15 0:00:00,19:25:00,Cash,87.2,4.761904716,4.36,8.1,Evening,Tuesday,January,Bad
450-42-3339,Kharadi,Pune,Basic,Male,Lip Balm,Health and beauty,84.61,10,42.305,888.405,2019-02-09 0:00:00,18:58:00,Credit card,846.1,4.761904716,42.305,8.8,Evening,Saturday,February,Good
451-28-5717,Gachibowli,Hyderabad,Basic,Female,Wall Clock,Home and lifestyle,83.17,6,24.951,523.971,2019-03-20 0:00:00,11:23:00,Cash,499.02,4.761904716,24.951,7.3,Morning,Wednesday,March,Good
451-73-2711,Koramangala,Bangalore,Elite,Male,Coca-Cola,Food and beverages,84.83,1,4.2415,89.0715,2019-01-14 0:00:00,15:20:00,Ewallet,84.83,4.761904716,4.2415,8.8,Afternoon,Monday,January,Bad
452-04-8808,Indiranagar,Bangalore,Elite,Male,Wireless Mouse,Electronic accessories,87.08,7,30.478,640.038,2019-01-26 0:00:00,15:17:00,Cash,609.56,4.761904716,30.478,5.5,Afternoon,Saturday,January,Good
453-12-7053,Saket,Delhi,Basic,Male,Leather Wallet,Fashion accessories,45.74,3,6.861,144.081,2019-03-10 0:00:00,17:38:00,Credit card,137.22,4.761904716,6.861,6.5,Evening,Sunday,March,Bad
453-33-6436,Indiranagar,Bangalore,Elite,Female,Storage Basket,Home and lifestyle,93.12,8,37.248,782.208,2019-02-07 0:00:00,10:09:00,Cash,744.96,4.761904716,37.248,6.8,Morning,Thursday,February,Good
453-63-6187,Saket,Delhi,Elite,Male,Power Bank,Electronic accessories,27.5,3,4.125,86.625,2019-03-01 0:00:00,15:40:00,Ewallet,82.5,4.761904716,4.125,6.5,Afternoon,Friday,March,Bad
457-12-0244,Kharadi,Pune,Prime,Female,Football,Sports and travel,35.22,6,10.566,221.886,2019-03-14 0:00:00,13:49:00,Ewallet,211.32,4.761904716,10.566,6.5,Afternoon,Thursday,March,Bad
457-13-1708,Kharadi,Pune,Basic,Male,Handbag,Fashion accessories,65.23,10,32.615,684.915,2019-01-08 0:00:00,19:07:00,Credit card,652.3,4.761904716,32.615,5.2,Evening,Tuesday,January,Good
457-94-0464,Baner,Pune,Prime,Male,Mechanical Keyboard,Electronic accessories,87.87,9,39.5415,830.3715,2019-01-31 0:00:00,20:32:00,Ewallet,790.83,4.761904716,39.5415,5.6,Evening,Thursday,January,Good
458-10-8612,Banjara Hills,Hyderabad,Prime,Male,Body Lotion,Health and beauty,64.08,7,22.428,470.988,2019-01-20 0:00:00,12:27:00,Ewallet,448.56,4.761904716,22.428,7.6,Afternoon,Sunday,January,Good
458-41-1477,Connaught Place,Delhi,Prime,Female,Lip Balm,Health and beauty,46.26,6,13.878,291.438,2019-03-08 0:00:00,17:11:00,Credit card,277.56,4.761904716,13.878,9.5,Evening,Friday,March,Bad
458-61-0011,Andheri,Mumbai,Basic,Male,Coca-Cola,Food and beverages,60.3,4,12.06,253.26,2019-02-20 0:00:00,18:43:00,Cash,241.2,4.761904716,12.06,5.8,Evening,Wednesday,February,Bad
459-45-2396,Banjara Hills,Hyderabad,Prime,Female,Tropicana Juice,Food and beverages,99.6,3,14.94,313.74,2019-02-25 0:00:00,18:45:00,Cash,298.8,4.761904716,14.94,5.8,Evening,Monday,February,Bad
459-50-7686,Baner,Pune,Prime,Female,Bluetooth Speaker,Electronic accessories,23.46,6,7.038,147.798,2019-01-13 0:00:00,19:14:00,Ewallet,140.76,4.761904716,7.038,6.4,Evening,Sunday,January,Bad
460-35-4390,Whitefield,Bangalore,Prime,Male,Storage Basket,Home and lifestyle,30.68,3,4.602,96.642,2019-01-22 0:00:00,11:00:00,Ewallet,92.04,4.761904716,4.602,9.1,Morning,Tuesday,January,Bad
460-93-5834,Gachibowli,Hyderabad,Prime,Male,Football,Sports and travel,45.58,7,15.953,335.013,2019-01-13 0:00:00,10:03:00,Cash,319.06,4.761904716,15.953,5,Morning,Sunday,January,Good
462-67-9126,Kharadi,Pune,Prime,Male,Bedsheet,Home and lifestyle,73.22,6,21.966,461.286,2019-01-21 0:00:00,17:44:00,Cash,439.32,4.761904716,21.966,7.2,Evening,Monday,January,Good
462-78-5240,Bandra,Mumbai,Elite,Female,Wireless Mouse,Electronic accessories,26.61,2,2.661,55.881,2019-03-19 0:00:00,14:35:00,Cash,53.22,4.761904716,2.661,4.2,Afternoon,Tuesday,March,Bad
466-61-5506,Connaught Place,Delhi,Prime,Female,Mechanical Keyboard,Electronic accessories,90.7,6,27.21,571.41,2019-02-26 0:00:00,10:52:00,Cash,544.2,4.761904716,27.21,5.3,Morning,Tuesday,February,Good
468-01-2051,Banjara Hills,Hyderabad,Prime,Male,Lay's Chips,Food and beverages,62.08,7,21.728,456.288,2019-03-06 0:00:00,13:46:00,Ewallet,434.56,4.761904716,21.728,5.4,Afternoon,Wednesday,March,Good
468-88-0009,Bandra,Mumbai,Elite,Male,Bedsheet,Home and lifestyle,65.94,4,13.188,276.948,2019-03-24 0:00:00,10:29:00,Cash,263.76,4.761904716,13.188,6,Morning,Sunday,March,Bad
468-99-7231,Connaught Place,Delhi,Basic,Female,Storage Basket,Home and lifestyle,44.01,8,17.604,369.684,2019-03-03 0:00:00,17:36:00,Cash,352.08,4.761904716,17.604,8.8,Evening,Sunday,March,Good
470-31-3286,Powai,Mumbai,Prime,Male,Shampoo,Health and beauty,14.82,3,2.223,46.683,2019-03-01 0:00:00,11:30:00,Credit card,44.46,4.761904716,2.223,8.7,Morning,Friday,March,Bad
470-32-9057,Saket,Delhi,Prime,Male,Nescafe Coffee,Food and beverages,51.34,5,12.835,269.535,2019-03-28 0:00:00,15:31:00,Credit card,256.7,4.761904716,12.835,9.1,Afternoon,Thursday,March,Bad
471-06-8611,Hitech City,Hyderabad,Elite,Female,Tropicana Juice,Food and beverages,52.42,1,2.621,55.041,2019-02-06 0:00:00,10:22:00,Credit card,52.42,4.761904716,2.621,6.3,Morning,Wednesday,February,Bad
471-41-2823,Rohini,Delhi,Elite,Male,Coca-Cola,Food and beverages,99.79,2,9.979,209.559,2019-03-07 0:00:00,20:37:00,Ewallet,199.58,4.761904716,9.979,8,Evening,Thursday,March,Bad
472-15-9636,Banjara Hills,Hyderabad,Prime,Male,Coffee Mug,Home and lifestyle,50.93,8,20.372,427.812,2019-03-22 0:00:00,19:36:00,Ewallet,407.44,4.761904716,20.372,9.2,Evening,Friday,March,Good
474-33-8305,Powai,Mumbai,Basic,Male,Baseball Cap,Fashion accessories,67.39,7,23.5865,495.3165,2019-03-23 0:00:00,13:23:00,Ewallet,471.73,4.761904716,23.5865,6.9,Afternoon,Saturday,March,Good
477-24-6490,Saket,Delhi,Basic,Female,Body Lotion,Health and beauty,99.71,6,29.913,628.173,2019-02-26 0:00:00,16:52:00,Ewallet,598.26,4.761904716,29.913,7.9,Evening,Tuesday,February,Good
477-59-2456,Gachibowli,Hyderabad,Elite,Female,Wrist Watch,Fashion accessories,45.44,7,15.904,333.984,2019-01-23 0:00:00,11:15:00,Cash,318.08,4.761904716,15.904,9.2,Morning,Wednesday,January,Good
478-06-7835,Rohini,Delhi,Basic,Male,Wrist Watch,Fashion accessories,89.69,1,4.4845,94.1745,2019-01-11 0:00:00,11:20:00,Ewallet,89.69,4.761904716,4.4845,4.9,Morning,Friday,January,Bad
479-26-8945,Andheri,Mumbai,Elite,Female,Travel Backpack,Sports and travel,16.49,2,1.649,34.629,2019-02-05 0:00:00,11:32:00,Ewallet,32.98,4.761904716,1.649,4.6,Morning,Tuesday,February,Bad
480-63-2856,Hinjawadi,Pune,Elite,Male,Lay's Chips,Food and beverages,19.25,8,7.7,161.7,2019-01-23 0:00:00,18:37:00,Ewallet,154,4.761904716,7.7,6.6,Evening,Wednesday,January,Bad
482-17-1179,Connaught Place,Delhi,Prime,Male,USB Flash Drive,Electronic accessories,11.94,3,1.791,37.611,2019-01-19 0:00:00,12:47:00,Credit card,35.82,4.761904716,1.791,8.1,Afternoon,Saturday,January,Bad
483-71-1164,Bandra,Mumbai,Basic,Female,Shampoo,Health and beauty,81.3,6,24.39,512.19,2019-03-08 0:00:00,16:43:00,Ewallet,487.8,4.761904716,24.39,5.3,Evening,Friday,March,Good
484-22-8230,Indiranagar,Bangalore,Elite,Female,Wrist Watch,Fashion accessories,51.89,7,18.1615,381.3915,2019-01-08 0:00:00,20:08:00,Cash,363.23,4.761904716,18.1615,4.5,Evening,Tuesday,January,Good
485-30-8700,Hitech City,Hyderabad,Elite,Female,Gym Bag,Sports and travel,33.26,5,8.315,174.615,2019-03-18 0:00:00,16:10:00,Credit card,166.3,4.761904716,8.315,4.2,Evening,Monday,March,Bad
487-79-6868,Hitech City,Hyderabad,Elite,Female,Storage Basket,Home and lifestyle,12.29,9,5.5305,116.1405,2019-03-26 0:00:00,19:28:00,Credit card,110.61,4.761904716,5.5305,8,Evening,Tuesday,March,Bad
488-25-4221,Hitech City,Hyderabad,Elite,Female,Tropicana Juice,Food and beverages,30.41,1,1.5205,31.9305,2019-02-22 0:00:00,10:36:00,Credit card,30.41,4.761904716,1.5205,8.4,Morning,Friday,February,Bad
489-64-4354,Baner,Pune,Basic,Male,Baseball Cap,Fashion accessories,16.28,1,0.814,17.094,2019-03-09 0:00:00,15:36:00,Cash,16.28,4.761904716,0.814,5,Afternoon,Saturday,March,Bad
489-82-1237,Bandra,Mumbai,Elite,Female,Power Bank,Electronic accessories,93.88,7,32.858,690.018,2019-01-05 0:00:00,11:51:00,Credit card,657.16,4.761904716,32.858,7.3,Morning,Saturday,January,Good
490-29-1201,Baner,Pune,Prime,Female,Gym Bag,Sports and travel,15.34,1,0.767,16.107,2019-01-06 0:00:00,11:09:00,Cash,15.34,4.761904716,0.767,6.5,Morning,Sunday,January,Bad
490-95-0021,Koramangala,Bangalore,Prime,Female,Nescafe Coffee,Food and beverages,33.21,10,16.605,348.705,2019-01-08 0:00:00,14:25:00,Ewallet,332.1,4.761904716,16.605,6,Afternoon,Tuesday,January,Good
491-38-3499,Koramangala,Bangalore,Elite,Male,Sunglasses,Fashion accessories,55.45,1,2.7725,58.2225,2019-02-26 0:00:00,17:46:00,Credit card,55.45,4.761904716,2.7725,4.9,Evening,Tuesday,February,Bad
493-65-6248,Koramangala,Bangalore,Basic,Female,Gym Bag,Sports and travel,36.98,10,18.49,388.29,2019-01-01 0:00:00,19:48:00,Credit card,369.8,4.761904716,18.49,7,Evening,Tuesday,January,Good
497-36-0989,Indiranagar,Bangalore,Basic,Male,Wrist Watch,Fashion accessories,51.94,3,7.791,163.611,2019-02-15 0:00:00,15:21:00,Cash,155.82,4.761904716,7.791,7.9,Afternoon,Friday,February,Bad
497-37-6538,Saket,Delhi,Elite,Male,Cricket Bat,Sports and travel,58.91,7,20.6185,432.9885,2019-01-17 0:00:00,15:15:00,Ewallet,412.37,4.761904716,20.6185,9.7,Afternoon,Thursday,January,Good
498-41-1961,Connaught Place,Delhi,Basic,Male,Face Wash,Health and beauty,66.68,5,16.67,350.07,2019-02-20 0:00:00,18:01:00,Cash,333.4,4.761904716,16.67,7.6,Evening,Wednesday,February,Good
499-27-7781,Baner,Pune,Elite,Female,Coca-Cola,Food and beverages,53.21,8,21.284,446.964,2019-03-14 0:00:00,16:45:00,Ewallet,425.68,4.761904716,21.284,5,Evening,Thursday,March,Good
500-02-2261,Rohini,Delhi,Prime,Female,Tropicana Juice,Food and beverages,57.29,6,17.187,360.927,2019-03-21 0:00:00,17:04:00,Ewallet,343.74,4.761904716,17.187,5.9,Evening,Thursday,March,Good
501-61-1753,Rohini,Delhi,Elite,Female,Wall Clock,Home and lifestyle,63.15,6,18.945,397.845,2019-01-03 0:00:00,20:24:00,Ewallet,378.9,4.761904716,18.945,9.8,Evening,Thursday,January,Good
502-05-1910,Baner,Pune,Prime,Male,Body Lotion,Health and beauty,65.18,3,9.777,205.317,2019-02-25 0:00:00,20:35:00,Credit card,195.54,4.761904716,9.777,6.3,Evening,Monday,February,Bad
503-07-0930,Banjara Hills,Hyderabad,Prime,Male,Yoga Mat,Sports and travel,58.39,7,20.4365,429.1665,2019-02-23 0:00:00,19:49:00,Credit card,408.73,4.761904716,20.4365,8.2,Evening,Saturday,February,Good
503-21-4385,Gachibowli,Hyderabad,Prime,Male,Sunscreen,Health and beauty,39.91,3,5.9865,125.7165,2019-02-21 0:00:00,12:40:00,Ewallet,119.73,4.761904716,5.9865,9.3,Afternoon,Thursday,February,Bad
504-35-8843,Koramangala,Bangalore,Prime,Male,Yoga Mat,Sports and travel,42.47,1,2.1235,44.5935,2019-01-02 0:00:00,16:57:00,Cash,42.47,4.761904716,2.1235,5.7,Evening,Wednesday,January,Bad
505-02-0892,Koramangala,Bangalore,Prime,Male,Lip Balm,Health and beauty,42.57,8,17.028,357.588,2019-02-25 0:00:00,14:12:00,Ewallet,340.56,4.761904716,17.028,5.6,Afternoon,Monday,February,Good
509-10-0516,Saket,Delhi,Basic,Male,Table Lamp,Home and lifestyle,45.97,4,9.194,193.074,2019-02-09 0:00:00,12:02:00,Ewallet,183.88,4.761904716,9.194,5.1,Afternoon,Saturday,February,Bad
509-29-3912,Hinjawadi,Pune,Basic,Female,Yoga Mat,Sports and travel,38.72,9,17.424,365.904,2019-03-20 0:00:00,12:24:00,Ewallet,348.48,4.761904716,17.424,4.2,Afternoon,Wednesday,March,Good
510-09-5628,Kharadi,Pune,Basic,Female,Baseball Cap,Fashion accessories,19.66,10,9.83,206.43,2019-03-15 0:00:00,18:20:00,Credit card,196.6,4.761904716,9.83,7.2,Evening,Friday,March,Bad
510-79-0415,Powai,Mumbai,Prime,Female,Travel Backpack,Sports and travel,23.08,6,6.924,145.404,2019-01-24 0:00:00,19:20:00,Ewallet,138.48,4.761904716,6.924,4.9,Evening,Thursday,January,Bad
510-95-6347,Andheri,Mumbai,Elite,Female,Coca-Cola,Food and beverages,48.52,3,7.278,152.838,2019-03-05 0:00:00,18:17:00,Ewallet,145.56,4.761904716,7.278,4,Evening,Tuesday,March,Bad
511-54-3087,Hitech City,Hyderabad,Elite,Male,Football,Sports and travel,88.45,1,4.4225,92.8725,2019-02-25 0:00:00,16:36:00,Credit card,88.45,4.761904716,4.4225,9.5,Evening,Monday,February,Bad
512-91-0811,Indiranagar,Bangalore,Elite,Male,Body Lotion,Health and beauty,89.75,1,4.4875,94.2375,2019-02-06 0:00:00,20:05:00,Credit card,89.75,4.761904716,4.4875,6.6,Evening,Wednesday,February,Bad
512-98-1403,Rohini,Delhi,Elite,Female,USB Flash Drive,Electronic accessories,26.48,3,3.972,83.412,2019-03-21 0:00:00,10:40:00,Ewallet,79.44,4.761904716,3.972,4.7,Morning,Thursday,March,Bad
514-37-2845,Baner,Pune,Basic,Male,Leather Wallet,Fashion accessories,99.25,2,9.925,208.425,2019-03-20 0:00:00,13:02:00,Cash,198.5,4.761904716,9.925,9,Afternoon,Wednesday,March,Bad
516-77-6464,Powai,Mumbai,Basic,Female,Body Lotion,Health and beauty,10.16,5,2.54,53.34,2019-02-24 0:00:00,13:08:00,Ewallet,50.8,4.761904716,2.54,4.1,Afternoon,Sunday,February,Bad
518-17-2983,Hitech City,Hyderabad,Prime,Female,Handbag,Fashion accessories,48.63,4,9.726,204.246,2019-02-04 0:00:00,15:44:00,Ewallet,194.52,4.761904716,9.726,7.6,Afternoon,Monday,February,Bad
518-71-6847,Banjara Hills,Hyderabad,Basic,Male,Lay's Chips,Food and beverages,26.6,6,7.98,167.58,2019-02-26 0:00:00,15:10:00,Ewallet,159.6,4.761904716,7.98,4.9,Afternoon,Tuesday,February,Bad
521-18-7827,Andheri,Mumbai,Basic,Male,Storage Basket,Home and lifestyle,39.39,5,9.8475,206.7975,2019-01-22 0:00:00,20:46:00,Credit card,196.95,4.761904716,9.8475,8.7,Evening,Tuesday,January,Bad
522-57-8364,Koramangala,Bangalore,Basic,Male,Baseball Cap,Fashion accessories,51.34,8,20.536,431.256,2019-01-31 0:00:00,10:00:00,Ewallet,410.72,4.761904716,20.536,7.6,Morning,Thursday,January,Good
523-38-0215,Connaught Place,Delhi,Elite,Male,Bedsheet,Home and lifestyle,37,1,1.85,38.85,2019-03-06 0:00:00,13:29:00,Credit card,37,4.761904716,1.85,7.9,Afternoon,Wednesday,March,Bad
525-09-8450,Gachibowli,Hyderabad,Elite,Male,Power Bank,Electronic accessories,72.13,10,36.065,757.365,2019-01-31 0:00:00,15:12:00,Credit card,721.3,4.761904716,36.065,4.2,Afternoon,Thursday,January,Good
525-88-7307,Connaught Place,Delhi,Prime,Male,Football,Sports and travel,75.82,1,3.791,79.611,2019-01-31 0:00:00,13:19:00,Cash,75.82,4.761904716,3.791,5.8,Afternoon,Thursday,January,Bad
526-86-8552,Powai,Mumbai,Prime,Female,Bedsheet,Home and lifestyle,21.82,10,10.91,229.11,2019-01-07 0:00:00,17:36:00,Cash,218.2,4.761904716,10.91,7.1,Evening,Monday,January,Bad
527-09-6272,Kharadi,Pune,Prime,Female,Wireless Mouse,Electronic accessories,28.45,5,7.1125,149.3625,2019-03-21 0:00:00,10:17:00,Credit card,142.25,4.761904716,7.1125,9.1,Morning,Thursday,March,Bad
528-14-9470,Rohini,Delhi,Basic,Male,Face Wash,Health and beauty,91.3,1,4.565,95.865,2019-02-14 0:00:00,14:42:00,Ewallet,91.3,4.761904716,4.565,9.2,Afternoon,Thursday,February,Bad
528-87-5606,Hitech City,Hyderabad,Elite,Female,Wireless Mouse,Electronic accessories,39.48,1,1.974,41.454,2019-02-12 0:00:00,19:43:00,Cash,39.48,4.761904716,1.974,6.5,Evening,Tuesday,February,Bad
529-56-3974,Gachibowli,Hyderabad,Basic,Male,Bluetooth Speaker,Electronic accessories,25.51,4,5.102,107.142,2019-03-09 0:00:00,17:03:00,Cash,102.04,4.761904716,5.102,6.8,Evening,Saturday,March,Bad
530-90-9855,Powai,Mumbai,Basic,Male,Table Lamp,Home and lifestyle,47.59,8,19.036,399.756,2019-01-01 0:00:00,14:47:00,Cash,380.72,4.761904716,19.036,5.7,Afternoon,Tuesday,January,Good
531-56-4728,Hinjawadi,Pune,Prime,Male,Bedsheet,Home and lifestyle,80.08,3,12.012,252.252,2019-02-11 0:00:00,15:29:00,Cash,240.24,4.761904716,12.012,5.4,Afternoon,Monday,February,Bad
531-80-1784,Baner,Pune,Prime,Male,Mechanical Keyboard,Electronic accessories,26.02,7,9.107,191.247,2019-03-28 0:00:00,17:38:00,Cash,182.14,4.761904716,9.107,5.1,Evening,Thursday,March,Bad
532-59-7201,Baner,Pune,Elite,Male,Cricket Bat,Sports and travel,79.93,6,23.979,503.559,2019-01-31 0:00:00,14:04:00,Cash,479.58,4.761904716,23.979,5.5,Afternoon,Thursday,January,Good
533-33-5337,Baner,Pune,Prime,Male,Wireless Mouse,Electronic accessories,79.39,10,39.695,833.595,2019-02-07 0:00:00,20:24:00,Cash,793.9,4.761904716,39.695,6.2,Evening,Thursday,February,Good
533-66-5566,Powai,Mumbai,Basic,Female,Wall Clock,Home and lifestyle,51.07,7,17.8745,375.3645,2019-01-12 0:00:00,11:42:00,Cash,357.49,4.761904716,17.8745,7,Morning,Saturday,January,Good
534-01-4457,Whitefield,Bangalore,Elite,Male,Lay's Chips,Food and beverages,81.71,6,24.513,514.773,2019-01-27 0:00:00,14:36:00,Credit card,490.26,4.761904716,24.513,8,Afternoon,Sunday,January,Good
534-53-3526,Saket,Delhi,Elite,Female,Travel Backpack,Sports and travel,94.76,4,18.952,397.992,2019-02-11 0:00:00,16:06:00,Ewallet,379.04,4.761904716,18.952,7.8,Evening,Monday,February,Good
537-72-0426,Rohini,Delhi,Basic,Male,Baseball Cap,Fashion accessories,70.99,10,35.495,745.395,2019-03-20 0:00:00,16:28:00,Cash,709.9,4.761904716,35.495,5.7,Evening,Wednesday,March,Good
538-22-0304,Hinjawadi,Pune,Basic,Male,Mechanical Keyboard,Electronic accessories,64.95,10,32.475,681.975,2019-03-24 0:00:00,18:27:00,Cash,649.5,4.761904716,32.475,5.2,Evening,Sunday,March,Good
539-21-7227,Baner,Pune,Prime,Female,Travel Backpack,Sports and travel,51.54,5,12.885,270.585,2019-01-26 0:00:00,17:45:00,Cash,257.7,4.761904716,12.885,4.2,Evening,Saturday,January,Bad
540-11-4336,Banjara Hills,Hyderabad,Basic,Male,Coca-Cola,Food and beverages,24.94,9,11.223,235.683,2019-01-11 0:00:00,16:49:00,Credit card,224.46,4.761904716,11.223,5.6,Evening,Friday,January,Bad
541-08-3113,Koramangala,Bangalore,Prime,Male,Coca-Cola,Food and beverages,65.97,8,26.388,554.148,2019-02-02 0:00:00,20:29:00,Cash,527.76,4.761904716,26.388,8.4,Evening,Saturday,February,Good
541-48-8554,Indiranagar,Bangalore,Basic,Male,Gym Bag,Sports and travel,60.95,9,27.4275,575.9775,2019-01-07 0:00:00,12:08:00,Credit card,548.55,4.761904716,27.4275,6,Afternoon,Monday,January,Good
541-89-9860,Bandra,Mumbai,Prime,Female,Wrist Watch,Fashion accessories,80.48,3,12.072,253.512,2019-02-15 0:00:00,12:31:00,Cash,241.44,4.761904716,12.072,8.1,Afternoon,Friday,February,Bad
542-41-0513,Connaught Place,Delhi,Basic,Female,Power Bank,Electronic accessories,57.49,4,11.498,241.458,2019-03-15 0:00:00,11:57:00,Cash,229.96,4.761904716,11.498,6.6,Morning,Friday,March,Bad
544-32-5024,Indiranagar,Bangalore,Prime,Female,Lay's Chips,Food and beverages,49.79,4,9.958,209.118,2019-03-28 0:00:00,19:16:00,Credit card,199.16,4.761904716,9.958,6.4,Evening,Thursday,March,Bad
544-55-9589,Whitefield,Bangalore,Basic,Female,Mechanical Keyboard,Electronic accessories,21.43,10,10.715,225.015,2019-01-28 0:00:00,11:51:00,Cash,214.3,4.761904716,10.715,6.2,Morning,Monday,January,Bad
545-07-8534,Kharadi,Pune,Prime,Female,Face Wash,Health and beauty,58.32,2,5.832,122.472,2019-02-14 0:00:00,12:42:00,Ewallet,116.64,4.761904716,5.832,6,Afternoon,Thursday,February,Bad
545-46-3100,Koramangala,Bangalore,Basic,Female,USB Flash Drive,Electronic accessories,10.59,3,1.5885,33.3585,2019-03-12 0:00:00,13:52:00,Credit card,31.77,4.761904716,1.5885,8.7,Afternoon,Tuesday,March,Bad
546-80-2899,Rohini,Delhi,Basic,Male,Storage Basket,Home and lifestyle,37.69,2,3.769,79.149,2019-02-20 0:00:00,15:29:00,Ewallet,75.38,4.761904716,3.769,9.5,Afternoon,Wednesday,February,Bad
548-46-9322,Gachibowli,Hyderabad,Prime,Male,Coca-Cola,Food and beverages,39.9,10,19.95,418.95,2019-02-20 0:00:00,15:24:00,Credit card,399,4.761904716,19.95,5.9,Afternoon,Wednesday,February,Good
548-48-3156,Banjara Hills,Hyderabad,Prime,Female,Oreo Biscuits,Food and beverages,83.34,2,8.334,175.014,2019-03-19 0:00:00,13:37:00,Cash,166.68,4.761904716,8.334,7.6,Afternoon,Tuesday,March,Bad
549-03-9315,Banjara Hills,Hyderabad,Basic,Male,Handbag,Fashion accessories,94.87,8,37.948,796.908,2019-02-12 0:00:00,12:58:00,Ewallet,758.96,4.761904716,37.948,8.7,Afternoon,Tuesday,February,Good
549-23-9016,Indiranagar,Bangalore,Basic,Female,Tropicana Juice,Food and beverages,14.87,2,1.487,31.227,2019-02-13 0:00:00,18:15:00,Credit card,29.74,4.761904716,1.487,8.9,Evening,Wednesday,February,Bad
549-59-1358,Gachibowli,Hyderabad,Elite,Male,Gym Bag,Sports and travel,88.63,3,13.2945,279.1845,2019-03-02 0:00:00,17:36:00,Ewallet,265.89,4.761904716,13.2945,6,Evening,Saturday,March,Bad
549-84-7482,Saket,Delhi,Elite,Female,Yoga Mat,Sports and travel,90.28,9,40.626,853.146,2019-02-08 0:00:00,11:15:00,Ewallet,812.52,4.761904716,40.626,7.2,Morning,Friday,February,Good
549-96-4200,Connaught Place,Delhi,Prime,Male,Nescafe Coffee,Food and beverages,17.04,4,3.408,71.568,2019-03-08 0:00:00,20:15:00,Ewallet,68.16,4.761904716,3.408,7,Evening,Friday,March,Bad
550-84-8664,Baner,Pune,Prime,Male,Cricket Bat,Sports and travel,85.91,5,21.4775,451.0275,2019-03-22 0:00:00,14:33:00,Credit card,429.55,4.761904716,21.4775,8.6,Afternoon,Friday,March,Good
551-21-3069,Connaught Place,Delhi,Elite,Female,Mechanical Keyboard,Electronic accessories,23.07,9,10.3815,218.0115,2019-02-01 0:00:00,11:27:00,Cash,207.63,4.761904716,10.3815,4.9,Morning,Friday,February,Bad
552-44-5977,Gachibowli,Hyderabad,Prime,Male,Shampoo,Health and beauty,62,8,24.8,520.8,2019-01-03 0:00:00,19:08:00,Credit card,496,4.761904716,24.8,6.2,Evening,Thursday,January,Good
554-42-2417,Bandra,Mumbai,Elite,Female,Gym Bag,Sports and travel,95.44,10,47.72,1002.12,2019-01-09 0:00:00,13:45:00,Cash,954.4,4.761904716,47.72,5.2,Afternoon,Wednesday,January,Good
554-53-3790,Baner,Pune,Prime,Male,Cricket Bat,Sports and travel,37.02,6,11.106,233.226,2019-03-22 0:00:00,18:33:00,Cash,222.12,4.761904716,11.106,4.5,Evening,Friday,March,Bad
554-53-8700,Gachibowli,Hyderabad,Elite,Male,Table Lamp,Home and lifestyle,56.11,2,5.611,117.831,2019-02-02 0:00:00,10:11:00,Cash,112.22,4.761904716,5.611,6.3,Morning,Saturday,February,Bad
556-41-6224,Banjara Hills,Hyderabad,Prime,Male,Face Wash,Health and beauty,33.64,8,13.456,282.576,2019-02-15 0:00:00,17:10:00,Credit card,269.12,4.761904716,13.456,9.3,Evening,Friday,February,Bad
556-72-8512,Saket,Delhi,Elite,Male,Storage Basket,Home and lifestyle,22.96,1,1.148,24.108,2019-01-30 0:00:00,20:47:00,Cash,22.96,4.761904716,1.148,4.3,Evening,Wednesday,January,Bad
556-86-3144,Kharadi,Pune,Basic,Female,Sunglasses,Fashion accessories,74.29,1,3.7145,78.0045,2019-01-13 0:00:00,19:30:00,Cash,74.29,4.761904716,3.7145,5,Evening,Sunday,January,Bad
556-97-7101,Rohini,Delhi,Elite,Female,Mechanical Keyboard,Electronic accessories,63.22,2,6.322,132.762,2019-01-01 0:00:00,15:51:00,Cash,126.44,4.761904716,6.322,8.5,Afternoon,Tuesday,January,Bad
558-60-5016,Banjara Hills,Hyderabad,Elite,Female,Storage Basket,Home and lifestyle,33.3,9,14.985,314.685,2019-03-04 0:00:00,15:27:00,Ewallet,299.7,4.761904716,14.985,7.2,Afternoon,Monday,March,Bad
558-80-4082,Gachibowli,Hyderabad,Elite,Male,Power Bank,Electronic accessories,27.85,7,9.7475,204.6975,2019-03-14 0:00:00,17:20:00,Ewallet,194.95,4.761904716,9.7475,6,Evening,Thursday,March,Bad
559-61-5987,Koramangala,Bangalore,Basic,Female,Body Lotion,Health and beauty,17.75,1,0.8875,18.6375,2019-01-14 0:00:00,10:38:00,Cash,17.75,4.761904716,0.8875,8.6,Morning,Monday,January,Bad
559-98-9873,Whitefield,Bangalore,Prime,Female,Leather Wallet,Fashion accessories,53.65,7,18.7775,394.3275,2019-02-10 0:00:00,12:56:00,Ewallet,375.55,4.761904716,18.7775,5.2,Afternoon,Sunday,February,Good
560-30-5617,Bandra,Mumbai,Prime,Female,Football,Sports and travel,24.77,5,6.1925,130.0425,2019-03-24 0:00:00,18:27:00,Cash,123.85,4.761904716,6.1925,8.5,Evening,Sunday,March,Bad
560-49-6611,Koramangala,Bangalore,Basic,Female,Travel Backpack,Sports and travel,45.58,1,2.279,47.859,2019-02-07 0:00:00,14:13:00,Cash,45.58,4.761904716,2.279,9.8,Afternoon,Thursday,February,Bad
562-12-5430,Baner,Pune,Basic,Female,Baseball Cap,Fashion accessories,88.15,3,13.2225,277.6725,2019-01-18 0:00:00,10:11:00,Ewallet,264.45,4.761904716,13.2225,7.9,Morning,Friday,January,Bad
563-36-9814,Bandra,Mumbai,Prime,Male,Power Bank,Electronic accessories,76.82,1,3.841,80.661,2019-02-13 0:00:00,18:27:00,Ewallet,76.82,4.761904716,3.841,7.2,Evening,Wednesday,February,Bad
563-47-4072,Banjara Hills,Hyderabad,Prime,Female,Sunscreen,Health and beauty,55.81,6,16.743,351.603,2019-01-22 0:00:00,11:52:00,Cash,334.86,4.761904716,16.743,9.9,Morning,Tuesday,January,Good
563-91-7120,Rohini,Delhi,Elite,Female,Wrist Watch,Fashion accessories,61.77,5,15.4425,324.2925,2019-03-08 0:00:00,13:21:00,Cash,308.85,4.761904716,15.4425,6.7,Afternoon,Friday,March,Good
565-17-3836,Hinjawadi,Pune,Basic,Female,Sunscreen,Health and beauty,47.67,4,9.534,200.214,2019-03-12 0:00:00,14:21:00,Cash,190.68,4.761904716,9.534,9.1,Afternoon,Tuesday,March,Bad
565-67-6697,Bandra,Mumbai,Basic,Male,Bedsheet,Home and lifestyle,27,9,12.15,255.15,2019-03-02 0:00:00,14:16:00,Cash,243,4.761904716,12.15,4.8,Afternoon,Saturday,March,Bad
565-80-5980,Hinjawadi,Pune,Elite,Female,Table Lamp,Home and lifestyle,47.38,4,9.476,198.996,2019-01-23 0:00:00,10:25:00,Cash,189.52,4.761904716,9.476,7.1,Morning,Wednesday,January,Bad
565-91-4567,Whitefield,Bangalore,Elite,Male,Shampoo,Health and beauty,10.75,8,4.3,90.3,2019-03-15 0:00:00,14:38:00,Ewallet,86,4.761904716,4.3,6.2,Afternoon,Friday,March,Bad
566-19-5475,Bandra,Mumbai,Prime,Male,Baseball Cap,Fashion accessories,47.97,7,16.7895,352.5795,2019-01-07 0:00:00,20:52:00,Cash,335.79,4.761904716,16.7895,6.2,Evening,Monday,January,Good
566-71-1091,Rohini,Delhi,Prime,Male,Baseball Cap,Fashion accessories,77.02,5,19.255,404.355,2019-02-03 0:00:00,15:59:00,Cash,385.1,4.761904716,19.255,5.5,Afternoon,Sunday,February,Good
568-88-3448,Connaught Place,Delhi,Prime,Male,Shampoo,Health and beauty,25,1,1.25,26.25,2019-03-03 0:00:00,15:09:00,Ewallet,25,4.761904716,1.25,5.5,Afternoon,Sunday,March,Bad
568-90-5112,Whitefield,Bangalore,Elite,Male,Shampoo,Health and beauty,66.14,4,13.228,277.788,2019-03-19 0:00:00,12:46:00,Credit card,264.56,4.761904716,13.228,5.6,Afternoon,Tuesday,March,Bad
569-71-4390,Connaught Place,Delhi,Elite,Male,Travel Backpack,Sports and travel,21.87,2,2.187,45.927,2019-01-25 0:00:00,14:29:00,Ewallet,43.74,4.761904716,2.187,6.9,Afternoon,Friday,January,Bad
569-76-2760,Connaught Place,Delhi,Basic,Female,Travel Backpack,Sports and travel,22.01,4,4.402,92.442,2019-01-29 0:00:00,18:15:00,Credit card,88.04,4.761904716,4.402,6.6,Evening,Tuesday,January,Bad
571-94-0759,Andheri,Mumbai,Prime,Female,Oreo Biscuits,Food and beverages,74.6,10,37.3,783.3,2019-01-08 0:00:00,20:55:00,Cash,746,4.761904716,37.3,9.5,Evening,Tuesday,January,Good
573-10-3877,Whitefield,Bangalore,Basic,Male,Sunscreen,Health and beauty,39.01,1,1.9505,40.9605,2019-03-12 0:00:00,16:46:00,Credit card,39.01,4.761904716,1.9505,4.7,Evening,Tuesday,March,Bad
573-58-9734,Hinjawadi,Pune,Prime,Female,Leather Wallet,Fashion accessories,30.37,3,4.5555,95.6655,2019-03-28 0:00:00,13:41:00,Ewallet,91.11,4.761904716,4.5555,5.1,Afternoon,Thursday,March,Bad
573-98-8548,Kharadi,Pune,Basic,Female,Leather Wallet,Fashion accessories,31.9,1,1.595,33.495,2019-01-05 0:00:00,12:40:00,Ewallet,31.9,4.761904716,1.595,9.1,Afternoon,Saturday,January,Bad
574-22-5561,Saket,Delhi,Prime,Female,Leather Wallet,Fashion accessories,82.63,10,41.315,867.615,2019-03-19 0:00:00,17:08:00,Ewallet,826.3,4.761904716,41.315,7.9,Evening,Tuesday,March,Good
574-31-8277,Whitefield,Bangalore,Prime,Male,Wrist Watch,Fashion accessories,33.63,1,1.6815,35.3115,2019-03-20 0:00:00,19:55:00,Cash,33.63,4.761904716,1.6815,5.6,Evening,Wednesday,March,Bad
574-57-9721,Whitefield,Bangalore,Prime,Male,Tropicana Juice,Food and beverages,43.27,2,4.327,90.867,2019-03-08 0:00:00,16:53:00,Ewallet,86.54,4.761904716,4.327,5.7,Evening,Friday,March,Bad
574-80-1489,Kharadi,Pune,Prime,Female,Coca-Cola,Food and beverages,62.85,4,12.57,263.97,2019-02-25 0:00:00,13:22:00,Ewallet,251.4,4.761904716,12.57,8.7,Afternoon,Monday,February,Bad
575-30-8091,Gachibowli,Hyderabad,Elite,Male,Cricket Bat,Sports and travel,72.5,8,29,609,2019-03-16 0:00:00,19:25:00,Ewallet,580,4.761904716,29,9.2,Evening,Saturday,March,Good
575-67-1508,Saket,Delhi,Basic,Male,Bluetooth Speaker,Electronic accessories,38.6,1,1.93,40.53,2019-01-29 0:00:00,11:26:00,Ewallet,38.6,4.761904716,1.93,6.7,Morning,Tuesday,January,Bad
576-31-4774,Gachibowli,Hyderabad,Basic,Female,Body Lotion,Health and beauty,73.41,3,11.0115,231.2415,2019-03-02 0:00:00,13:10:00,Ewallet,220.23,4.761904716,11.0115,4,Afternoon,Saturday,March,Bad
577-34-7579,Whitefield,Bangalore,Elite,Male,Tropicana Juice,Food and beverages,50.49,9,22.7205,477.1305,2019-01-10 0:00:00,17:16:00,Cash,454.41,4.761904716,22.7205,5.4,Evening,Thursday,January,Good
578-80-7669,Saket,Delhi,Elite,Male,Yoga Mat,Sports and travel,74.97,1,3.7485,78.7185,2019-03-16 0:00:00,16:58:00,Cash,74.97,4.761904716,3.7485,5.6,Evening,Saturday,March,Bad
582-52-8065,Banjara Hills,Hyderabad,Basic,Female,Handbag,Fashion accessories,54.31,9,24.4395,513.2295,2019-02-22 0:00:00,10:49:00,Cash,488.79,4.761904716,24.4395,8.9,Morning,Friday,February,Good
583-41-4548,Banjara Hills,Hyderabad,Prime,Male,Table Lamp,Home and lifestyle,16.67,7,5.8345,122.5245,2019-02-07 0:00:00,11:36:00,Ewallet,116.69,4.761904716,5.8345,7.4,Morning,Thursday,February,Bad
583-72-1480,Banjara Hills,Hyderabad,Prime,Male,USB Flash Drive,Electronic accessories,37.06,4,7.412,155.652,2019-01-31 0:00:00,16:24:00,Ewallet,148.24,4.761904716,7.412,9.7,Evening,Thursday,January,Bad
584-66-4073,Baner,Pune,Prime,Male,Baseball Cap,Fashion accessories,56.5,1,2.825,59.325,2019-03-13 0:00:00,15:45:00,Ewallet,56.5,4.761904716,2.825,9.6,Afternoon,Wednesday,March,Bad
584-86-7256,Andheri,Mumbai,Basic,Male,Cricket Bat,Sports and travel,34.56,7,12.096,254.016,2019-03-11 0:00:00,16:07:00,Credit card,241.92,4.761904716,12.096,7.3,Evening,Monday,March,Bad
585-03-5943,Powai,Mumbai,Elite,Male,Face Wash,Health and beauty,18.11,10,9.055,190.155,2019-03-13 0:00:00,11:46:00,Ewallet,181.1,4.761904716,9.055,5.9,Morning,Wednesday,March,Bad
585-11-6748,Indiranagar,Bangalore,Elite,Male,Cricket Bat,Sports and travel,96.8,3,14.52,304.92,2019-03-15 0:00:00,13:05:00,Cash,290.4,4.761904716,14.52,5.3,Afternoon,Friday,March,Bad
585-86-8361,Indiranagar,Bangalore,Basic,Female,Nescafe Coffee,Food and beverages,27.28,5,6.82,143.22,2019-02-03 0:00:00,10:31:00,Credit card,136.4,4.761904716,6.82,8.6,Morning,Sunday,February,Bad
585-90-0249,Andheri,Mumbai,Basic,Male,Mechanical Keyboard,Electronic accessories,73.26,1,3.663,76.923,2019-01-27 0:00:00,18:08:00,Ewallet,73.26,4.761904716,3.663,9.7,Evening,Sunday,January,Bad
586-25-0848,Baner,Pune,Elite,Female,Yoga Mat,Sports and travel,12.34,7,4.319,90.699,2019-03-04 0:00:00,11:19:00,Credit card,86.38,4.761904716,4.319,6.7,Morning,Monday,March,Bad
587-03-7455,Hitech City,Hyderabad,Basic,Female,Leather Wallet,Fashion accessories,97.79,7,34.2265,718.7565,2019-02-16 0:00:00,17:30:00,Ewallet,684.53,4.761904716,34.2265,4.9,Evening,Saturday,February,Good
587-73-4862,Baner,Pune,Basic,Female,Shampoo,Health and beauty,10.69,5,2.6725,56.1225,2019-03-26 0:00:00,11:07:00,Ewallet,53.45,4.761904716,2.6725,7.6,Morning,Tuesday,March,Bad
588-01-7461,Koramangala,Bangalore,Basic,Female,Lay's Chips,Food and beverages,33.98,9,15.291,321.111,2019-03-24 0:00:00,10:43:00,Cash,305.82,4.761904716,15.291,4.2,Morning,Sunday,March,Bad
588-47-8641,Powai,Mumbai,Elite,Male,Baseball Cap,Fashion accessories,56.04,10,28.02,588.42,2019-01-14 0:00:00,19:30:00,Ewallet,560.4,4.761904716,28.02,4.4,Evening,Monday,January,Good
589-02-8023,Andheri,Mumbai,Prime,Male,Oreo Biscuits,Food and beverages,83.77,2,8.377,175.917,2019-01-15 0:00:00,10:54:00,Credit card,167.54,4.761904716,8.377,7,Morning,Tuesday,January,Bad
590-83-4591,Hinjawadi,Pune,Basic,Male,Wireless Mouse,Electronic accessories,87.45,6,26.235,550.935,2019-02-17 0:00:00,14:40:00,Credit card,524.7,4.761904716,26.235,8.8,Afternoon,Sunday,February,Good
592-34-6155,Whitefield,Bangalore,Prime,Male,Coca-Cola,Food and beverages,31.77,4,6.354,133.434,2019-01-14 0:00:00,14:43:00,Ewallet,127.08,4.761904716,6.354,6.2,Afternoon,Monday,January,Bad
592-46-1692,Saket,Delhi,Prime,Female,Coca-Cola,Food and beverages,36.77,7,12.8695,270.2595,2019-01-11 0:00:00,20:10:00,Cash,257.39,4.761904716,12.8695,7.4,Evening,Friday,January,Bad
593-08-5916,Hitech City,Hyderabad,Basic,Female,Wrist Watch,Fashion accessories,15.5,1,0.775,16.275,2019-03-19 0:00:00,15:23:00,Credit card,15.5,4.761904716,0.775,7.4,Afternoon,Tuesday,March,Bad
593-14-4239,Bandra,Mumbai,Elite,Female,Bedsheet,Home and lifestyle,95.46,8,38.184,801.864,2019-03-05 0:00:00,19:40:00,Ewallet,763.68,4.761904716,38.184,4.7,Evening,Tuesday,March,Good
593-65-1552,Saket,Delhi,Basic,Female,Table Lamp,Home and lifestyle,69.81,4,13.962,293.202,2019-01-28 0:00:00,20:50:00,Credit card,279.24,4.761904716,13.962,5.9,Evening,Monday,January,Bad
593-95-4461,Powai,Mumbai,Prime,Male,Table Lamp,Home and lifestyle,74.86,1,3.743,78.603,2019-03-24 0:00:00,14:49:00,Cash,74.86,4.761904716,3.743,6.9,Afternoon,Sunday,March,Bad
594-34-4444,Andheri,Mumbai,Elite,Male,Bluetooth Speaker,Electronic accessories,97.16,1,4.858,102.018,2019-03-08 0:00:00,20:38:00,Ewallet,97.16,4.761904716,4.858,7.2,Evening,Friday,March,Bad
595-11-5460,Whitefield,Bangalore,Basic,Male,Lip Balm,Health and beauty,96.58,2,9.658,202.818,2019-03-15 0:00:00,10:12:00,Credit card,193.16,4.761904716,9.658,5.1,Morning,Friday,March,Bad
595-27-4851,Bandra,Mumbai,Basic,Female,Leather Wallet,Fashion accessories,54.28,7,18.998,398.958,2019-01-27 0:00:00,18:05:00,Ewallet,379.96,4.761904716,18.998,9.3,Evening,Sunday,January,Good
595-86-2894,Kharadi,Pune,Basic,Male,Handbag,Fashion accessories,96.98,4,19.396,407.316,2019-02-06 0:00:00,17:20:00,Ewallet,387.92,4.761904716,19.396,9.4,Evening,Wednesday,February,Good
595-94-9924,Saket,Delhi,Basic,Female,Face Wash,Health and beauty,27.73,5,6.9325,145.5825,2019-03-26 0:00:00,20:21:00,Credit card,138.65,4.761904716,6.9325,4.2,Evening,Tuesday,March,Bad
596-42-3999,Indiranagar,Bangalore,Elite,Male,Tropicana Juice,Food and beverages,18.22,7,6.377,133.917,2019-03-10 0:00:00,14:04:00,Credit card,127.54,4.761904716,6.377,6.6,Afternoon,Sunday,March,Bad
597-78-7908,Connaught Place,Delhi,Elite,Male,Handbag,Fashion accessories,90.22,3,13.533,284.193,2019-02-18 0:00:00,19:39:00,Cash,270.66,4.761904716,13.533,6.2,Evening,Monday,February,Bad
598-06-7312,Rohini,Delhi,Basic,Male,Baseball Cap,Fashion accessories,91.35,1,4.5675,95.9175,2019-02-16 0:00:00,15:42:00,Cash,91.35,4.761904716,4.5675,6.8,Afternoon,Saturday,February,Bad
598-47-9715,Saket,Delhi,Basic,Male,USB Flash Drive,Electronic accessories,84.07,4,16.814,353.094,2019-03-07 0:00:00,16:54:00,Ewallet,336.28,4.761904716,16.814,4.4,Evening,Thursday,March,Good
600-38-9738,Koramangala,Bangalore,Prime,Male,Yoga Mat,Sports and travel,71.92,5,17.98,377.58,2019-01-17 0:00:00,15:05:00,Credit card,359.6,4.761904716,17.98,4.3,Afternoon,Thursday,January,Good
602-16-6955,Indiranagar,Bangalore,Basic,Female,Cricket Bat,Sports and travel,76.6,10,38.3,804.3,2019-01-24 0:00:00,18:10:00,Ewallet,766,4.761904716,38.3,6,Evening,Thursday,January,Good
602-80-9671,Hinjawadi,Pune,Prime,Female,Storage Basket,Home and lifestyle,15.95,6,4.785,100.485,2019-02-09 0:00:00,17:15:00,Credit card,95.7,4.761904716,4.785,5.1,Evening,Saturday,February,Bad
603-07-0961,Powai,Mumbai,Basic,Male,Power Bank,Electronic accessories,74.79,5,18.6975,392.6475,2019-01-10 0:00:00,11:34:00,Cash,373.95,4.761904716,18.6975,4.9,Morning,Thursday,January,Good
604-70-6476,Gachibowli,Hyderabad,Basic,Male,Sunglasses,Fashion accessories,17.94,5,4.485,94.185,2019-01-23 0:00:00,14:04:00,Ewallet,89.7,4.761904716,4.485,6.8,Afternoon,Wednesday,January,Bad
605-03-2706,Rohini,Delhi,Prime,Female,Body Lotion,Health and beauty,15.8,3,2.37,49.77,2019-03-25 0:00:00,18:02:00,Cash,47.4,4.761904716,2.37,9.5,Evening,Monday,March,Bad
605-72-4132,Hinjawadi,Pune,Prime,Female,Nescafe Coffee,Food and beverages,94.47,8,37.788,793.548,2019-02-27 0:00:00,15:12:00,Cash,755.76,4.761904716,37.788,9.1,Afternoon,Wednesday,February,Good
605-83-1050,Andheri,Mumbai,Basic,Male,Handbag,Fashion accessories,27.18,2,2.718,57.078,2019-03-15 0:00:00,16:26:00,Ewallet,54.36,4.761904716,2.718,4.3,Evening,Friday,March,Bad
606-80-4905,Koramangala,Bangalore,Prime,Female,Yoga Mat,Sports and travel,19.15,6,5.745,120.645,2019-01-29 0:00:00,10:01:00,Credit card,114.9,4.761904716,5.745,6.8,Morning,Tuesday,January,Bad
607-65-2441,Banjara Hills,Hyderabad,Basic,Male,Lip Balm,Health and beauty,81.95,10,40.975,860.475,2019-03-10 0:00:00,12:39:00,Credit card,819.5,4.761904716,40.975,6,Afternoon,Sunday,March,Good
607-76-6216,Connaught Place,Delhi,Basic,Female,Sunglasses,Fashion accessories,92.49,5,23.1225,485.5725,2019-03-02 0:00:00,16:35:00,Credit card,462.45,4.761904716,23.1225,8.6,Evening,Saturday,March,Good
608-04-3797,Connaught Place,Delhi,Elite,Female,Sunscreen,Health and beauty,25.32,8,10.128,212.688,2019-03-05 0:00:00,20:24:00,Ewallet,202.56,4.761904716,10.128,8.7,Evening,Tuesday,March,Bad
608-05-3804,Powai,Mumbai,Prime,Male,Power Bank,Electronic accessories,39.75,1,1.9875,41.7375,2019-02-25 0:00:00,20:19:00,Cash,39.75,4.761904716,1.9875,6.1,Evening,Monday,February,Bad
608-27-6295,Andheri,Mumbai,Prime,Male,USB Flash Drive,Electronic accessories,52.89,6,15.867,333.207,2019-01-19 0:00:00,17:34:00,Credit card,317.34,4.761904716,15.867,9.8,Evening,Saturday,January,Good
608-96-3517,Rohini,Delhi,Basic,Female,Wrist Watch,Fashion accessories,91.54,4,18.308,384.468,2019-03-23 0:00:00,19:20:00,Credit card,366.16,4.761904716,18.308,4.8,Evening,Saturday,March,Good
609-81-8548,Koramangala,Bangalore,Elite,Female,Bedsheet,Home and lifestyle,37.44,6,11.232,235.872,2019-02-06 0:00:00,13:55:00,Credit card,224.64,4.761904716,11.232,5.9,Afternoon,Wednesday,February,Bad
610-46-4100,Hitech City,Hyderabad,Basic,Male,Shampoo,Health and beauty,28.95,7,10.1325,212.7825,2019-03-03 0:00:00,20:31:00,Credit card,202.65,4.761904716,10.1325,6,Evening,Sunday,March,Bad
612-36-5536,Connaught Place,Delhi,Elite,Male,Tropicana Juice,Food and beverages,80.96,8,32.384,680.064,2019-02-17 0:00:00,11:12:00,Credit card,647.68,4.761904716,32.384,7.4,Morning,Sunday,February,Good
613-59-9758,Hinjawadi,Pune,Basic,Female,Yoga Mat,Sports and travel,14.36,10,7.18,150.78,2019-01-27 0:00:00,14:28:00,Cash,143.6,4.761904716,7.18,5.4,Afternoon,Sunday,January,Bad
616-24-2851,Baner,Pune,Prime,Female,Leather Wallet,Fashion accessories,17.87,4,3.574,75.054,2019-03-22 0:00:00,14:42:00,Ewallet,71.48,4.761904716,3.574,6.5,Afternoon,Friday,March,Bad
616-87-0016,Saket,Delhi,Elite,Male,Handbag,Fashion accessories,95.54,7,33.439,702.219,2019-03-09 0:00:00,14:36:00,Credit card,668.78,4.761904716,33.439,9.6,Afternoon,Saturday,March,Good
617-15-4209,Banjara Hills,Hyderabad,Elite,Male,Shampoo,Health and beauty,15.37,2,1.537,32.277,2019-03-16 0:00:00,19:47:00,Cash,30.74,4.761904716,1.537,7.2,Evening,Saturday,March,Bad
618-34-8551,Hinjawadi,Pune,Elite,Female,Travel Backpack,Sports and travel,93.18,2,9.318,195.678,2019-01-16 0:00:00,18:41:00,Credit card,186.36,4.761904716,9.318,8.5,Evening,Wednesday,January,Bad
620-02-2046,Banjara Hills,Hyderabad,Elite,Male,Coffee Mug,Home and lifestyle,69.4,2,6.94,145.74,2019-01-27 0:00:00,19:48:00,Ewallet,138.8,4.761904716,6.94,9,Evening,Sunday,January,Bad
622-20-1945,Rohini,Delhi,Elite,Female,Shampoo,Health and beauty,39.42,1,1.971,41.391,2019-01-18 0:00:00,15:08:00,Cash,39.42,4.761904716,1.971,8.4,Afternoon,Friday,January,Bad
624-01-8356,Gachibowli,Hyderabad,Basic,Female,Table Lamp,Home and lifestyle,49.01,10,24.505,514.605,2019-01-27 0:00:00,10:44:00,Credit card,490.1,4.761904716,24.505,4.2,Morning,Sunday,January,Good
626-43-7888,Baner,Pune,Elite,Female,Wrist Watch,Fashion accessories,60.41,8,24.164,507.444,2019-02-07 0:00:00,12:23:00,Ewallet,483.28,4.761904716,24.164,9.6,Afternoon,Thursday,February,Good
627-95-3243,Andheri,Mumbai,Prime,Female,Wall Clock,Home and lifestyle,77.68,9,34.956,734.076,2019-02-04 0:00:00,13:21:00,Ewallet,699.12,4.761904716,34.956,9.8,Afternoon,Monday,February,Good
628-34-3388,Koramangala,Bangalore,Basic,Male,Baseball Cap,Fashion accessories,27.38,6,8.214,172.494,2019-01-05 0:00:00,20:54:00,Credit card,164.28,4.761904716,8.214,7.9,Evening,Saturday,January,Bad
628-90-8624,Kharadi,Pune,Basic,Male,Sunscreen,Health and beauty,82.58,10,41.29,867.09,2019-03-14 0:00:00,14:41:00,Cash,825.8,4.761904716,41.29,5,Afternoon,Thursday,March,Good
629-42-4133,Connaught Place,Delhi,Elite,Male,Sunscreen,Health and beauty,21.8,8,8.72,183.12,2019-02-19 0:00:00,19:24:00,Cash,174.4,4.761904716,8.72,8.3,Evening,Tuesday,February,Bad
630-74-5166,Saket,Delhi,Basic,Male,Cricket Bat,Sports and travel,62.13,6,18.639,391.419,2019-03-22 0:00:00,20:19:00,Cash,372.78,4.761904716,18.639,7.4,Evening,Friday,March,Good
631-34-1880,Whitefield,Bangalore,Elite,Male,Coca-Cola,Food and beverages,24.31,3,3.6465,76.5765,2019-01-08 0:00:00,19:09:00,Credit card,72.93,4.761904716,3.6465,4.3,Evening,Tuesday,January,Bad
631-41-3108,Rohini,Delhi,Basic,Male,Wall Clock,Home and lifestyle,46.33,7,16.2155,340.5255,2019-03-03 0:00:00,13:23:00,Credit card,324.31,4.761904716,16.2155,7.4,Afternoon,Sunday,March,Good
632-32-4574,Kharadi,Pune,Prime,Male,Yoga Mat,Sports and travel,75.92,8,30.368,637.728,2019-03-20 0:00:00,14:14:00,Cash,607.36,4.761904716,30.368,5.5,Afternoon,Wednesday,March,Good
632-90-0281,Andheri,Mumbai,Elite,Female,Sunglasses,Fashion accessories,37.55,10,18.775,394.275,2019-03-08 0:00:00,20:01:00,Credit card,375.5,4.761904716,18.775,9.3,Evening,Friday,March,Good
633-09-3463,Banjara Hills,Hyderabad,Elite,Female,Power Bank,Electronic accessories,47.65,3,7.1475,150.0975,2019-03-28 0:00:00,12:58:00,Credit card,142.95,4.761904716,7.1475,9.5,Afternoon,Thursday,March,Bad
633-44-8566,Hinjawadi,Pune,Basic,Male,Coca-Cola,Food and beverages,49.38,7,17.283,362.943,2019-03-27 0:00:00,20:35:00,Credit card,345.66,4.761904716,17.283,7.3,Evening,Wednesday,March,Good
633-91-1052,Hitech City,Hyderabad,Elite,Female,Table Lamp,Home and lifestyle,12.03,2,1.203,25.263,2019-01-27 0:00:00,15:51:00,Cash,24.06,4.761904716,1.203,5.1,Afternoon,Sunday,January,Bad
634-97-8956,Connaught Place,Delhi,Prime,Male,Coca-Cola,Food and beverages,32.9,3,4.935,103.635,2019-02-17 0:00:00,17:27:00,Credit card,98.7,4.761904716,4.935,9.1,Evening,Sunday,February,Bad
635-28-5728,Whitefield,Bangalore,Basic,Male,Body Lotion,Health and beauty,56,3,8.4,176.4,2019-02-28 0:00:00,19:33:00,Ewallet,168,4.761904716,8.4,4.8,Evening,Thursday,February,Bad
635-40-6220,Indiranagar,Bangalore,Basic,Male,Sunscreen,Health and beauty,89.6,8,35.84,752.64,2019-02-07 0:00:00,11:28:00,Ewallet,716.8,4.761904716,35.84,6.6,Morning,Thursday,February,Good
636-17-0325,Connaught Place,Delhi,Elite,Male,Body Lotion,Health and beauty,62.57,4,12.514,262.794,2019-02-25 0:00:00,18:37:00,Cash,250.28,4.761904716,12.514,9.5,Evening,Monday,February,Bad
636-48-8204,Banjara Hills,Hyderabad,Prime,Male,Bluetooth Speaker,Electronic accessories,34.56,5,8.64,181.44,2019-02-17 0:00:00,11:15:00,Ewallet,172.8,4.761904716,8.64,9.9,Morning,Sunday,February,Bad
636-98-3364,Andheri,Mumbai,Basic,Female,Bluetooth Speaker,Electronic accessories,26.26,3,3.939,82.719,2019-03-02 0:00:00,12:36:00,Ewallet,78.78,4.761904716,3.939,6.3,Afternoon,Saturday,March,Bad
638-60-7125,Koramangala,Bangalore,Prime,Female,Power Bank,Electronic accessories,99.56,8,39.824,836.304,2019-02-14 0:00:00,17:03:00,Credit card,796.48,4.761904716,39.824,5.2,Evening,Thursday,February,Good
639-76-1242,Hitech City,Hyderabad,Prime,Male,Tropicana Juice,Food and beverages,40.52,5,10.13,212.73,2019-02-03 0:00:00,15:19:00,Cash,202.6,4.761904716,10.13,4.5,Afternoon,Sunday,February,Bad
640-48-5028,Indiranagar,Bangalore,Prime,Female,Storage Basket,Home and lifestyle,88.39,9,39.7755,835.2855,2019-03-02 0:00:00,12:40:00,Cash,795.51,4.761904716,39.7755,6.3,Afternoon,Saturday,March,Good
640-49-2076,Saket,Delhi,Prime,Male,Yoga Mat,Sports and travel,83.78,8,33.512,703.752,2019-01-10 0:00:00,14:49:00,Cash,670.24,4.761904716,33.512,5.1,Afternoon,Thursday,January,Good
641-43-2399,Hinjawadi,Pune,Prime,Male,Bedsheet,Home and lifestyle,25.55,4,5.11,107.31,2019-01-26 0:00:00,20:23:00,Ewallet,102.2,4.761904716,5.11,5.7,Evening,Saturday,January,Bad
641-51-2661,Rohini,Delhi,Elite,Female,Lay's Chips,Food and beverages,87.1,10,43.55,914.55,2019-02-12 0:00:00,14:45:00,Credit card,871,4.761904716,43.55,9.9,Afternoon,Tuesday,February,Good
641-62-7288,Kharadi,Pune,Elite,Male,Wall Clock,Home and lifestyle,99.92,6,29.976,629.496,2019-03-24 0:00:00,13:33:00,Ewallet,599.52,4.761904716,29.976,7.1,Afternoon,Sunday,March,Good
641-96-3695,Gachibowli,Hyderabad,Elite,Female,Sunglasses,Fashion accessories,43.46,6,13.038,273.798,2019-02-07 0:00:00,17:55:00,Ewallet,260.76,4.761904716,13.038,8.5,Evening,Thursday,February,Bad
642-30-6693,Koramangala,Bangalore,Elite,Female,Football,Sports and travel,54.51,6,16.353,343.413,2019-03-17 0:00:00,13:54:00,Ewallet,327.06,4.761904716,16.353,7.8,Afternoon,Sunday,March,Good
642-32-2990,Banjara Hills,Hyderabad,Elite,Female,Oreo Biscuits,Food and beverages,10.96,10,5.48,115.08,2019-02-02 0:00:00,20:48:00,Ewallet,109.6,4.761904716,5.48,6,Evening,Saturday,February,Bad
642-61-4706,Andheri,Mumbai,Elite,Male,Tropicana Juice,Food and beverages,93.4,2,9.34,196.14,2019-03-30 0:00:00,16:34:00,Cash,186.8,4.761904716,9.34,5.5,Evening,Saturday,March,Bad
643-38-7867,Powai,Mumbai,Basic,Male,Wall Clock,Home and lifestyle,97.94,1,4.897,102.837,2019-03-07 0:00:00,11:44:00,Ewallet,97.94,4.761904716,4.897,6.9,Morning,Thursday,March,Bad
645-44-1170,Bandra,Mumbai,Elite,Male,Wall Clock,Home and lifestyle,58.07,9,26.1315,548.7615,2019-01-19 0:00:00,20:07:00,Ewallet,522.63,4.761904716,26.1315,4.3,Evening,Saturday,January,Good
645-78-8093,Koramangala,Bangalore,Basic,Female,Travel Backpack,Sports and travel,93.14,2,9.314,195.594,2019-01-20 0:00:00,18:09:00,Ewallet,186.28,4.761904716,9.314,4.1,Evening,Sunday,January,Bad
647-50-1224,Whitefield,Bangalore,Basic,Female,Baseball Cap,Fashion accessories,29.42,10,14.71,308.91,2019-01-12 0:00:00,16:23:00,Ewallet,294.2,4.761904716,14.71,8.9,Evening,Saturday,January,Bad
648-83-1321,Indiranagar,Bangalore,Elite,Male,Table Lamp,Home and lifestyle,63.56,10,31.78,667.38,2019-01-16 0:00:00,17:59:00,Cash,635.6,4.761904716,31.78,4.3,Evening,Wednesday,January,Good
648-94-3045,Rohini,Delhi,Prime,Male,Face Wash,Health and beauty,58.95,10,29.475,618.975,2019-02-07 0:00:00,14:27:00,Ewallet,589.5,4.761904716,29.475,8.1,Afternoon,Thursday,February,Good
649-11-3678,Hitech City,Hyderabad,Basic,Female,Nescafe Coffee,Food and beverages,22.93,9,10.3185,216.6885,2019-02-26 0:00:00,20:26:00,Cash,206.37,4.761904716,10.3185,5.5,Evening,Tuesday,February,Bad
649-29-6775,Saket,Delhi,Prime,Male,Leather Wallet,Fashion accessories,33.52,1,1.676,35.196,2019-02-08 0:00:00,15:31:00,Cash,33.52,4.761904716,1.676,6.7,Afternoon,Friday,February,Bad
650-98-6268,Saket,Delhi,Prime,Female,Nescafe Coffee,Food and beverages,20.87,3,3.1305,65.7405,2019-03-20 0:00:00,13:53:00,Credit card,62.61,4.761904716,3.1305,8,Afternoon,Wednesday,March,Bad
651-61-0874,Banjara Hills,Hyderabad,Basic,Male,Wall Clock,Home and lifestyle,46.22,4,9.244,194.124,2019-03-12 0:00:00,20:04:00,Credit card,184.88,4.761904716,9.244,6.2,Evening,Tuesday,March,Bad
651-88-7328,Indiranagar,Bangalore,Elite,Female,Wrist Watch,Fashion accessories,65.74,9,29.583,621.243,2019-01-01 0:00:00,13:55:00,Cash,591.66,4.761904716,29.583,7.7,Afternoon,Tuesday,January,Good
651-96-5970,Banjara Hills,Hyderabad,Elite,Male,Sunglasses,Fashion accessories,46.41,1,2.3205,48.7305,2019-03-03 0:00:00,20:06:00,Credit card,46.41,4.761904716,2.3205,4,Evening,Sunday,March,Bad
652-43-6591,Whitefield,Bangalore,Basic,Female,Handbag,Fashion accessories,97.29,8,38.916,817.236,2019-03-09 0:00:00,13:18:00,Credit card,778.32,4.761904716,38.916,6.2,Afternoon,Saturday,March,Good
652-49-6720,Connaught Place,Delhi,Elite,Female,Wireless Mouse,Electronic accessories,60.95,1,3.0475,63.9975,2019-02-18 0:00:00,11:40:00,Ewallet,60.95,4.761904716,3.0475,5.9,Morning,Monday,February,Bad
655-07-2265,Indiranagar,Bangalore,Basic,Male,Bluetooth Speaker,Electronic accessories,78.31,3,11.7465,246.6765,2019-03-05 0:00:00,16:38:00,Ewallet,234.93,4.761904716,11.7465,5.4,Evening,Tuesday,March,Bad
655-85-5130,Hinjawadi,Pune,Elite,Female,Handbag,Fashion accessories,38.3,4,7.66,160.86,2019-03-13 0:00:00,19:22:00,Cash,153.2,4.761904716,7.66,5.7,Evening,Wednesday,March,Bad
656-16-1063,Powai,Mumbai,Prime,Male,Football,Sports and travel,46.42,3,6.963,146.223,2019-01-04 0:00:00,13:24:00,Credit card,139.26,4.761904716,6.963,4.4,Afternoon,Friday,January,Bad
656-95-9349,Koramangala,Bangalore,Basic,Female,Body Lotion,Health and beauty,68.93,7,24.1255,506.6355,2019-03-11 0:00:00,11:03:00,Credit card,482.51,4.761904716,24.1255,4.6,Morning,Monday,March,Good
658-66-3967,Koramangala,Bangalore,Elite,Male,Sunscreen,Health and beauty,53.19,7,18.6165,390.9465,2019-01-14 0:00:00,15:42:00,Ewallet,372.33,4.761904716,18.6165,5,Afternoon,Monday,January,Good
659-36-1684,Hitech City,Hyderabad,Elite,Male,Football,Sports and travel,57.12,7,19.992,419.832,2019-01-12 0:00:00,12:02:00,Credit card,399.84,4.761904716,19.992,6.5,Afternoon,Saturday,January,Good
659-65-8956,Powai,Mumbai,Prime,Male,Wrist Watch,Fashion accessories,51.36,1,2.568,53.928,2019-01-16 0:00:00,15:26:00,Ewallet,51.36,4.761904716,2.568,5.2,Afternoon,Wednesday,January,Bad
660-29-7083,Kharadi,Pune,Prime,Male,Mechanical Keyboard,Electronic accessories,55.87,10,27.935,586.635,2019-01-15 0:00:00,15:01:00,Cash,558.7,4.761904716,27.935,5.8,Afternoon,Tuesday,January,Good
662-47-5456,Bandra,Mumbai,Elite,Male,Wrist Watch,Fashion accessories,35.19,10,17.595,369.495,2019-03-17 0:00:00,19:06:00,Credit card,351.9,4.761904716,17.595,8.4,Evening,Sunday,March,Good
662-72-2873,Connaught Place,Delhi,Basic,Female,Tropicana Juice,Food and beverages,40.94,5,10.235,214.935,2019-01-06 0:00:00,13:58:00,Ewallet,204.7,4.761904716,10.235,9.9,Afternoon,Sunday,January,Bad
663-86-9076,Whitefield,Bangalore,Elite,Female,Coca-Cola,Food and beverages,68.54,8,27.416,575.736,2019-01-08 0:00:00,15:57:00,Ewallet,548.32,4.761904716,27.416,8.5,Afternoon,Tuesday,January,Good
664-14-2882,Gachibowli,Hyderabad,Elite,Female,Wall Clock,Home and lifestyle,10.53,5,2.6325,55.2825,2019-01-30 0:00:00,14:43:00,Credit card,52.65,4.761904716,2.6325,5.8,Afternoon,Wednesday,January,Bad
665-32-9167,Baner,Pune,Prime,Female,Body Lotion,Health and beauty,36.26,2,3.626,76.146,2019-01-10 0:00:00,17:15:00,Credit card,72.52,4.761904716,3.626,7.2,Evening,Thursday,January,Bad
665-63-9737,Hitech City,Hyderabad,Basic,Male,Leather Wallet,Fashion accessories,52.42,3,7.863,165.123,2019-02-27 0:00:00,17:36:00,Ewallet,157.26,4.761904716,7.863,7.5,Evening,Wednesday,February,Bad
667-23-5919,Saket,Delhi,Prime,Female,Leather Wallet,Fashion accessories,96.7,5,24.175,507.675,2019-01-14 0:00:00,12:52:00,Ewallet,483.5,4.761904716,24.175,7,Afternoon,Monday,January,Good
667-92-0055,Koramangala,Bangalore,Prime,Male,Face Wash,Health and beauty,99.83,6,29.949,628.929,2019-03-04 0:00:00,15:02:00,Ewallet,598.98,4.761904716,29.949,8.5,Afternoon,Monday,March,Good
668-90-8900,Bandra,Mumbai,Prime,Female,Wall Clock,Home and lifestyle,93.69,7,32.7915,688.6215,2019-03-10 0:00:00,18:44:00,Credit card,655.83,4.761904716,32.7915,4.5,Evening,Sunday,March,Good
669-54-1719,Powai,Mumbai,Basic,Male,Power Bank,Electronic accessories,18.93,6,5.679,119.259,2019-02-10 0:00:00,12:45:00,Credit card,113.58,4.761904716,5.679,8.1,Afternoon,Sunday,February,Bad
670-71-7306,Whitefield,Bangalore,Prime,Male,Cricket Bat,Sports and travel,44.63,6,13.389,281.169,2019-01-02 0:00:00,20:08:00,Credit card,267.78,4.761904716,13.389,5.1,Evening,Wednesday,January,Bad
670-79-6321,Rohini,Delhi,Prime,Female,Coffee Mug,Home and lifestyle,94.59,7,33.1065,695.2365,2019-01-17 0:00:00,15:27:00,Credit card,662.13,4.761904716,33.1065,4.9,Afternoon,Thursday,January,Good
672-51-8681,Hinjawadi,Pune,Elite,Female,Bluetooth Speaker,Electronic accessories,66.65,9,29.9925,629.8425,2019-01-04 0:00:00,18:19:00,Credit card,599.85,4.761904716,29.9925,9.7,Evening,Friday,January,Good
674-15-9296,Bandra,Mumbai,Basic,Male,Yoga Mat,Sports and travel,37.14,5,9.285,194.985,2019-01-08 0:00:00,13:05:00,Ewallet,185.7,4.761904716,9.285,5,Afternoon,Tuesday,January,Bad
674-56-6360,Bandra,Mumbai,Prime,Male,Mechanical Keyboard,Electronic accessories,95.15,1,4.7575,99.9075,2019-03-22 0:00:00,14:00:00,Cash,95.15,4.761904716,4.7575,6,Afternoon,Friday,March,Bad
676-10-2200,Powai,Mumbai,Prime,Male,Wrist Watch,Fashion accessories,53.78,1,2.689,56.469,2019-02-03 0:00:00,20:13:00,Ewallet,53.78,4.761904716,2.689,4.7,Evening,Sunday,February,Bad
676-39-6028,Rohini,Delhi,Prime,Female,Mechanical Keyboard,Electronic accessories,64.44,5,16.11,338.31,2019-03-30 0:00:00,17:04:00,Cash,322.2,4.761904716,16.11,6.6,Evening,Saturday,March,Good
677-11-0152,Connaught Place,Delhi,Elite,Female,Lay's Chips,Food and beverages,93.26,9,41.967,881.307,2019-01-16 0:00:00,18:08:00,Cash,839.34,4.761904716,41.967,8.8,Evening,Wednesday,January,Good
678-79-0726,Bandra,Mumbai,Prime,Female,Football,Sports and travel,90.63,9,40.7835,856.4535,2019-01-18 0:00:00,15:28:00,Cash,815.67,4.761904716,40.7835,5.1,Afternoon,Friday,January,Good
679-22-6530,Indiranagar,Bangalore,Prime,Female,Travel Backpack,Sports and travel,40.62,2,4.062,85.302,2019-01-17 0:00:00,10:01:00,Credit card,81.24,4.761904716,4.062,4.1,Morning,Thursday,January,Bad
685-64-1609,Saket,Delhi,Prime,Female,Handbag,Fashion accessories,30.14,10,15.07,316.47,2019-02-10 0:00:00,12:28:00,Ewallet,301.4,4.761904716,15.07,9.2,Afternoon,Sunday,February,Bad
686-41-0932,Connaught Place,Delhi,Elite,Female,Handbag,Fashion accessories,34.7,2,3.47,72.87,2019-03-13 0:00:00,19:48:00,Ewallet,69.4,4.761904716,3.47,8.2,Evening,Wednesday,March,Bad
687-15-1097,Hitech City,Hyderabad,Elite,Female,Face Wash,Health and beauty,21.12,2,2.112,44.352,2019-01-03 0:00:00,19:17:00,Cash,42.24,4.761904716,2.112,9.7,Evening,Thursday,January,Bad
687-47-8271,Banjara Hills,Hyderabad,Elite,Male,Leather Wallet,Fashion accessories,98.98,10,49.49,1039.29,2019-02-08 0:00:00,16:20:00,Credit card,989.8,4.761904716,49.49,8.7,Evening,Friday,February,Good
689-05-1884,Rohini,Delhi,Prime,Male,Body Lotion,Health and beauty,48.63,10,24.315,510.615,2019-03-04 0:00:00,12:44:00,Cash,486.3,4.761904716,24.315,8.8,Afternoon,Monday,March,Good
689-16-9784,Koramangala,Bangalore,Prime,Male,Nescafe Coffee,Food and beverages,46.77,6,14.031,294.651,2019-03-11 0:00:00,13:37:00,Cash,280.62,4.761904716,14.031,6,Afternoon,Monday,March,Bad
690-01-6631,Whitefield,Bangalore,Elite,Male,Leather Wallet,Fashion accessories,17.49,10,8.745,183.645,2019-02-22 0:00:00,18:35:00,Ewallet,174.9,4.761904716,8.745,6.6,Evening,Friday,February,Bad
692-27-8933,Kharadi,Pune,Elite,Female,Travel Backpack,Sports and travel,57.95,6,17.385,365.085,2019-02-24 0:00:00,13:02:00,Cash,347.7,4.761904716,17.385,5.2,Afternoon,Sunday,February,Good
692-92-5582,Kharadi,Pune,Prime,Female,Coca-Cola,Food and beverages,54.84,3,8.226,172.746,2019-02-20 0:00:00,13:27:00,Credit card,164.52,4.761904716,8.226,5.9,Afternoon,Wednesday,February,Bad
695-09-5146,Baner,Pune,Elite,Female,Oreo Biscuits,Food and beverages,98.79,3,14.8185,311.1885,2019-02-23 0:00:00,20:00:00,Ewallet,296.37,4.761904716,14.8185,6.4,Evening,Saturday,February,Bad
695-28-6250,Andheri,Mumbai,Elite,Female,Yoga Mat,Sports and travel,43.06,5,10.765,226.065,2019-02-04 0:00:00,16:38:00,Ewallet,215.3,4.761904716,10.765,7.7,Evening,Monday,February,Bad
695-51-0018,Rohini,Delhi,Basic,Female,Travel Backpack,Sports and travel,34.84,4,6.968,146.328,2019-02-10 0:00:00,18:36:00,Cash,139.36,4.761904716,6.968,7.4,Evening,Sunday,February,Bad
696-90-2548,Bandra,Mumbai,Elite,Male,Football,Sports and travel,25.84,3,3.876,81.396,2019-03-10 0:00:00,18:55:00,Ewallet,77.52,4.761904716,3.876,6.6,Evening,Sunday,March,Bad
698-98-5964,Saket,Delhi,Basic,Female,Lay's Chips,Food and beverages,81.21,10,40.605,852.705,2019-01-17 0:00:00,13:01:00,Credit card,812.1,4.761904716,40.605,6.3,Afternoon,Thursday,January,Good
699-01-4164,Hitech City,Hyderabad,Elite,Male,Lip Balm,Health and beauty,41.5,4,8.3,174.3,2019-03-12 0:00:00,19:58:00,Credit card,166,4.761904716,8.3,8.2,Evening,Tuesday,March,Bad
699-14-3026,Saket,Delhi,Prime,Male,Power Bank,Electronic accessories,85.39,7,29.8865,627.6165,2019-03-25 0:00:00,18:30:00,Ewallet,597.73,4.761904716,29.8865,4.1,Evening,Monday,March,Good
699-88-1972,Kharadi,Pune,Prime,Male,Sunscreen,Health and beauty,99.16,8,39.664,832.944,2019-01-28 0:00:00,17:47:00,Credit card,793.28,4.761904716,39.664,4.2,Evening,Monday,January,Good
700-81-1757,Bandra,Mumbai,Basic,Female,Wireless Mouse,Electronic accessories,26.31,5,6.5775,138.1275,2019-01-18 0:00:00,20:59:00,Credit card,131.55,4.761904716,6.5775,8.8,Evening,Friday,January,Bad
701-23-5550,Saket,Delhi,Prime,Male,Storage Basket,Home and lifestyle,38.81,4,7.762,163.002,2019-03-19 0:00:00,13:40:00,Ewallet,155.24,4.761904716,7.762,4.9,Afternoon,Tuesday,March,Bad
701-69-8742,Kharadi,Pune,Elite,Male,Yoga Mat,Sports and travel,34.37,10,17.185,360.885,2019-03-16 0:00:00,10:11:00,Ewallet,343.7,4.761904716,17.185,6.7,Morning,Saturday,March,Good
702-72-0487,Koramangala,Bangalore,Basic,Female,Wireless Mouse,Electronic accessories,46.61,2,4.661,97.881,2019-02-26 0:00:00,12:28:00,Credit card,93.22,4.761904716,4.661,6.6,Afternoon,Tuesday,February,Bad
702-83-5291,Hitech City,Hyderabad,Elite,Male,Wrist Watch,Fashion accessories,99.82,9,44.919,943.299,2019-03-27 0:00:00,10:43:00,Cash,898.38,4.761904716,44.919,6.6,Morning,Wednesday,March,Good
704-10-4056,Indiranagar,Bangalore,Prime,Male,Sunscreen,Health and beauty,60.47,3,9.0705,190.4805,2019-01-14 0:00:00,10:55:00,Credit card,181.41,4.761904716,9.0705,5.6,Morning,Monday,January,Bad
704-11-6354,Hinjawadi,Pune,Elite,Male,Coffee Mug,Home and lifestyle,58.9,8,23.56,494.76,2019-01-06 0:00:00,11:23:00,Cash,471.2,4.761904716,23.56,8.9,Morning,Sunday,January,Good
704-20-4138,Baner,Pune,Prime,Female,Shampoo,Health and beauty,29.67,7,10.3845,218.0745,2019-03-11 0:00:00,18:58:00,Credit card,207.69,4.761904716,10.3845,8.1,Evening,Monday,March,Bad
704-48-3927,Rohini,Delhi,Basic,Male,Wireless Mouse,Electronic accessories,88.67,10,44.335,931.035,2019-01-12 0:00:00,14:50:00,Ewallet,886.7,4.761904716,44.335,7.3,Afternoon,Saturday,January,Good
706-36-6154,Connaught Place,Delhi,Basic,Male,Wall Clock,Home and lifestyle,19.36,9,8.712,182.952,2019-01-18 0:00:00,18:43:00,Ewallet,174.24,4.761904716,8.712,8.7,Evening,Friday,January,Bad
707-32-7409,Koramangala,Bangalore,Basic,Female,Football,Sports and travel,95.54,4,19.108,401.268,2019-02-26 0:00:00,11:58:00,Ewallet,382.16,4.761904716,19.108,4.5,Morning,Tuesday,February,Good
709-58-4068,Koramangala,Bangalore,Basic,Female,Handbag,Fashion accessories,41.09,10,20.545,431.445,2019-02-28 0:00:00,14:42:00,Cash,410.9,4.761904716,20.545,7.3,Afternoon,Thursday,February,Good
710-46-4433,Banjara Hills,Hyderabad,Prime,Female,Oreo Biscuits,Food and beverages,77.4,9,34.83,731.43,2019-02-15 0:00:00,14:15:00,Credit card,696.6,4.761904716,34.83,4.5,Afternoon,Friday,February,Good
711-31-1234,Gachibowli,Hyderabad,Prime,Female,USB Flash Drive,Electronic accessories,95.64,4,19.128,401.688,2019-03-16 0:00:00,18:51:00,Cash,382.56,4.761904716,19.128,7.9,Evening,Saturday,March,Good
712-39-0363,Hitech City,Hyderabad,Elite,Male,Nescafe Coffee,Food and beverages,41.66,6,12.498,262.458,2019-01-02 0:00:00,15:24:00,Ewallet,249.96,4.761904716,12.498,5.6,Afternoon,Wednesday,January,Bad
714-02-3114,Whitefield,Bangalore,Basic,Female,Football,Sports and travel,98.8,2,9.88,207.48,2019-02-21 0:00:00,11:39:00,Cash,197.6,4.761904716,9.88,7.7,Morning,Thursday,February,Bad
715-20-1673,Gachibowli,Hyderabad,Prime,Male,Wireless Mouse,Electronic accessories,28.38,5,7.095,148.995,2019-03-06 0:00:00,20:57:00,Cash,141.9,4.761904716,7.095,9.4,Evening,Wednesday,March,Bad
716-39-1409,Powai,Mumbai,Elite,Male,Body Lotion,Health and beauty,30.35,7,10.6225,223.0725,2019-03-19 0:00:00,18:19:00,Cash,212.45,4.761904716,10.6225,8,Evening,Tuesday,March,Bad
717-96-4189,Gachibowli,Hyderabad,Basic,Female,USB Flash Drive,Electronic accessories,35.49,6,10.647,223.587,2019-02-02 0:00:00,12:40:00,Cash,212.94,4.761904716,10.647,4.1,Afternoon,Saturday,February,Bad
718-57-9773,Andheri,Mumbai,Elite,Female,Yoga Mat,Sports and travel,49.33,10,24.665,517.965,2019-02-03 0:00:00,16:40:00,Credit card,493.3,4.761904716,24.665,9.4,Evening,Sunday,February,Good
719-76-3868,Banjara Hills,Hyderabad,Prime,Male,Nescafe Coffee,Food and beverages,94.26,4,18.852,395.892,2019-03-12 0:00:00,16:30:00,Cash,377.04,4.761904716,18.852,8.6,Evening,Tuesday,March,Good
719-89-8991,Powai,Mumbai,Elite,Female,Gym Bag,Sports and travel,91.41,5,22.8525,479.9025,2019-02-25 0:00:00,16:03:00,Ewallet,457.05,4.761904716,22.8525,7.1,Evening,Monday,February,Good
720-72-2436,Gachibowli,Hyderabad,Basic,Male,Oreo Biscuits,Food and beverages,66.52,4,13.304,279.384,2019-03-02 0:00:00,18:14:00,Ewallet,266.08,4.761904716,13.304,6.9,Evening,Saturday,March,Bad
721-86-6247,Hinjawadi,Pune,Prime,Female,Bedsheet,Home and lifestyle,63.42,8,25.368,532.728,2019-03-11 0:00:00,12:55:00,Ewallet,507.36,4.761904716,25.368,7.4,Afternoon,Monday,March,Good
722-13-2115,Connaught Place,Delhi,Prime,Male,Football,Sports and travel,42.85,1,2.1425,44.9925,2019-03-14 0:00:00,15:36:00,Credit card,42.85,4.761904716,2.1425,9.3,Afternoon,Thursday,March,Bad
725-32-9708,Andheri,Mumbai,Elite,Female,Leather Wallet,Fashion accessories,68.71,4,13.742,288.582,2019-01-04 0:00:00,19:01:00,Cash,274.84,4.761904716,13.742,4.1,Evening,Friday,January,Bad
725-54-0677,Koramangala,Bangalore,Basic,Male,Shampoo,Health and beauty,85.6,7,29.96,629.16,2019-03-02 0:00:00,13:50:00,Cash,599.2,4.761904716,29.96,5.3,Afternoon,Saturday,March,Good
725-56-0833,Saket,Delhi,Prime,Female,Face Wash,Health and beauty,32.32,10,16.16,339.36,2019-02-20 0:00:00,16:49:00,Credit card,323.2,4.761904716,16.16,9.9,Evening,Wednesday,February,Good
725-67-2480,Indiranagar,Bangalore,Elite,Female,Wrist Watch,Fashion accessories,58.75,6,17.625,370.125,2019-03-24 0:00:00,18:14:00,Credit card,352.5,4.761904716,17.625,5.9,Evening,Sunday,March,Good
725-96-3778,Hinjawadi,Pune,Elite,Female,Storage Basket,Home and lifestyle,89.25,8,35.7,749.7,2019-01-20 0:00:00,10:13:00,Cash,714,4.761904716,35.7,4.7,Morning,Sunday,January,Good
726-27-2396,Powai,Mumbai,Prime,Female,Sunscreen,Health and beauty,77.5,5,19.375,406.875,2019-01-24 0:00:00,20:36:00,Ewallet,387.5,4.761904716,19.375,4.3,Evening,Thursday,January,Good
726-29-6793,Andheri,Mumbai,Basic,Male,Mechanical Keyboard,Electronic accessories,24.18,8,9.672,203.112,2019-01-28 0:00:00,20:54:00,Ewallet,193.44,4.761904716,9.672,9.8,Evening,Monday,January,Bad
727-02-1313,Koramangala,Bangalore,Elite,Male,Oreo Biscuits,Food and beverages,31.84,1,1.592,33.432,2019-02-09 0:00:00,13:22:00,Cash,31.84,4.761904716,1.592,7.7,Afternoon,Saturday,February,Bad
727-17-0390,Powai,Mumbai,Basic,Female,Nescafe Coffee,Food and beverages,63.61,5,15.9025,333.9525,2019-03-16 0:00:00,12:43:00,Ewallet,318.05,4.761904716,15.9025,4.8,Afternoon,Saturday,March,Good
727-46-3608,Connaught Place,Delhi,Elite,Female,Coca-Cola,Food and beverages,20.01,9,9.0045,189.0945,2019-02-06 0:00:00,15:47:00,Ewallet,180.09,4.761904716,9.0045,4.1,Afternoon,Wednesday,February,Bad
727-75-6477,Hitech City,Hyderabad,Basic,Male,Power Bank,Electronic accessories,28.84,4,5.768,121.128,2019-03-29 0:00:00,14:44:00,Cash,115.36,4.761904716,5.768,6.4,Afternoon,Friday,March,Bad
728-47-9078,Connaught Place,Delhi,Prime,Male,Tropicana Juice,Food and beverages,59.59,4,11.918,250.278,2019-01-19 0:00:00,12:46:00,Cash,238.36,4.761904716,11.918,9.8,Afternoon,Saturday,January,Bad
728-88-7867,Banjara Hills,Hyderabad,Prime,Female,Wall Clock,Home and lifestyle,75.53,4,15.106,317.226,2019-03-19 0:00:00,15:52:00,Ewallet,302.12,4.761904716,15.106,8.3,Afternoon,Tuesday,March,Bad
729-06-2010,Hitech City,Hyderabad,Basic,Male,Body Lotion,Health and beauty,80.47,9,36.2115,760.4415,2019-01-06 0:00:00,11:18:00,Cash,724.23,4.761904716,36.2115,9.2,Morning,Sunday,January,Good
729-09-9681,Gachibowli,Hyderabad,Basic,Male,Wall Clock,Home and lifestyle,25.91,6,7.773,163.233,2019-02-05 0:00:00,10:16:00,Ewallet,155.46,4.761904716,7.773,8.7,Morning,Tuesday,February,Bad
729-46-7422,Kharadi,Pune,Elite,Male,Tropicana Juice,Food and beverages,35.89,1,1.7945,37.6845,2019-02-23 0:00:00,16:52:00,Credit card,35.89,4.761904716,1.7945,7.9,Evening,Saturday,February,Bad
730-50-9884,Gachibowli,Hyderabad,Prime,Female,Cricket Bat,Sports and travel,83.06,7,29.071,610.491,2019-03-05 0:00:00,14:31:00,Ewallet,581.42,4.761904716,29.071,4,Afternoon,Tuesday,March,Good
730-61-8757,Baner,Pune,Prime,Male,Sunscreen,Health and beauty,51.13,4,10.226,214.746,2019-01-25 0:00:00,10:11:00,Credit card,204.52,4.761904716,10.226,4,Morning,Friday,January,Bad
730-70-9830,Hinjawadi,Pune,Elite,Female,Wall Clock,Home and lifestyle,70.11,6,21.033,441.693,2019-03-14 0:00:00,17:54:00,Ewallet,420.66,4.761904716,21.033,5.2,Evening,Thursday,March,Good
731-14-2199,Indiranagar,Bangalore,Basic,Female,Table Lamp,Home and lifestyle,35.54,10,17.77,373.17,2019-01-04 0:00:00,13:34:00,Ewallet,355.4,4.761904716,17.77,7,Afternoon,Friday,January,Good
731-59-7531,Rohini,Delhi,Basic,Male,Face Wash,Health and beauty,72.57,8,29.028,609.588,2019-03-30 0:00:00,17:58:00,Cash,580.56,4.761904716,29.028,4.6,Evening,Saturday,March,Good
731-81-9469,Banjara Hills,Hyderabad,Basic,Female,Cricket Bat,Sports and travel,89.8,10,44.9,942.9,2019-01-23 0:00:00,13:00:00,Credit card,898,4.761904716,44.9,5.4,Afternoon,Wednesday,January,Good
732-04-5373,Powai,Mumbai,Elite,Male,Coffee Mug,Home and lifestyle,46.47,4,9.294,195.174,2019-02-08 0:00:00,10:53:00,Cash,185.88,4.761904716,9.294,7,Morning,Friday,February,Bad
732-67-5346,Connaught Place,Delhi,Elite,Male,Lay's Chips,Food and beverages,13.79,5,3.4475,72.3975,2019-01-11 0:00:00,19:07:00,Credit card,68.95,4.761904716,3.4475,7.8,Evening,Friday,January,Bad
732-94-0499,Hitech City,Hyderabad,Basic,Female,Power Bank,Electronic accessories,41.65,10,20.825,437.325,2019-01-13 0:00:00,17:04:00,Credit card,416.5,4.761904716,20.825,5.4,Evening,Sunday,January,Good
733-01-9107,Andheri,Mumbai,Elite,Male,Coffee Mug,Home and lifestyle,82.7,6,24.81,521.01,2019-03-05 0:00:00,18:14:00,Cash,496.2,4.761904716,24.81,7.4,Evening,Tuesday,March,Good
733-29-1227,Andheri,Mumbai,Basic,Male,Bedsheet,Home and lifestyle,55.61,7,19.4635,408.7335,2019-03-23 0:00:00,12:41:00,Cash,389.27,4.761904716,19.4635,8.5,Afternoon,Saturday,March,Good
733-33-4967,Kharadi,Pune,Basic,Male,Bluetooth Speaker,Electronic accessories,20.85,8,8.34,175.14,2019-03-03 0:00:00,19:17:00,Cash,166.8,4.761904716,8.34,6.3,Evening,Sunday,March,Bad
734-91-1155,Saket,Delhi,Basic,Female,Power Bank,Electronic accessories,45.71,3,6.8565,143.9865,2019-03-26 0:00:00,10:34:00,Credit card,137.13,4.761904716,6.8565,7.7,Morning,Tuesday,March,Bad
735-06-4124,Powai,Mumbai,Basic,Male,Oreo Biscuits,Food and beverages,48.61,1,2.4305,51.0405,2019-02-25 0:00:00,15:31:00,Cash,48.61,4.761904716,2.4305,4.4,Afternoon,Monday,February,Bad
735-32-9839,Banjara Hills,Hyderabad,Basic,Male,Handbag,Fashion accessories,98.7,8,39.48,829.08,2019-01-31 0:00:00,10:36:00,Ewallet,789.6,4.761904716,39.48,8.5,Morning,Thursday,January,Good
737-88-5876,Powai,Mumbai,Elite,Male,Wall Clock,Home and lifestyle,23.29,4,4.658,97.818,2019-03-19 0:00:00,11:52:00,Credit card,93.16,4.761904716,4.658,5.9,Morning,Tuesday,March,Bad
740-11-5257,Andheri,Mumbai,Basic,Male,Power Bank,Electronic accessories,24.74,10,12.37,259.77,2019-02-24 0:00:00,16:44:00,Cash,247.4,4.761904716,12.37,7.1,Evening,Sunday,February,Bad
740-22-2500,Baner,Pune,Elite,Female,Wireless Mouse,Electronic accessories,84.05,3,12.6075,264.7575,2019-01-23 0:00:00,13:29:00,Cash,252.15,4.761904716,12.6075,9.8,Afternoon,Wednesday,January,Bad
741-73-3559,Hitech City,Hyderabad,Basic,Male,Cricket Bat,Sports and travel,67.27,5,16.8175,353.1675,2019-02-27 0:00:00,17:27:00,Cash,336.35,4.761904716,16.8175,6.9,Evening,Wednesday,February,Good
742-04-5161,Connaught Place,Delhi,Prime,Male,Coffee Mug,Home and lifestyle,72.78,10,36.39,764.19,2019-02-03 0:00:00,17:24:00,Cash,727.8,4.761904716,36.39,7.3,Evening,Sunday,February,Good
743-04-1105,Gachibowli,Hyderabad,Basic,Male,Lip Balm,Health and beauty,97.22,9,43.749,918.729,2019-03-30 0:00:00,14:43:00,Ewallet,874.98,4.761904716,43.749,6,Afternoon,Saturday,March,Good
743-88-1662,Powai,Mumbai,Elite,Male,Yoga Mat,Sports and travel,95.49,7,33.4215,701.8515,2019-02-22 0:00:00,18:17:00,Ewallet,668.43,4.761904716,33.4215,8.7,Evening,Friday,February,Good
744-02-5987,Hitech City,Hyderabad,Basic,Male,Coffee Mug,Home and lifestyle,78.38,6,23.514,493.794,2019-01-10 0:00:00,14:16:00,Ewallet,470.28,4.761904716,23.514,5.8,Afternoon,Thursday,January,Good
744-09-5786,Koramangala,Bangalore,Elite,Male,Wireless Mouse,Electronic accessories,22.01,6,6.603,138.663,2019-01-02 0:00:00,18:50:00,Cash,132.06,4.761904716,6.603,7.6,Evening,Wednesday,January,Bad
744-16-7898,Powai,Mumbai,Elite,Female,Bedsheet,Home and lifestyle,97.37,10,48.685,1022.385,2019-01-15 0:00:00,13:48:00,Credit card,973.7,4.761904716,48.685,4.9,Afternoon,Tuesday,January,Good
744-82-9138,Hitech City,Hyderabad,Basic,Male,Wrist Watch,Fashion accessories,86.13,2,8.613,180.873,2019-02-07 0:00:00,17:59:00,Cash,172.26,4.761904716,8.613,8.2,Evening,Thursday,February,Bad
745-71-3520,Hinjawadi,Pune,Prime,Female,Bluetooth Speaker,Electronic accessories,25.22,7,8.827,185.367,2019-02-04 0:00:00,10:23:00,Cash,176.54,4.761904716,8.827,8.2,Morning,Monday,February,Bad
745-74-0715,Hitech City,Hyderabad,Elite,Male,Mechanical Keyboard,Electronic accessories,58.03,2,5.803,121.863,2019-03-10 0:00:00,20:46:00,Ewallet,116.06,4.761904716,5.803,8.8,Evening,Sunday,March,Bad
746-04-1077,Koramangala,Bangalore,Elite,Female,Tropicana Juice,Food and beverages,84.63,10,42.315,888.615,2019-01-01 0:00:00,11:36:00,Credit card,846.3,4.761904716,42.315,9,Morning,Tuesday,January,Good
746-19-0921,Indiranagar,Bangalore,Elite,Male,Tropicana Juice,Food and beverages,21.58,1,1.079,22.659,2019-02-09 0:00:00,10:02:00,Ewallet,21.58,4.761904716,1.079,7.2,Morning,Saturday,February,Bad
746-54-5508,Connaught Place,Delhi,Elite,Male,Coffee Mug,Home and lifestyle,21.52,6,6.456,135.576,2019-01-17 0:00:00,12:48:00,Credit card,129.12,4.761904716,6.456,9.4,Afternoon,Thursday,January,Bad
746-68-6593,Kharadi,Pune,Basic,Female,Yoga Mat,Sports and travel,87.16,2,8.716,183.036,2019-01-11 0:00:00,14:29:00,Credit card,174.32,4.761904716,8.716,9.7,Afternoon,Friday,January,Bad
746-94-0204,Kharadi,Pune,Basic,Male,Handbag,Fashion accessories,83.24,9,37.458,786.618,2019-01-29 0:00:00,11:56:00,Credit card,749.16,4.761904716,37.458,7.4,Morning,Tuesday,January,Good
747-58-7183,Bandra,Mumbai,Elite,Male,Sunglasses,Fashion accessories,57.27,3,8.5905,180.4005,2019-02-09 0:00:00,20:31:00,Ewallet,171.81,4.761904716,8.5905,6.5,Evening,Saturday,February,Bad
748-45-2862,Rohini,Delhi,Prime,Female,Storage Basket,Home and lifestyle,28.31,4,5.662,118.902,2019-03-07 0:00:00,18:35:00,Cash,113.24,4.761904716,5.662,8.2,Evening,Thursday,March,Bad
749-24-1565,Whitefield,Bangalore,Elite,Female,Face Wash,Health and beauty,23.03,9,10.3635,217.6335,2019-01-03 0:00:00,12:02:00,Ewallet,207.27,4.761904716,10.3635,7.9,Afternoon,Thursday,January,Bad
749-81-8133,Indiranagar,Bangalore,Elite,Female,Handbag,Fashion accessories,94.67,4,18.934,397.614,2019-03-11 0:00:00,12:04:00,Cash,378.68,4.761904716,18.934,6.8,Afternoon,Monday,March,Good
750-57-9686,Powai,Mumbai,Elite,Female,Bedsheet,Home and lifestyle,45.38,4,9.076,190.596,2019-01-08 0:00:00,13:48:00,Credit card,181.52,4.761904716,9.076,8.7,Afternoon,Tuesday,January,Bad
750-67-8428,Hitech City,Hyderabad,Basic,Female,Body Lotion,Health and beauty,74.69,7,26.1415,548.9715,2019-01-05 0:00:00,13:08:00,Ewallet,522.83,4.761904716,26.1415,9.1,Afternoon,Saturday,January,Good
751-15-6198,Saket,Delhi,Basic,Male,Gym Bag,Sports and travel,23.01,6,6.903,144.963,2019-01-12 0:00:00,16:45:00,Ewallet,138.06,4.761904716,6.903,7.9,Evening,Saturday,January,Bad
751-41-9720,Connaught Place,Delhi,Basic,Male,Bedsheet,Home and lifestyle,97.5,10,48.75,1023.75,2019-01-12 0:00:00,16:18:00,Ewallet,975,4.761904716,48.75,8,Evening,Saturday,January,Good
751-69-0068,Andheri,Mumbai,Prime,Male,Football,Sports and travel,99.24,9,44.658,937.818,2019-03-19 0:00:00,19:09:00,Ewallet,893.16,4.761904716,44.658,9,Evening,Tuesday,March,Good
752-23-3760,Hitech City,Hyderabad,Basic,Female,Travel Backpack,Sports and travel,64.08,7,22.428,470.988,2019-02-19 0:00:00,19:29:00,Credit card,448.56,4.761904716,22.428,7.3,Evening,Tuesday,February,Good
755-12-3214,Hinjawadi,Pune,Prime,Female,Sunglasses,Fashion accessories,44.22,5,11.055,232.155,2019-03-05 0:00:00,17:07:00,Credit card,221.1,4.761904716,11.055,8.6,Evening,Tuesday,March,Bad
756-01-7507,Whitefield,Bangalore,Prime,Female,Body Lotion,Health and beauty,20.38,5,5.095,106.995,2019-01-22 0:00:00,18:56:00,Cash,101.9,4.761904716,5.095,6,Evening,Tuesday,January,Bad
756-49-0168,Indiranagar,Bangalore,Basic,Male,Leather Wallet,Fashion accessories,19.7,1,0.985,20.685,2019-02-08 0:00:00,11:39:00,Ewallet,19.7,4.761904716,0.985,9.5,Morning,Friday,February,Bad
756-93-1854,Whitefield,Bangalore,Basic,Female,Wrist Watch,Fashion accessories,83.35,2,8.335,175.035,2019-02-02 0:00:00,14:05:00,Credit card,166.7,4.761904716,8.335,9.5,Afternoon,Saturday,February,Bad
759-29-9521,Andheri,Mumbai,Prime,Female,Leather Wallet,Fashion accessories,48.96,9,22.032,462.672,2019-03-04 0:00:00,11:27:00,Cash,440.64,4.761904716,22.032,8,Morning,Monday,March,Good
759-98-4285,Bandra,Mumbai,Prime,Female,Sunscreen,Health and beauty,85.87,7,30.0545,631.1445,2019-02-27 0:00:00,19:01:00,Credit card,601.09,4.761904716,30.0545,8,Evening,Wednesday,February,Good
760-27-5490,Indiranagar,Bangalore,Prime,Male,Leather Wallet,Fashion accessories,15.62,8,6.248,131.208,2019-01-20 0:00:00,20:37:00,Ewallet,124.96,4.761904716,6.248,9.1,Evening,Sunday,January,Bad
760-53-9233,Powai,Mumbai,Elite,Male,Handbag,Fashion accessories,41.28,3,6.192,130.032,2019-03-26 0:00:00,18:37:00,Credit card,123.84,4.761904716,6.192,8.5,Evening,Tuesday,March,Bad
760-54-1821,Indiranagar,Bangalore,Basic,Male,Storage Basket,Home and lifestyle,13.59,9,6.1155,128.4255,2019-03-15 0:00:00,10:26:00,Cash,122.31,4.761904716,6.1155,5.8,Morning,Friday,March,Bad
760-90-2357,Rohini,Delhi,Prime,Male,USB Flash Drive,Electronic accessories,74.51,6,22.353,469.413,2019-03-20 0:00:00,15:08:00,Ewallet,447.06,4.761904716,22.353,5,Afternoon,Wednesday,March,Good
761-49-0439,Kharadi,Pune,Prime,Female,Wireless Mouse,Electronic accessories,12.1,8,4.84,101.64,2019-01-19 0:00:00,10:17:00,Ewallet,96.8,4.761904716,4.84,8.6,Morning,Saturday,January,Bad
764-44-8999,Bandra,Mumbai,Elite,Female,Lip Balm,Health and beauty,14.76,2,1.476,30.996,2019-02-18 0:00:00,14:42:00,Ewallet,29.52,4.761904716,1.476,4.3,Afternoon,Monday,February,Bad
765-26-6951,Banjara Hills,Hyderabad,Prime,Male,Yoga Mat,Sports and travel,72.61,6,21.783,457.443,2019-01-01 0:00:00,10:39:00,Credit card,435.66,4.761904716,21.783,6.9,Morning,Tuesday,January,Good
766-85-7061,Bandra,Mumbai,Elite,Male,Face Wash,Health and beauty,87.87,10,43.935,922.635,2019-03-29 0:00:00,10:25:00,Ewallet,878.7,4.761904716,43.935,5.1,Morning,Friday,March,Good
767-05-1286,Whitefield,Bangalore,Prime,Female,Coffee Mug,Home and lifestyle,83.77,6,25.131,527.751,2019-01-23 0:00:00,12:10:00,Ewallet,502.62,4.761904716,25.131,5.4,Afternoon,Wednesday,January,Good
767-54-1907,Powai,Mumbai,Prime,Female,Leather Wallet,Fashion accessories,29.56,5,7.39,155.19,2019-02-13 0:00:00,16:59:00,Cash,147.8,4.761904716,7.39,6.9,Evening,Wednesday,February,Bad
767-97-4650,Connaught Place,Delhi,Basic,Female,Football,Sports and travel,64.83,2,6.483,136.143,2019-01-08 0:00:00,11:59:00,Credit card,129.66,4.761904716,6.483,8,Morning,Tuesday,January,Bad
770-42-8960,Banjara Hills,Hyderabad,Prime,Male,Coca-Cola,Food and beverages,21.12,8,8.448,177.408,2019-01-01 0:00:00,19:31:00,Cash,168.96,4.761904716,8.448,6.3,Evening,Tuesday,January,Bad
775-72-1988,Connaught Place,Delhi,Elite,Male,Storage Basket,Home and lifestyle,73.28,5,18.32,384.72,2019-01-24 0:00:00,15:05:00,Ewallet,366.4,4.761904716,18.32,8.4,Afternoon,Thursday,January,Good
776-68-1096,Bandra,Mumbai,Elite,Male,Bedsheet,Home and lifestyle,44.12,3,6.618,138.978,2019-03-18 0:00:00,13:45:00,Credit card,132.36,4.761904716,6.618,7.9,Afternoon,Monday,March,Bad
777-67-2495,Powai,Mumbai,Basic,Male,Coffee Mug,Home and lifestyle,68.97,3,10.3455,217.2555,2019-02-22 0:00:00,11:26:00,Ewallet,206.91,4.761904716,10.3455,8.7,Morning,Friday,February,Bad
777-82-7220,Baner,Pune,Elite,Male,Wall Clock,Home and lifestyle,30.12,8,12.048,253.008,2019-03-03 0:00:00,13:01:00,Cash,240.96,4.761904716,12.048,7.7,Afternoon,Sunday,March,Bad
778-34-2523,Baner,Pune,Basic,Female,Mechanical Keyboard,Electronic accessories,48.62,8,19.448,408.408,2019-01-24 0:00:00,10:57:00,Cash,388.96,4.761904716,19.448,5,Morning,Thursday,January,Good
778-71-5554,Andheri,Mumbai,Basic,Male,Leather Wallet,Fashion accessories,15.43,1,0.7715,16.2015,2019-01-25 0:00:00,15:46:00,Credit card,15.43,4.761904716,0.7715,6.1,Afternoon,Friday,January,Bad
778-89-7974,Hinjawadi,Pune,Prime,Male,Face Wash,Health and beauty,70.21,6,21.063,442.323,2019-03-30 0:00:00,14:58:00,Cash,421.26,4.761904716,21.063,7.4,Afternoon,Saturday,March,Good
779-06-0012,Rohini,Delhi,Elite,Female,Bedsheet,Home and lifestyle,88.61,1,4.4305,93.0405,2019-01-19 0:00:00,10:21:00,Cash,88.61,4.761904716,4.4305,7.7,Morning,Saturday,January,Bad
779-42-2410,Kharadi,Pune,Prime,Male,Coca-Cola,Food and beverages,57.74,3,8.661,181.881,2019-02-20 0:00:00,13:06:00,Ewallet,173.22,4.761904716,8.661,7.7,Afternoon,Wednesday,February,Bad
781-84-8059,Bandra,Mumbai,Elite,Male,Leather Wallet,Fashion accessories,60.74,7,21.259,446.439,2019-01-18 0:00:00,16:23:00,Ewallet,425.18,4.761904716,21.259,5,Evening,Friday,January,Good
782-95-9291,Whitefield,Bangalore,Basic,Male,Tropicana Juice,Food and beverages,92.29,5,23.0725,484.5225,2019-02-20 0:00:00,15:55:00,Credit card,461.45,4.761904716,23.0725,9,Afternoon,Wednesday,February,Good
783-09-1637,Hinjawadi,Pune,Basic,Female,Cricket Bat,Sports and travel,67.43,5,16.8575,354.0075,2019-03-06 0:00:00,18:13:00,Ewallet,337.15,4.761904716,16.8575,6.3,Evening,Wednesday,March,Good
784-08-0310,Saket,Delhi,Elite,Female,Oreo Biscuits,Food and beverages,21.04,4,4.208,88.368,2019-01-13 0:00:00,13:58:00,Cash,84.16,4.761904716,4.208,7.6,Afternoon,Sunday,January,Bad
784-21-9238,Hitech City,Hyderabad,Elite,Male,Cricket Bat,Sports and travel,10.17,1,0.5085,10.6785,2019-02-07 0:00:00,14:15:00,Cash,10.17,4.761904716,0.5085,5.9,Afternoon,Thursday,February,Bad
785-13-7708,Banjara Hills,Hyderabad,Basic,Male,Coca-Cola,Food and beverages,73.06,7,25.571,536.991,2019-01-14 0:00:00,19:06:00,Credit card,511.42,4.761904716,25.571,4.2,Evening,Monday,January,Good
785-96-0615,Hinjawadi,Pune,Elite,Female,USB Flash Drive,Electronic accessories,35.74,8,14.296,300.216,2019-02-17 0:00:00,15:28:00,Ewallet,285.92,4.761904716,14.296,4.9,Afternoon,Sunday,February,Bad
786-94-2700,Andheri,Mumbai,Prime,Male,Tropicana Juice,Food and beverages,80.62,6,24.186,507.906,2019-02-28 0:00:00,20:18:00,Cash,483.72,4.761904716,24.186,9.1,Evening,Thursday,February,Good
787-15-1757,Baner,Pune,Elite,Male,Body Lotion,Health and beauty,44.07,4,8.814,185.094,2019-02-18 0:00:00,16:28:00,Ewallet,176.28,4.761904716,8.814,8.4,Evening,Monday,February,Bad
787-56-0757,Hitech City,Hyderabad,Elite,Female,Tropicana Juice,Food and beverages,80.36,4,16.072,337.512,2019-02-23 0:00:00,18:45:00,Credit card,321.44,4.761904716,16.072,8.3,Evening,Saturday,February,Good
787-87-2010,Rohini,Delhi,Basic,Male,Sunscreen,Health and beauty,55.5,4,11.1,233.1,2019-01-20 0:00:00,15:48:00,Credit card,222,4.761904716,11.1,6.6,Afternoon,Sunday,January,Bad
788-07-8452,Bandra,Mumbai,Elite,Female,Bedsheet,Home and lifestyle,24.24,7,8.484,178.164,2019-01-27 0:00:00,17:38:00,Ewallet,169.68,4.761904716,8.484,9.4,Evening,Sunday,January,Bad
788-21-5741,Whitefield,Bangalore,Basic,Male,Baseball Cap,Fashion accessories,45.38,3,6.807,142.947,2019-02-17 0:00:00,13:34:00,Credit card,136.14,4.761904716,6.807,7.2,Afternoon,Sunday,February,Bad
789-23-8625,Gachibowli,Hyderabad,Elite,Male,Sunglasses,Fashion accessories,93.22,3,13.983,293.643,2019-01-24 0:00:00,11:45:00,Cash,279.66,4.761904716,13.983,7.2,Morning,Thursday,January,Bad
790-29-1172,Saket,Delhi,Prime,Female,Coca-Cola,Food and beverages,57.34,3,8.601,180.621,2019-03-10 0:00:00,18:59:00,Credit card,172.02,4.761904716,8.601,7.9,Evening,Sunday,March,Bad
790-38-4466,Kharadi,Pune,Prime,Female,Shampoo,Health and beauty,10.99,5,2.7475,57.6975,2019-01-23 0:00:00,10:18:00,Credit card,54.95,4.761904716,2.7475,9.3,Morning,Wednesday,January,Bad
793-10-3222,Bandra,Mumbai,Prime,Female,Face Wash,Health and beauty,41.06,6,12.318,258.678,2019-03-05 0:00:00,13:30:00,Credit card,246.36,4.761904716,12.318,8.3,Afternoon,Tuesday,March,Bad
794-32-2436,Rohini,Delhi,Prime,Male,Power Bank,Electronic accessories,55.67,2,5.567,116.907,2019-03-27 0:00:00,15:08:00,Ewallet,111.34,4.761904716,5.567,6,Afternoon,Wednesday,March,Bad
794-42-3736,Indiranagar,Bangalore,Prime,Male,Oreo Biscuits,Food and beverages,33.33,2,3.333,69.993,2019-01-26 0:00:00,14:41:00,Credit card,66.66,4.761904716,3.333,6.4,Afternoon,Saturday,January,Bad
795-49-7276,Andheri,Mumbai,Basic,Male,Leather Wallet,Fashion accessories,37.15,4,7.43,156.03,2019-03-23 0:00:00,18:59:00,Ewallet,148.6,4.761904716,7.43,8.3,Evening,Saturday,March,Bad
796-12-2025,Whitefield,Bangalore,Basic,Male,Wrist Watch,Fashion accessories,62.12,10,31.06,652.26,2019-02-11 0:00:00,16:19:00,Cash,621.2,4.761904716,31.06,5.9,Evening,Monday,February,Good
796-32-9050,Gachibowli,Hyderabad,Prime,Male,Tropicana Juice,Food and beverages,51.28,6,15.384,323.064,2019-01-19 0:00:00,16:31:00,Cash,307.68,4.761904716,15.384,6.5,Evening,Saturday,January,Good
797-88-0493,Koramangala,Bangalore,Basic,Female,Face Wash,Health and beauty,64.27,4,12.854,269.934,2019-03-26 0:00:00,13:54:00,Cash,257.08,4.761904716,12.854,7.7,Afternoon,Tuesday,March,Bad
799-71-1548,Gachibowli,Hyderabad,Elite,Male,Mechanical Keyboard,Electronic accessories,77.72,4,15.544,326.424,2019-01-07 0:00:00,16:11:00,Credit card,310.88,4.761904716,15.544,8.8,Evening,Monday,January,Good
800-09-8606,Powai,Mumbai,Elite,Female,Wall Clock,Home and lifestyle,87.37,5,21.8425,458.6925,2019-01-29 0:00:00,19:45:00,Cash,436.85,4.761904716,21.8425,6.6,Evening,Tuesday,January,Good
801-88-0346,Indiranagar,Bangalore,Elite,Female,Sunglasses,Fashion accessories,76.06,3,11.409,239.589,2019-01-05 0:00:00,20:30:00,Credit card,228.18,4.761904716,11.409,9.8,Evening,Saturday,January,Bad
802-43-8934,Hinjawadi,Pune,Elite,Male,Bedsheet,Home and lifestyle,18.28,1,0.914,19.194,2019-03-22 0:00:00,15:05:00,Credit card,18.28,4.761904716,0.914,8.3,Afternoon,Friday,March,Bad
802-70-5316,Baner,Pune,Basic,Female,Travel Backpack,Sports and travel,92.13,6,27.639,580.419,2019-03-06 0:00:00,20:34:00,Cash,552.78,4.761904716,27.639,8.3,Evening,Wednesday,March,Good
803-17-8013,Koramangala,Bangalore,Prime,Female,Coffee Mug,Home and lifestyle,88.79,8,35.516,745.836,2019-02-17 0:00:00,17:09:00,Cash,710.32,4.761904716,35.516,4.1,Evening,Sunday,February,Good
803-83-5989,Koramangala,Bangalore,Elite,Male,Coffee Mug,Home and lifestyle,55.73,6,16.719,351.099,2019-02-24 0:00:00,10:55:00,Ewallet,334.38,4.761904716,16.719,7,Morning,Sunday,February,Good
804-38-3935,Indiranagar,Bangalore,Prime,Male,Bluetooth Speaker,Electronic accessories,93.78,3,14.067,295.407,2019-01-30 0:00:00,11:32:00,Credit card,281.34,4.761904716,14.067,5.9,Morning,Wednesday,January,Bad
805-86-0265,Indiranagar,Bangalore,Elite,Male,Coffee Mug,Home and lifestyle,93.96,9,42.282,887.922,2019-03-20 0:00:00,11:32:00,Cash,845.64,4.761904716,42.282,9.8,Morning,Wednesday,March,Good
807-14-7833,Gachibowli,Hyderabad,Elite,Female,Bluetooth Speaker,Electronic accessories,17.42,10,8.71,182.91,2019-02-22 0:00:00,12:30:00,Ewallet,174.2,4.761904716,8.71,7,Afternoon,Friday,February,Bad
807-34-3742,Kharadi,Pune,Basic,Male,Wrist Watch,Fashion accessories,52.38,1,2.619,54.999,2019-03-26 0:00:00,19:44:00,Cash,52.38,4.761904716,2.619,5.8,Evening,Tuesday,March,Bad
808-65-0703,Powai,Mumbai,Elite,Male,Coffee Mug,Home and lifestyle,35.47,4,7.094,148.974,2019-03-14 0:00:00,17:22:00,Credit card,141.88,4.761904716,7.094,6.9,Evening,Thursday,March,Bad
809-46-1866,Baner,Pune,Prime,Male,Shampoo,Health and beauty,58.15,4,11.63,244.23,2019-01-23 0:00:00,17:44:00,Cash,232.6,4.761904716,11.63,8.4,Evening,Wednesday,January,Bad
809-69-9497,Indiranagar,Bangalore,Basic,Female,Bedsheet,Home and lifestyle,45.68,10,22.84,479.64,2019-01-19 0:00:00,19:30:00,Ewallet,456.8,4.761904716,22.84,5.7,Evening,Saturday,January,Good
810-60-6344,Hitech City,Hyderabad,Prime,Female,Wireless Mouse,Electronic accessories,40.86,8,16.344,343.224,2019-02-07 0:00:00,14:38:00,Credit card,326.88,4.761904716,16.344,6.5,Afternoon,Thursday,February,Good
811-03-8790,Powai,Mumbai,Elite,Female,Mechanical Keyboard,Electronic accessories,45.48,10,22.74,477.54,2019-03-01 0:00:00,10:22:00,Credit card,454.8,4.761904716,22.74,4.8,Morning,Friday,March,Good
811-35-1094,Indiranagar,Bangalore,Elite,Male,Wireless Mouse,Electronic accessories,50.45,6,15.135,317.835,2019-02-06 0:00:00,15:16:00,Credit card,302.7,4.761904716,15.135,8.9,Afternoon,Wednesday,February,Bad
815-04-6282,Banjara Hills,Hyderabad,Basic,Female,Yoga Mat,Sports and travel,64.97,5,16.2425,341.0925,2019-02-08 0:00:00,12:52:00,Credit card,324.85,4.761904716,16.2425,6.5,Afternoon,Friday,February,Good
815-11-1168,Bandra,Mumbai,Elite,Male,Lay's Chips,Food and beverages,99.78,5,24.945,523.845,2019-03-09 0:00:00,19:09:00,Cash,498.9,4.761904716,24.945,5.4,Evening,Saturday,March,Good
816-57-2053,Bandra,Mumbai,Prime,Male,Travel Backpack,Sports and travel,60.87,2,6.087,127.827,2019-03-09 0:00:00,12:37:00,Ewallet,121.74,4.761904716,6.087,8.7,Afternoon,Saturday,March,Bad
816-72-8853,Connaught Place,Delhi,Prime,Female,Yoga Mat,Sports and travel,27.93,5,6.9825,146.6325,2019-01-29 0:00:00,15:48:00,Cash,139.65,4.761904716,6.9825,5.9,Afternoon,Tuesday,January,Bad
817-48-8732,Powai,Mumbai,Prime,Female,Table Lamp,Home and lifestyle,72.35,10,36.175,759.675,2019-01-20 0:00:00,15:55:00,Cash,723.5,4.761904716,36.175,5.4,Afternoon,Sunday,January,Good
817-69-8206,Saket,Delhi,Prime,Female,Power Bank,Electronic accessories,99.73,9,44.8785,942.4485,2019-03-02 0:00:00,19:42:00,Credit card,897.57,4.761904716,44.8785,6.5,Evening,Saturday,March,Good
821-07-3596,Rohini,Delhi,Basic,Female,Leather Wallet,Fashion accessories,16.45,4,3.29,69.09,2019-03-07 0:00:00,14:53:00,Ewallet,65.8,4.761904716,3.29,5.6,Afternoon,Thursday,March,Bad
821-14-9046,Powai,Mumbai,Basic,Female,Sunglasses,Fashion accessories,17.48,6,5.244,110.124,2019-01-18 0:00:00,15:04:00,Credit card,104.88,4.761904716,5.244,6.1,Afternoon,Friday,January,Bad
824-88-3614,Baner,Pune,Elite,Male,Sunscreen,Health and beauty,34.31,8,13.724,288.204,2019-01-25 0:00:00,15:00:00,Ewallet,274.48,4.761904716,13.724,5.7,Afternoon,Friday,January,Bad
825-94-5922,Baner,Pune,Elite,Male,Yoga Mat,Sports and travel,25.31,2,2.531,53.151,2019-03-02 0:00:00,19:26:00,Ewallet,50.62,4.761904716,2.531,7.2,Evening,Saturday,March,Bad
826-58-8051,Gachibowli,Hyderabad,Elite,Male,Table Lamp,Home and lifestyle,62.19,4,12.438,261.198,2019-01-06 0:00:00,19:46:00,Ewallet,248.76,4.761904716,12.438,4.3,Evening,Sunday,January,Bad
827-26-2100,Andheri,Mumbai,Basic,Male,Wall Clock,Home and lifestyle,33.84,9,15.228,319.788,2019-03-21 0:00:00,16:21:00,Ewallet,304.56,4.761904716,15.228,8.8,Evening,Thursday,March,Bad
827-44-5872,Banjara Hills,Hyderabad,Elite,Female,Nescafe Coffee,Food and beverages,54.36,10,27.18,570.78,2019-02-07 0:00:00,11:28:00,Credit card,543.6,4.761904716,27.18,6.1,Morning,Thursday,February,Good
827-77-7633,Kharadi,Pune,Elite,Male,Travel Backpack,Sports and travel,98.09,9,44.1405,926.9505,2019-02-17 0:00:00,19:41:00,Cash,882.81,4.761904716,44.1405,9.3,Evening,Sunday,February,Good
828-46-6863,Gachibowli,Hyderabad,Basic,Male,Coca-Cola,Food and beverages,98.53,6,29.559,620.739,2019-01-23 0:00:00,11:22:00,Credit card,591.18,4.761904716,29.559,4,Morning,Wednesday,January,Good
828-61-5674,Saket,Delhi,Elite,Male,Gym Bag,Sports and travel,44.02,10,22.01,462.21,2019-03-20 0:00:00,19:57:00,Credit card,440.2,4.761904716,22.01,9.6,Evening,Wednesday,March,Good
829-34-3910,Baner,Pune,Elite,Female,Shampoo,Health and beauty,71.38,10,35.69,749.49,2019-03-29 0:00:00,19:21:00,Cash,713.8,4.761904716,35.69,5.7,Evening,Friday,March,Good
829-49-1914,Indiranagar,Bangalore,Basic,Female,Nescafe Coffee,Food and beverages,78.31,10,39.155,822.255,2019-03-05 0:00:00,16:24:00,Ewallet,783.1,4.761904716,39.155,6.6,Evening,Tuesday,March,Good
830-58-2383,Powai,Mumbai,Basic,Male,Storage Basket,Home and lifestyle,31.75,4,6.35,133.35,2019-02-08 0:00:00,15:26:00,Cash,127,4.761904716,6.35,8.6,Afternoon,Friday,February,Bad
831-07-6050,Baner,Pune,Basic,Male,Bluetooth Speaker,Electronic accessories,32.71,5,8.1775,171.7275,2019-03-19 0:00:00,11:30:00,Credit card,163.55,4.761904716,8.1775,9.9,Morning,Tuesday,March,Bad
831-64-0259,Kharadi,Pune,Prime,Female,Sunglasses,Fashion accessories,39.75,5,9.9375,208.6875,2019-02-22 0:00:00,10:43:00,Ewallet,198.75,4.761904716,9.9375,9.6,Morning,Friday,February,Bad
831-81-6575,Koramangala,Bangalore,Prime,Female,USB Flash Drive,Electronic accessories,75.59,9,34.0155,714.3255,2019-02-23 0:00:00,11:12:00,Cash,680.31,4.761904716,34.0155,8,Morning,Saturday,February,Good
832-51-6761,Rohini,Delhi,Elite,Male,Lay's Chips,Food and beverages,33.88,8,13.552,284.592,2019-01-19 0:00:00,20:29:00,Ewallet,271.04,4.761904716,13.552,9.6,Evening,Saturday,January,Bad
834-25-9262,Andheri,Mumbai,Elite,Female,Leather Wallet,Fashion accessories,81.68,4,16.336,343.056,2019-01-06 0:00:00,12:12:00,Cash,326.72,4.761904716,16.336,9.1,Afternoon,Sunday,January,Good
834-45-5519,Bandra,Mumbai,Prime,Female,Mechanical Keyboard,Electronic accessories,43,4,8.6,180.6,2019-01-31 0:00:00,20:48:00,Ewallet,172,4.761904716,8.6,7.6,Evening,Thursday,January,Bad
834-61-8124,Connaught Place,Delhi,Prime,Male,Bluetooth Speaker,Electronic accessories,51.69,7,18.0915,379.9215,2019-01-26 0:00:00,18:22:00,Cash,361.83,4.761904716,18.0915,5.5,Evening,Saturday,January,Good
834-83-1826,Indiranagar,Bangalore,Basic,Female,Wall Clock,Home and lifestyle,82.04,5,20.51,430.71,2019-02-25 0:00:00,17:16:00,Credit card,410.2,4.761904716,20.51,7.6,Evening,Monday,February,Good
835-16-0096,Powai,Mumbai,Basic,Male,Football,Sports and travel,14.7,5,3.675,77.175,2019-03-24 0:00:00,13:48:00,Ewallet,73.5,4.761904716,3.675,8.5,Afternoon,Sunday,March,Bad
836-82-5858,Rohini,Delhi,Basic,Male,Shampoo,Health and beauty,69.37,9,31.2165,655.5465,2019-01-26 0:00:00,19:14:00,Ewallet,624.33,4.761904716,31.2165,4,Evening,Saturday,January,Good
837-55-7229,Indiranagar,Bangalore,Elite,Female,Handbag,Fashion accessories,47.44,1,2.372,49.812,2019-02-22 0:00:00,18:19:00,Credit card,47.44,4.761904716,2.372,6.8,Evening,Friday,February,Bad
838-02-1821,Gachibowli,Hyderabad,Elite,Female,Wall Clock,Home and lifestyle,12.73,2,1.273,26.733,2019-02-22 0:00:00,12:10:00,Credit card,25.46,4.761904716,1.273,5.2,Afternoon,Friday,February,Bad
838-78-4295,Baner,Pune,Basic,Female,Body Lotion,Health and beauty,33.47,2,3.347,70.287,2019-02-10 0:00:00,15:43:00,Ewallet,66.94,4.761904716,3.347,6.7,Afternoon,Sunday,February,Bad
840-19-2096,Baner,Pune,Prime,Male,Mechanical Keyboard,Electronic accessories,87.91,5,21.9775,461.5275,2019-03-14 0:00:00,18:10:00,Ewallet,439.55,4.761904716,21.9775,4.4,Evening,Thursday,March,Good
840-76-5966,Hinjawadi,Pune,Prime,Male,Football,Sports and travel,12.76,2,1.276,26.796,2019-01-08 0:00:00,18:06:00,Ewallet,25.52,4.761904716,1.276,7.8,Evening,Tuesday,January,Bad
841-18-8232,Bandra,Mumbai,Prime,Female,Lay's Chips,Food and beverages,71.2,1,3.56,74.76,2019-01-05 0:00:00,20:40:00,Credit card,71.2,4.761904716,3.56,9.2,Evening,Saturday,January,Bad
841-35-6630,Powai,Mumbai,Basic,Female,Wireless Mouse,Electronic accessories,75.91,6,22.773,478.233,2019-03-09 0:00:00,18:21:00,Cash,455.46,4.761904716,22.773,8.7,Evening,Saturday,March,Good
842-29-4695,Powai,Mumbai,Prime,Male,Yoga Mat,Sports and travel,17.14,7,5.999,125.979,2019-01-16 0:00:00,12:07:00,Credit card,119.98,4.761904716,5.999,7.9,Afternoon,Wednesday,January,Bad
842-40-8179,Indiranagar,Bangalore,Prime,Female,Coca-Cola,Food and beverages,77.2,10,38.6,810.6,2019-02-11 0:00:00,10:38:00,Credit card,772,4.761904716,38.6,5.6,Morning,Monday,February,Good
843-01-4703,Gachibowli,Hyderabad,Basic,Female,Coffee Mug,Home and lifestyle,35.38,9,15.921,334.341,2019-01-05 0:00:00,19:50:00,Credit card,318.42,4.761904716,15.921,9.6,Evening,Saturday,January,Good
843-73-4724,Hinjawadi,Pune,Basic,Male,Handbag,Fashion accessories,74.1,1,3.705,77.805,2019-01-25 0:00:00,11:05:00,Cash,74.1,4.761904716,3.705,9.2,Morning,Friday,January,Bad
845-51-0542,Connaught Place,Delhi,Prime,Male,Nescafe Coffee,Food and beverages,46.55,9,20.9475,439.8975,2019-02-02 0:00:00,15:34:00,Ewallet,418.95,4.761904716,20.9475,6.4,Afternoon,Saturday,February,Good
845-94-6841,Rohini,Delhi,Prime,Female,Nescafe Coffee,Food and beverages,72.88,9,32.796,688.716,2019-01-08 0:00:00,19:38:00,Cash,655.92,4.761904716,32.796,4,Evening,Tuesday,January,Good
846-10-0341,Powai,Mumbai,Elite,Female,Sunglasses,Fashion accessories,42.57,7,14.8995,312.8895,2019-01-06 0:00:00,11:51:00,Cash,297.99,4.761904716,14.8995,6.8,Morning,Sunday,January,Bad
847-38-7188,Bandra,Mumbai,Prime,Female,Nescafe Coffee,Food and beverages,96.68,3,14.502,304.542,2019-01-26 0:00:00,19:56:00,Ewallet,290.04,4.761904716,14.502,6.4,Evening,Saturday,January,Bad
848-07-1692,Baner,Pune,Prime,Female,Body Lotion,Health and beauty,57.22,2,5.722,120.162,2019-01-12 0:00:00,17:13:00,Ewallet,114.44,4.761904716,5.722,8.3,Evening,Saturday,January,Bad
848-24-9445,Kharadi,Pune,Basic,Male,Lip Balm,Health and beauty,43.7,2,4.37,91.77,2019-03-26 0:00:00,18:03:00,Cash,87.4,4.761904716,4.37,4.9,Evening,Tuesday,March,Bad
848-42-2560,Andheri,Mumbai,Prime,Female,Leather Wallet,Fashion accessories,81.91,2,8.191,172.011,2019-03-05 0:00:00,17:43:00,Cash,163.82,4.761904716,8.191,7.8,Evening,Tuesday,March,Bad
848-62-7243,Hinjawadi,Pune,Prime,Male,Lip Balm,Health and beauty,24.89,9,11.2005,235.2105,2019-03-15 0:00:00,15:36:00,Cash,224.01,4.761904716,11.2005,7.4,Afternoon,Friday,March,Bad
848-95-6252,Whitefield,Bangalore,Elite,Female,Bedsheet,Home and lifestyle,86.27,1,4.3135,90.5835,2019-02-20 0:00:00,13:24:00,Ewallet,86.27,4.761904716,4.3135,7,Afternoon,Wednesday,February,Bad
849-09-3807,Whitefield,Bangalore,Prime,Female,Leather Wallet,Fashion accessories,88.34,7,30.919,649.299,2019-02-18 0:00:00,13:28:00,Cash,618.38,4.761904716,30.919,6.6,Afternoon,Monday,February,Good
850-41-9669,Hitech City,Hyderabad,Basic,Female,Bluetooth Speaker,Electronic accessories,75.06,9,33.777,709.317,2019-03-19 0:00:00,13:25:00,Ewallet,675.54,4.761904716,33.777,6.2,Afternoon,Tuesday,March,Good
851-28-6367,Indiranagar,Bangalore,Prime,Male,Football,Sports and travel,15.5,10,7.75,162.75,2019-03-23 0:00:00,10:55:00,Ewallet,155,4.761904716,7.75,8,Morning,Saturday,March,Bad
851-98-3555,Koramangala,Bangalore,Elite,Female,Shampoo,Health and beauty,82.88,5,20.72,435.12,2019-03-24 0:00:00,14:08:00,Credit card,414.4,4.761904716,20.72,6.6,Afternoon,Sunday,March,Good
852-62-7105,Baner,Pune,Elite,Female,Wrist Watch,Fashion accessories,83.25,10,41.625,874.125,2019-01-12 0:00:00,11:25:00,Credit card,832.5,4.761904716,41.625,4.4,Morning,Saturday,January,Good
852-82-2749,Whitefield,Bangalore,Elite,Male,Football,Sports and travel,64.59,4,12.918,271.278,2019-01-06 0:00:00,13:35:00,Ewallet,258.36,4.761904716,12.918,9.3,Afternoon,Sunday,January,Bad
853-23-2453,Hinjawadi,Pune,Basic,Male,Shampoo,Health and beauty,75.74,4,15.148,318.108,2019-02-14 0:00:00,14:35:00,Cash,302.96,4.761904716,15.148,7.6,Afternoon,Thursday,February,Bad
856-22-8149,Saket,Delhi,Elite,Female,Coffee Mug,Home and lifestyle,25.29,1,1.2645,26.5545,2019-03-23 0:00:00,10:13:00,Ewallet,25.29,4.761904716,1.2645,6.1,Morning,Saturday,March,Bad
856-66-2701,Baner,Pune,Basic,Male,Coffee Mug,Home and lifestyle,53.3,3,7.995,167.895,2019-01-25 0:00:00,14:19:00,Ewallet,159.9,4.761904716,7.995,7.5,Afternoon,Friday,January,Bad
857-16-3520,Baner,Pune,Basic,Female,Wrist Watch,Fashion accessories,71.46,7,25.011,525.231,2019-03-28 0:00:00,16:06:00,Ewallet,500.22,4.761904716,25.011,4.5,Evening,Thursday,March,Good
857-67-9057,Hinjawadi,Pune,Basic,Male,Wireless Mouse,Electronic accessories,22.95,10,11.475,240.975,2019-02-06 0:00:00,19:20:00,Ewallet,229.5,4.761904716,11.475,8.2,Evening,Wednesday,February,Bad
859-71-0933,Indiranagar,Bangalore,Basic,Female,Yoga Mat,Sports and travel,15.49,2,1.549,32.529,2019-01-16 0:00:00,15:10:00,Cash,30.98,4.761904716,1.549,6.3,Afternoon,Wednesday,January,Bad
859-97-6048,Connaught Place,Delhi,Basic,Male,Bluetooth Speaker,Electronic accessories,84.25,2,8.425,176.925,2019-03-26 0:00:00,14:13:00,Credit card,168.5,4.761904716,8.425,5.3,Afternoon,Tuesday,March,Bad
860-73-6466,Whitefield,Bangalore,Elite,Female,Football,Sports and travel,39.47,2,3.947,82.887,2019-03-02 0:00:00,16:16:00,Credit card,78.94,4.761904716,3.947,5,Evening,Saturday,March,Bad
860-79-0874,Gachibowli,Hyderabad,Elite,Female,Leather Wallet,Fashion accessories,99.3,10,49.65,1042.65,2019-02-15 0:00:00,14:53:00,Credit card,993,4.761904716,49.65,6.6,Afternoon,Friday,February,Good
861-77-0145,Koramangala,Bangalore,Elite,Male,Bluetooth Speaker,Electronic accessories,81.97,10,40.985,860.685,2019-03-03 0:00:00,14:30:00,Cash,819.7,4.761904716,40.985,9.2,Afternoon,Sunday,March,Good
862-17-9201,Andheri,Mumbai,Elite,Female,Tropicana Juice,Food and beverages,84.05,6,25.215,529.515,2019-01-29 0:00:00,10:48:00,Credit card,504.3,4.761904716,25.215,7.7,Morning,Tuesday,January,Good
862-29-5914,Hitech City,Hyderabad,Prime,Female,Yoga Mat,Sports and travel,22.38,1,1.119,23.499,2019-01-30 0:00:00,17:08:00,Credit card,22.38,4.761904716,1.119,8.6,Evening,Wednesday,January,Bad
862-59-8517,Indiranagar,Bangalore,Basic,Female,Coca-Cola,Food and beverages,90.24,6,27.072,568.512,2019-01-27 0:00:00,11:17:00,Cash,541.44,4.761904716,27.072,6.2,Morning,Sunday,January,Good
864-24-7918,Bandra,Mumbai,Elite,Female,Yoga Mat,Sports and travel,24.49,10,12.245,257.145,2019-02-22 0:00:00,15:15:00,Cash,244.9,4.761904716,12.245,8.1,Afternoon,Friday,February,Bad
865-41-9075,Rohini,Delhi,Basic,Male,Coca-Cola,Food and beverages,11.53,7,4.0355,84.7455,2019-01-28 0:00:00,17:35:00,Cash,80.71,4.761904716,4.0355,8.1,Evening,Monday,January,Bad
865-92-6136,Hitech City,Hyderabad,Elite,Male,Lay's Chips,Food and beverages,52.75,3,7.9125,166.1625,2019-03-23 0:00:00,10:16:00,Ewallet,158.25,4.761904716,7.9125,9.3,Morning,Saturday,March,Bad
866-05-7563,Indiranagar,Bangalore,Basic,Female,USB Flash Drive,Electronic accessories,81.4,3,12.21,256.41,2019-02-09 0:00:00,19:43:00,Cash,244.2,4.761904716,12.21,4.8,Evening,Saturday,February,Bad
866-70-2814,Saket,Delhi,Elite,Female,Wireless Mouse,Electronic accessories,52.79,10,26.395,554.295,2019-02-25 0:00:00,11:58:00,Ewallet,527.9,4.761904716,26.395,9.9,Morning,Monday,February,Good
866-99-7614,Saket,Delhi,Prime,Male,Coca-Cola,Food and beverages,89.2,10,44.6,936.6,2019-02-11 0:00:00,15:42:00,Credit card,892,4.761904716,44.6,4.4,Afternoon,Monday,February,Good
867-47-1948,Indiranagar,Bangalore,Prime,Female,Bedsheet,Home and lifestyle,15.8,10,7.9,165.9,2019-01-09 0:00:00,12:07:00,Cash,158,4.761904716,7.9,7.8,Afternoon,Wednesday,January,Bad
868-06-0466,Andheri,Mumbai,Prime,Male,Wireless Mouse,Electronic accessories,69.58,9,31.311,657.531,2019-02-19 0:00:00,19:38:00,Credit card,626.22,4.761904716,31.311,7.8,Evening,Tuesday,February,Good
868-52-7573,Kharadi,Pune,Basic,Female,Oreo Biscuits,Food and beverages,99.69,5,24.9225,523.3725,2019-01-14 0:00:00,12:09:00,Cash,498.45,4.761904716,24.9225,9.9,Afternoon,Monday,January,Good
868-81-1752,Rohini,Delhi,Basic,Male,Table Lamp,Home and lifestyle,22.02,9,9.909,208.089,2019-02-07 0:00:00,18:48:00,Cash,198.18,4.761904716,9.909,6.8,Evening,Thursday,February,Bad
869-11-3082,Andheri,Mumbai,Elite,Male,Shampoo,Health and beauty,96.16,4,19.232,403.872,2019-01-27 0:00:00,20:03:00,Credit card,384.64,4.761904716,19.232,8.4,Evening,Sunday,January,Good
870-54-3162,Hitech City,Hyderabad,Basic,Female,Yoga Mat,Sports and travel,32.25,5,8.0625,169.3125,2019-01-27 0:00:00,13:26:00,Cash,161.25,4.761904716,8.0625,9,Afternoon,Sunday,January,Bad
870-72-4431,Whitefield,Bangalore,Elite,Female,Lip Balm,Health and beauty,99.19,6,29.757,624.897,2019-01-21 0:00:00,14:42:00,Credit card,595.14,4.761904716,29.757,5.5,Afternoon,Monday,January,Good
870-76-1733,Gachibowli,Hyderabad,Elite,Female,Oreo Biscuits,Food and beverages,14.23,5,3.5575,74.7075,2019-02-01 0:00:00,10:08:00,Credit card,71.15,4.761904716,3.5575,4.4,Morning,Friday,February,Bad
871-39-9221,Connaught Place,Delhi,Basic,Female,Wireless Mouse,Electronic accessories,12.45,6,3.735,78.435,2019-02-09 0:00:00,13:11:00,Cash,74.7,4.761904716,3.735,4.1,Afternoon,Saturday,February,Bad
871-79-8483,Hinjawadi,Pune,Elite,Male,Sunglasses,Fashion accessories,94.13,5,23.5325,494.1825,2019-02-25 0:00:00,19:39:00,Credit card,470.65,4.761904716,23.5325,4.8,Evening,Monday,February,Good
873-14-6353,Hitech City,Hyderabad,Basic,Male,Lay's Chips,Food and beverages,24.82,7,8.687,182.427,2019-02-16 0:00:00,10:33:00,Credit card,173.74,4.761904716,8.687,7.1,Morning,Saturday,February,Bad
873-51-0671,Koramangala,Bangalore,Elite,Female,Gym Bag,Sports and travel,21.98,7,7.693,161.553,2019-01-10 0:00:00,16:42:00,Ewallet,153.86,4.761904716,7.693,5.1,Evening,Thursday,January,Bad
873-95-4984,Saket,Delhi,Prime,Female,Body Lotion,Health and beauty,76.9,7,26.915,565.215,2019-02-15 0:00:00,20:21:00,Cash,538.3,4.761904716,26.915,7.7,Evening,Friday,February,Good
875-31-8302,Andheri,Mumbai,Elite,Male,Yoga Mat,Sports and travel,93.38,1,4.669,98.049,2019-01-03 0:00:00,13:07:00,Cash,93.38,4.761904716,4.669,9.6,Afternoon,Thursday,January,Bad
875-46-5808,Saket,Delhi,Prime,Male,Face Wash,Health and beauty,25.9,10,12.95,271.95,2019-02-06 0:00:00,14:51:00,Ewallet,259,4.761904716,12.95,8.7,Afternoon,Wednesday,February,Bad
877-22-3308,Connaught Place,Delhi,Basic,Male,Sunscreen,Health and beauty,15.87,10,7.935,166.635,2019-03-13 0:00:00,16:40:00,Cash,158.7,4.761904716,7.935,5.8,Evening,Wednesday,March,Bad
878-30-2331,Saket,Delhi,Elite,Female,Gym Bag,Sports and travel,54.55,10,27.275,572.775,2019-03-02 0:00:00,11:22:00,Credit card,545.5,4.761904716,27.275,7.1,Morning,Saturday,March,Good
880-35-0356,Whitefield,Bangalore,Basic,Female,Football,Sports and travel,75.2,3,11.28,236.88,2019-02-05 0:00:00,11:51:00,Ewallet,225.6,4.761904716,11.28,4.8,Morning,Tuesday,February,Bad
880-46-5796,Hinjawadi,Pune,Prime,Male,Travel Backpack,Sports and travel,76.92,10,38.46,807.66,2019-03-17 0:00:00,19:53:00,Ewallet,769.2,4.761904716,38.46,5.6,Evening,Sunday,March,Good
881-41-7302,Hinjawadi,Pune,Prime,Female,Wrist Watch,Fashion accessories,64.99,1,3.2495,68.2395,2019-01-26 0:00:00,10:06:00,Credit card,64.99,4.761904716,3.2495,4.5,Morning,Saturday,January,Bad
882-40-4577,Andheri,Mumbai,Prime,Male,Yoga Mat,Sports and travel,67.26,4,13.452,282.492,2019-01-19 0:00:00,15:28:00,Credit card,269.04,4.761904716,13.452,8,Afternoon,Saturday,January,Bad
883-17-4236,Connaught Place,Delhi,Elite,Female,Travel Backpack,Sports and travel,14.39,2,1.439,30.219,2019-03-02 0:00:00,19:44:00,Credit card,28.78,4.761904716,1.439,7.2,Evening,Saturday,March,Bad
883-69-1285,Rohini,Delhi,Prime,Male,Sunglasses,Fashion accessories,49.92,2,4.992,104.832,2019-03-06 0:00:00,11:55:00,Credit card,99.84,4.761904716,4.992,7,Morning,Wednesday,March,Bad
884-80-6021,Baner,Pune,Basic,Female,Mechanical Keyboard,Electronic accessories,73.47,10,36.735,771.435,2019-03-23 0:00:00,13:14:00,Ewallet,734.7,4.761904716,36.735,9.5,Afternoon,Saturday,March,Good
885-17-6250,Banjara Hills,Hyderabad,Elite,Female,Sunscreen,Health and beauty,79.74,1,3.987,83.727,2019-03-06 0:00:00,10:36:00,Ewallet,79.74,4.761904716,3.987,7.3,Morning,Wednesday,March,Bad
885-56-0389,Bandra,Mumbai,Elite,Male,Baseball Cap,Fashion accessories,52.35,1,2.6175,54.9675,2019-02-12 0:00:00,17:49:00,Cash,52.35,4.761904716,2.6175,4,Evening,Tuesday,February,Bad
886-18-2897,Baner,Pune,Elite,Female,Oreo Biscuits,Food and beverages,56.56,5,14.14,296.94,2019-03-22 0:00:00,19:06:00,Credit card,282.8,4.761904716,14.14,4.5,Evening,Friday,March,Bad
886-54-6089,Saket,Delhi,Prime,Female,Wall Clock,Home and lifestyle,11.43,6,3.429,72.009,2019-01-15 0:00:00,17:24:00,Cash,68.58,4.761904716,3.429,7.7,Evening,Tuesday,January,Bad
886-77-9084,Connaught Place,Delhi,Elite,Male,Wireless Mouse,Electronic accessories,71.89,8,28.756,603.876,2019-02-19 0:00:00,11:33:00,Ewallet,575.12,4.761904716,28.756,5.5,Morning,Tuesday,February,Good
887-42-0517,Whitefield,Bangalore,Basic,Female,Cricket Bat,Sports and travel,83.14,7,29.099,611.079,2019-01-10 0:00:00,10:31:00,Credit card,581.98,4.761904716,29.099,6.6,Morning,Thursday,January,Good
888-02-0338,Whitefield,Bangalore,Elite,Male,Bluetooth Speaker,Electronic accessories,26.23,9,11.8035,247.8735,2019-01-25 0:00:00,20:24:00,Ewallet,236.07,4.761904716,11.8035,5.9,Evening,Friday,January,Bad
889-04-9723,Whitefield,Bangalore,Prime,Female,Tropicana Juice,Food and beverages,89.14,4,17.828,374.388,2019-01-07 0:00:00,12:20:00,Credit card,356.56,4.761904716,17.828,7.8,Afternoon,Monday,January,Good
891-01-7034,Baner,Pune,Basic,Female,Power Bank,Electronic accessories,74.71,6,22.413,470.673,2019-01-01 0:00:00,19:07:00,Cash,448.26,4.761904716,22.413,6.7,Evening,Tuesday,January,Good
891-58-8335,Saket,Delhi,Elite,Female,Travel Backpack,Sports and travel,29.61,7,10.3635,217.6335,2019-03-11 0:00:00,15:53:00,Cash,207.27,4.761904716,10.3635,6.5,Afternoon,Monday,March,Bad
892-05-6689,Connaught Place,Delhi,Elite,Female,Coffee Mug,Home and lifestyle,28.32,5,7.08,148.68,2019-03-11 0:00:00,13:28:00,Ewallet,141.6,4.761904716,7.08,6.2,Afternoon,Monday,March,Bad
894-41-5205,Hitech City,Hyderabad,Prime,Female,Nescafe Coffee,Food and beverages,43.18,8,17.272,362.712,2019-01-19 0:00:00,19:39:00,Credit card,345.44,4.761904716,17.272,8.3,Evening,Saturday,January,Good
895-03-6665,Andheri,Mumbai,Basic,Female,Wrist Watch,Fashion accessories,36.51,9,16.4295,345.0195,2019-02-16 0:00:00,10:52:00,Cash,328.59,4.761904716,16.4295,4.2,Morning,Saturday,February,Good
895-66-0685,Hinjawadi,Pune,Elite,Male,Lay's Chips,Food and beverages,18.08,3,2.712,56.952,2019-03-05 0:00:00,19:46:00,Ewallet,54.24,4.761904716,2.712,8,Evening,Tuesday,March,Bad
896-34-0956,Kharadi,Pune,Prime,Male,Wrist Watch,Fashion accessories,21.32,1,1.066,22.386,2019-01-26 0:00:00,12:43:00,Cash,21.32,4.761904716,1.066,5.9,Afternoon,Saturday,January,Bad
898-04-2717,Bandra,Mumbai,Prime,Male,Handbag,Fashion accessories,76.4,9,34.38,721.98,2019-03-19 0:00:00,15:49:00,Ewallet,687.6,4.761904716,34.38,7.5,Afternoon,Tuesday,March,Good