invoice_id,branch,city,state,customer_type,gender,product_name,product_line,unit_price,quantity,vat,total,date,time,payment,cogs,gross_margin_pct,gross_income,rating,time_of_day,day_name,month_name,product_category
101-17-6199,"Banjara Hills",Hyderabad,Maharashtra,Prime,Male,"Oreo Biscuits","Food and beverages",45.79,8,19.2300,581.5700,"2026-01-29 02:19:34",19:44:00,"Credit card",384.64,4.761904716,27.7000,7.0,Evening,Thursday,January,Good
101-81-4070,Andheri,Mumbai,Maharashtra,Elite,Female,Shampoo,"Health and beauty",62.82,4,14.7700,410.2400,"2026-04-01 22:41:00",12:36:00,Ewallet,227.26,4.761904716,19.5500,4.9,Afternoon,Wednesday,April,Bad
102-06-2002,"Connaught Place",Delhi,Telangana,Elite,Male,"Gym Bag","Sports and travel",25.25,34,19.4300,587.9400,"2026-12-26 02:03:00",17:52:00,UPI,230.09,4.761904716,27.9900,6.1,Evening,Saturday,December,Bad
102-77-2261,Koramangala,Bangalore,Karnataka,Elite,Male,"Face Wash","Health and beauty",65.31,10,46.2500,1398.4400,"2026-06-23 02:48:00",18:02:00,"Credit card",642.29,4.761904716,66.5800,4.2,Evening,Tuesday,June,Good
105-10-6182,Whitefield,Bangalore,Delhi,Basic,Male,"Leather Wallet","Fashion accessories",21.48,3,4.0300,84.4500,"2026-02-28 10:45:13",12:22:00,UPI,42.96,4.761904716,4.0300,6.6,Afternoon,Saturday,February,Bad
105-31-1824,"Connaught Place",Delhi,Maharashtra,Elite,Male,Football,"Sports and travel",69.52,12,57.6500,1210.6100,"2026-10-05 11:07:06",15:10:00,UPI,886.90,4.761904716,57.6600,8.5,Afternoon,Monday,October,Good
106-35-6779,Hinjawadi,Pune,Maharashtra,Basic,Male,Bedsheet,"Home and lifestyle",44.34,2,3.5900,61.0900,"2026-01-12 18:28:03",11:26:00,Cash,88.68,4.761904716,2.9100,5.8,Morning,Monday,January,Bad
109-28-2512,Bandra,Mumbai,Maharashtra,Basic,Female,Handbag,"Fashion accessories",97.61,27,151.7500,4214.9300,"2026-10-02 10:49:16",15:01:00,Ewallet,2334.89,4.761904716,200.6800,9.9,Afternoon,Friday,October,Good
109-86-4363,Bandra,Mumbai,Telangana,Prime,Female,"Gym Bag","Sports and travel",60.08,12,49.8300,847.4600,"2026-12-31 15:23:39",11:36:00,"Credit Card",766.48,4.761904716,40.3600,4.5,Morning,Thursday,December,Good
110-05-6330,"Connaught Place",Delhi,Telangana,Basic,Female,"Nescafe Coffee","Food and beverages",39.43,7,21.3500,645.9800,"2026-03-18 03:06:01",20:18:00,"Credit card",328.66,4.761904716,30.7400,9.4,Evening,Wednesday,March,Bad
110-48-7033,Bandra,Mumbai,Maharashtra,Elite,Male,"Wrist Watch","Fashion accessories",32.62,4,8.4800,178.1100,"2026-01-06 16:21:36",14:12:00,"Credit Card",130.48,4.761904716,8.4800,9.0,Afternoon,Tuesday,January,Bad
114-35-5271,Andheri,Mumbai,Karnataka,Prime,Female,"Power Bank","Electronic accessories",57.91,11,42.3000,888.4500,"2026-05-14 18:56:13",15:06:00,"Credit Card",650.87,4.761904716,42.3000,7.7,Afternoon,Thursday,May,Good
115-38-7388,Gachibowli,Hyderabad,Maharashtra,Basic,Female,"Baseball Cap","Fashion accessories",10.18,34,16.2400,450.8500,"2026-11-05 20:33:45",12:51:00,"Credit card",324.69,4.761904716,21.4800,9.5,Afternoon,Thursday,November,Bad
115-99-4379,"Hitech City",Hyderabad,Delhi,Elite,Female,Sunglasses,"Fashion accessories",54.73,28,76.3700,3054.1500,"2026-10-01 04:15:32",19:02:00,"Credit card",1527.34,4.761904716,145.4400,8.5,Evening,Thursday,October,Good
118-62-1812,Indiranagar,Bangalore,Telangana,Basic,Female,Bedsheet,"Home and lifestyle",78.38,8,42.2500,1277.8900,"2026-08-22 15:51:31",17:56:00,Cash,451.46,4.761904716,60.8400,7.9,Evening,Saturday,August,Good
120-06-4233,Hinjawadi,Pune,Karnataka,Basic,Male,"Bluetooth Speaker","Electronic accessories",30.61,9,10.4400,440.0100,"2026-05-22 22:59:09",20:36:00,Cash,258.03,4.761904716,20.9500,7.0,Evening,Friday,May,Bad
120-54-2248,Saket,Delhi,Karnataka,Elite,Female,"Lay's Chips","Food and beverages",28.86,7,13.5100,408.4400,"2026-08-17 06:00:13",18:08:00,"Credit card",207.79,4.761904716,19.4500,8.0,Evening,Monday,August,Bad
122-61-9553,Kharadi,Pune,Telangana,Basic,Female,"Wireless Mouse","Electronic accessories",51.32,12,26.2800,794.7200,"2026-05-18 03:11:46",19:33:00,Cash,648.92,4.761904716,37.8500,7.2,Evening,Monday,May,Good
123-19-1176,Powai,Mumbai,Maharashtra,Elite,Male,Shampoo,"Health and beauty",58.22,12,43.6000,1318.3200,"2026-07-15 06:41:50",20:33:00,Ewallet,670.69,4.761904716,62.8000,8.4,Evening,Wednesday,July,Good
123-35-4896,Indiranagar,Bangalore,Karnataka,Basic,Female,"Gym Bag","Sports and travel",46.66,16,55.1200,1666.3400,"2026-10-15 02:29:03",19:11:00,UPI,765.34,4.761904716,79.3600,5.3,Evening,Thursday,October,Good
124-31-1458,Saket,Delhi,Maharashtra,Basic,Female,"Bluetooth Speaker","Electronic accessories",79.59,2,11.6300,244.4400,"2026-02-25 10:55:25",14:30:00,UPI,179.08,4.761904716,11.6400,6.5,Afternoon,Wednesday,February,Bad
125-45-2293,Saket,Delhi,Maharashtra,Elite,Female,Sunglasses,"Fashion accessories",99.10,35,200.3000,5563.0100,"2026-10-25 17:11:26",13:11:00,Cash,2370.49,4.761904716,264.9000,4.2,Afternoon,Sunday,October,Good
126-54-1082,"Banjara Hills",Hyderabad,Karnataka,Elite,Female,"Storage Basket","Home and lifestyle",21.54,9,9.6930,164.8800,"2026-02-18 12:18:37",11:44:00,"Credit card",193.86,4.761904716,7.8500,8.8,Morning,Wednesday,February,Bad
127-47-6963,"Connaught Place",Delhi,Maharashtra,Prime,Male,Sunscreen,"Health and beauty",51.71,6,24.3100,510.6900,"2026-03-03 07:10:48",13:53:00,UPI,374.13,4.761904716,24.3200,9.8,Afternoon,Tuesday,March,Bad
129-29-8530,Kharadi,Pune,Maharashtra,Basic,Male,"Travel Backpack","Sports and travel",62.62,9,23.1100,698.8700,"2026-12-29 01:37:41",19:15:00,Ewallet,570.63,4.761904716,33.2800,7.0,Evening,Tuesday,December,Good
130-67-4723,Kharadi,Pune,Karnataka,Basic,Male,"Tropicana Juice","Food and beverages",48.50,9,16.5600,347.7200,"2026-05-12 14:19:00",13:57:00,Cash,408.83,4.761904716,16.5600,9.4,Afternoon,Tuesday,May,Bad
130-98-8941,"Connaught Place",Delhi,Delhi,Elite,Male,"Baseball Cap","Fashion accessories",64.26,28,116.5600,1982.7900,"2026-11-26 17:21:50",10:00:00,UPI,1793.33,4.761904716,94.4300,5.7,Morning,Thursday,November,Good
131-15-8856,"Banjara Hills",Hyderabad,Delhi,Prime,Female,"Nescafe Coffee","Food and beverages",72.52,8,35.1800,1064.0800,"2026-11-29 09:03:56",19:26:00,"Credit card",541.36,4.761904716,50.6500,4.0,Evening,Sunday,November,Good
131-70-8179,Baner,Pune,Maharashtra,Elite,Female,"Lip Balm","Health and beauty",92.09,4,14.5500,581.7400,"2026-02-28 15:58:18",16:27:00,Cash,276.27,4.761904716,27.7000,4.2,Evening,Saturday,February,Bad
132-23-6451,Koramangala,Bangalore,Telangana,Basic,Male,Sunscreen,"Health and beauty",20.97,9,13.7800,288.9100,"2026-11-06 05:52:14",13:21:00,Cash,191.09,4.761904716,13.7800,7.8,Afternoon,Friday,November,Bad
132-32-9879,Kharadi,Pune,Maharashtra,Elite,Female,"USB Flash Drive","Electronic accessories",93.96,8,28.5000,861.6800,"2026-09-05 15:47:54",18:00:00,Cash,541.21,4.761904716,41.0400,6.5,Evening,Saturday,September,Good
133-14-7229,"Hitech City",Hyderabad,Delhi,Elite,Male,Shampoo,"Health and beauty",62.87,5,14.7700,251.4900,"2026-04-04 07:19:57",11:43:00,Cash,227.44,4.761904716,11.9900,5.0,Morning,Saturday,April,Bad
133-77-3154,Indiranagar,Bangalore,Maharashtra,Elite,Male,Handbag,"Fashion accessories",60.18,15,69.1000,2089.5400,"2026-10-05 21:08:08",18:04:00,UPI,959.70,4.761904716,99.5000,9.4,Evening,Monday,October,Bad
134-54-4720,Baner,Pune,Karnataka,Basic,Female,"Mechanical Keyboard","Electronic accessories",42.42,8,13.4000,281.4200,"2026-02-15 23:35:10",13:58:00,Cash,254.52,4.761904716,13.4000,6.6,Afternoon,Sunday,February,Good
134-75-2619,"Banjara Hills",Hyderabad,Maharashtra,Elite,Male,"USB Flash Drive","Electronic accessories",19.32,10,9.7300,410.0000,"2026-07-16 17:54:51",18:51:00,Cash,194.75,4.761904716,19.5200,7.1,Evening,Thursday,July,Bad
135-13-8269,Koramangala,Bangalore,Maharashtra,Prime,Female,Coca-Cola,"Food and beverages",78.88,2,13.6300,412.2000,"2026-02-12 08:05:38",16:04:00,UPI,189.31,4.761904716,19.6300,9.1,Evening,Thursday,February,Bad
135-84-8019,Whitefield,Bangalore,Maharashtra,Elite,Female,Handbag,"Fashion accessories",77.93,12,70.9700,2837.3300,"2026-05-05 16:33:38",16:10:00,Ewallet,985.36,4.761904716,135.1500,7.6,Evening,Tuesday,May,Good
136-08-6195,Whitefield,Bangalore,Telangana,Prime,Female,"Coffee Mug","Home and lifestyle",69.96,34,167.8800,5077.7900,"2026-06-06 01:48:31",17:01:00,UPI,1793.95,4.761904716,241.7500,6.4,Evening,Saturday,June,Good
137-63-5492,Hinjawadi,Pune,Maharashtra,Elite,Male,"Wireless Mouse","Electronic accessories",58.76,8,17.8500,521.9000,"2026-02-02 05:19:00",14:26:00,Cash,440.70,4.761904716,24.8600,6.8,Afternoon,Monday,February,Good
137-74-8729,"Banjara Hills",Hyderabad,Karnataka,Basic,Female,"Wrist Watch","Fashion accessories",12.19,34,19.4000,539.9000,"2026-11-03 12:44:21",12:47:00,Ewallet,388.79,4.761904716,25.7600,6.8,Afternoon,Tuesday,November,Bad
138-17-5109,Saket,Delhi,Maharashtra,Elite,Female,"Table Lamp","Home and lifestyle",89.21,9,52.1900,1095.9400,"2026-02-19 02:11:56",15:42:00,UPI,802.89,4.761904716,52.1900,6.5,Afternoon,Thursday,February,Good
139-20-0155,"Hitech City",Hyderabad,Maharashtra,Prime,Male,"Power Bank","Electronic accessories",40.30,10,19.6400,827.2300,"2026-01-18 23:07:41",17:37:00,"Credit card",302.25,4.761904716,39.3800,6.6,Evening,Sunday,January,Good
139-32-4183,Koramangala,Bangalore,Maharashtra,Basic,Female,"Yoga Mat","Sports and travel",97.48,28,184.6400,3877.6400,"2026-09-04 11:38:32",14:19:00,Ewallet,2564.59,4.761904716,184.6400,7.4,Afternoon,Friday,September,Good
139-52-2867,Saket,Delhi,Delhi,Prime,Female,"Baseball Cap","Fashion accessories",22.51,10,14.3900,323.7000,"2026-05-26 13:03:00",10:50:00,"Credit card",221.38,4.761904716,15.4200,4.8,Morning,Tuesday,May,Bad
142-63-6033,Koramangala,Bangalore,Telangana,Prime,Male,Bedsheet,"Home and lifestyle",92.36,7,47.8800,1447.8700,"2026-07-09 23:10:14",19:17:00,UPI,664.99,4.761904716,68.9500,4.9,Evening,Thursday,July,Good
142-72-4741,Saket,Delhi,Maharashtra,Prime,Male,"Baseball Cap","Fashion accessories",93.20,2,14.0300,424.1500,"2026-04-09 10:47:34",18:37:00,UPI,215.79,4.761904716,20.2200,6.0,Evening,Thursday,April,Bad
144-51-6085,Whitefield,Bangalore,Karnataka,Elite,Male,"Coffee Mug","Home and lifestyle",70.74,14,65.3200,1974.7600,"2026-06-10 20:31:45",16:05:00,"Credit card",907.00,4.761904716,94.0400,4.4,Evening,Wednesday,June,Bad
145-94-9061,Saket,Delhi,Delhi,Elite,Female,"Nescafe Coffee","Food and beverages",88.36,4,26.7900,810.3200,"2026-12-15 04:55:12",19:48:00,UPI,412.25,4.761904716,38.5900,9.6,Evening,Tuesday,December,Good
146-09-5432,Baner,Pune,Telangana,Basic,Male,"Tropicana Juice","Food and beverages",35.04,18,23.0600,697.4900,"2026-03-01 04:43:06",19:17:00,Ewallet,438.08,4.761904716,33.2200,4.6,Evening,Sunday,March,Good
148-41-7930,Baner,Pune,Maharashtra,Basic,Male,"Body Lotion","Health and beauty",99.96,10,40.8100,694.1400,"2026-07-01 21:22:11",10:33:00,Cash,1007.59,4.761904716,33.0500,6.1,Morning,Wednesday,July,Good
148-82-2527,Rohini,Delhi,Maharashtra,Elite,Female,"Table Lamp","Home and lifestyle",12.12,19,14.3500,301.5100,"2026-12-18 03:33:40",13:44:00,UPI,220.89,4.761904716,14.3500,8.4,Afternoon,Friday,December,Bad
149-14-0304,Gachibowli,Hyderabad,Telangana,Elite,Female,"Lip Balm","Health and beauty",28.50,20,27.0100,750.1200,"2026-11-07 19:20:02",14:24:00,Cash,415.53,4.761904716,35.7300,6.6,Afternoon,Saturday,November,Bad
149-15-7606,Andheri,Mumbai,Telangana,Elite,Male,"Travel Backpack","Sports and travel",37.32,12,30.6800,644.1200,"2026-06-24 23:17:46",15:31:00,Ewallet,471.89,4.761904716,30.6800,5.1,Afternoon,Wednesday,June,Good
149-61-1929,Powai,Mumbai,Maharashtra,Elite,Male,"Yoga Mat","Sports and travel",64.19,13,58.6200,1230.9700,"2026-06-03 04:37:18",14:08:00,"Credit card",901.82,4.761904716,58.6200,6.7,Afternoon,Wednesday,June,Good
149-71-6266,Saket,Delhi,Karnataka,Prime,Male,"Gym Bag","Sports and travel",78.07,36,173.5500,3644.7100,"2026-09-13 22:08:48",12:43:00,UPI,2053.93,4.761904716,173.5500,4.5,Afternoon,Sunday,September,Good
150-89-8043,Whitefield,Bangalore,Karnataka,Basic,Male,"Yoga Mat","Sports and travel",44.65,9,28.2000,592.0600,"2026-07-07 19:11:32",15:04:00,UPI,391.57,4.761904716,28.2000,6.2,Afternoon,Tuesday,July,Bad
151-16-1484,Whitefield,Bangalore,Delhi,Basic,Male,"Wireless Mouse","Electronic accessories",32.25,4,13.0300,381.5500,"2026-06-17 21:20:09",12:38:00,UPI,181.24,4.761904716,18.1500,7.8,Afternoon,Wednesday,June,Bad
151-27-8496,Saket,Delhi,Telangana,Elite,Female,"Bluetooth Speaker","Electronic accessories",56.13,3,10.9500,186.1800,"2026-01-27 16:39:11",11:43:00,UPI,168.39,4.761904716,8.8700,6.9,Morning,Tuesday,January,Bad
151-33-7434,Kharadi,Pune,Delhi,Prime,Female,"Nescafe Coffee","Food and beverages",67.77,1,3.1800,96.1000,"2026-04-03 04:23:18",20:43:00,"Credit card",78.46,4.761904716,4.5700,6.5,Evening,Friday,April,Bad
152-03-4217,"Banjara Hills",Hyderabad,Maharashtra,Basic,Female,"Storage Basket","Home and lifestyle",11.28,9,5.0760,86.3500,"2026-02-26 05:29:57",11:55:00,"Credit card",101.52,4.761904716,4.1100,4.3,Morning,Thursday,February,Bad
152-08-9985,Bandra,Mumbai,Maharashtra,Elite,Male,Sunscreen,"Health and beauty",64.36,17,70.4700,1480.1200,"2026-09-05 16:59:37",12:09:00,"Credit Card",834.11,4.761904716,70.4700,8.6,Afternoon,Saturday,September,Good
152-68-2907,"Hitech City",Hyderabad,Maharashtra,Prime,Male,"Lay's Chips","Food and beverages",52.20,5,11.2800,236.7800,"2026-07-03 09:23:16",13:30:00,"Credit card",225.50,4.761904716,11.2800,9.5,Afternoon,Friday,July,Bad
153-58-4872,Indiranagar,Bangalore,Delhi,Prime,Female,Coca-Cola,"Food and beverages",74.89,4,30.3200,636.3500,"2026-06-12 01:25:27",15:32:00,UPI,420.86,4.761904716,30.3200,4.2,Afternoon,Friday,June,Bad
154-74-7179,"Connaught Place",Delhi,Maharashtra,Elite,Male,"Gym Bag","Sports and travel",54.45,1,6.4600,195.0600,"2026-12-16 14:34:15",19:24:00,Ewallet,99.24,4.761904716,9.3100,7.9,Evening,Wednesday,December,Bad
154-87-7367,Hinjawadi,Pune,Maharashtra,Prime,Male,Bedsheet,"Home and lifestyle",65.26,8,24.4700,514.0200,"2026-03-02 00:01:51",14:04:00,Ewallet,604.37,4.761904716,24.4800,6.3,Afternoon,Monday,March,Good
155-45-3814,Baner,Pune,Telangana,Prime,Female,"Power Bank","Electronic accessories",88.55,12,41.3100,867.5800,"2026-07-07 13:27:02",15:29:00,Cash,1020.10,4.761904716,41.3100,8.5,Afternoon,Tuesday,July,Good
156-20-0370,"Connaught Place",Delhi,Maharashtra,Basic,Female,"Power Bank","Electronic accessories",25.45,1,1.9200,57.9100,"2026-04-07 15:17:10",18:10:00,UPI,29.46,4.761904716,2.7600,7.3,Evening,Tuesday,April,Bad
156-95-3964,Baner,Pune,Telangana,Elite,Female,"Oreo Biscuits","Food and beverages",55.39,5,16.3900,344.1600,"2026-05-24 01:22:52",15:19:00,Cash,311.28,4.761904716,16.3900,8.0,Afternoon,Sunday,May,Bad
157-13-5295,Whitefield,Bangalore,Maharashtra,Basic,Male,"Body Lotion","Health and beauty",51.94,13,48.6100,1470.1400,"2026-02-08 08:40:00",18:24:00,UPI,519.40,4.761904716,69.9900,6.5,Evening,Sunday,February,Good
160-22-2687,Saket,Delhi,Maharashtra,Basic,Female,"Face Wash","Health and beauty",95.95,10,56.9500,1581.7700,"2026-06-27 08:14:09",14:21:00,Ewallet,674.02,4.761904716,75.3400,8.8,Afternoon,Saturday,June,Good
162-48-8011,Powai,Mumbai,Karnataka,Prime,Female,Coca-Cola,"Food and beverages",44.59,7,21.7900,457.9800,"2026-04-05 06:28:58",15:10:00,"Credit Card",258.10,4.761904716,21.8000,8.5,Afternoon,Sunday,April,Bad
162-65-8559,Kharadi,Pune,Maharashtra,Prime,Male,"Nescafe Coffee","Food and beverages",68.98,1,4.0300,121.6400,"2026-07-28 01:03:14",20:13:00,Cash,99.34,4.761904716,5.8100,4.8,Evening,Tuesday,July,Bad
163-56-7055,Whitefield,Bangalore,Karnataka,Elite,Male,"Leather Wallet","Fashion accessories",48.71,1,6.5500,198.5100,"2026-07-05 09:40:54",19:20:00,UPI,70.14,4.761904716,9.4400,4.1,Evening,Sunday,July,Bad
166-19-2553,Whitefield,Bangalore,Karnataka,Basic,Male,"Yoga Mat","Sports and travel",89.06,17,112.4800,3400.9900,"2026-07-01 06:27:52",17:26:00,UPI,1562.03,4.761904716,161.9800,9.9,Evening,Wednesday,July,Good
169-52-4504,Andheri,Mumbai,Maharashtra,Elite,Female,"USB Flash Drive","Electronic accessories",15.69,11,11.6600,245.0000,"2026-11-10 11:41:24",14:13:00,"Credit Card",179.49,4.761904716,11.6600,8.4,Afternoon,Tuesday,November,Bad
172-42-8274,Kharadi,Pune,Telangana,Basic,Female,"Mechanical Keyboard","Electronic accessories",38.27,8,11.8300,357.5200,"2026-11-10 19:56:04",18:18:00,Cash,291.91,4.761904716,17.0400,7.7,Evening,Tuesday,November,Bad
173-50-1108,Koramangala,Bangalore,Maharashtra,Elite,Female,"Cricket Bat","Sports and travel",20.18,12,17.0000,356.7700,"2026-07-30 09:32:49",12:14:00,UPI,235.96,4.761904716,17.0000,5.0,Afternoon,Thursday,July,Bad
173-57-2300,Rohini,Delhi,Karnataka,Basic,Male,"Gym Bag","Sports and travel",72.88,3,14.2500,299.4300,"2026-04-04 01:58:58",12:51:00,UPI,168.74,4.761904716,14.2500,6.1,Afternoon,Saturday,April,Bad
173-82-9529,Gachibowli,Hyderabad,Maharashtra,Basic,Female,"Wrist Watch","Fashion accessories",37.95,14,27.3200,758.8600,"2026-08-25 23:45:13",14:51:00,Cash,546.48,4.761904716,36.1400,9.7,Afternoon,Tuesday,August,Good
174-36-3675,Andheri,Mumbai,Maharashtra,Basic,Male,Coca-Cola,"Food and beverages",99.37,3,20.1500,609.4000,"2026-01-03 01:28:18",17:29:00,"Credit Card",238.49,4.761904716,29.0000,5.2,Evening,Saturday,January,Bad
174-64-0215,Whitefield,Bangalore,Maharashtra,Basic,Male,"Gym Bag","Sports and travel",69.74,13,58.1300,1757.7800,"2026-04-16 06:10:45",17:49:00,UPI,807.32,4.761904716,83.7100,8.9,Evening,Thursday,April,Good
174-75-0888,Kharadi,Pune,Telangana,Basic,Male,"Bluetooth Speaker","Electronic accessories",21.58,12,11.0500,323.1300,"2026-06-04 08:09:41",12:32:00,Cash,272.87,4.761904716,15.3900,6.7,Afternoon,Thursday,June,Bad
175-54-2529,"Banjara Hills",Hyderabad,Telangana,Elite,Male,"Lay's Chips","Food and beverages",22.17,14,16.1800,489.8100,"2026-06-07 03:27:21",17:01:00,"Credit card",249.18,4.761904716,23.3200,9.6,Evening,Sunday,June,Bad
176-64-7711,Indiranagar,Bangalore,Telangana,Basic,Male,"Tropicana Juice","Food and beverages",32.32,3,9.8200,296.5700,"2026-06-03 16:12:39",19:11:00,"Credit card",136.23,4.761904716,14.1200,4.3,Evening,Wednesday,June,Bad
176-78-1170,Baner,Pune,Maharashtra,Prime,Male,"Body Lotion","Health and beauty",33.81,3,4.1000,86.2700,"2026-02-11 12:54:10",15:11:00,Cash,101.43,4.761904716,4.1000,7.3,Afternoon,Wednesday,February,Bad
181-82-6255,"Banjara Hills",Hyderabad,Maharashtra,Prime,Female,"Wall Clock","Home and lifestyle",16.37,18,15.7100,267.7500,"2026-05-08 03:15:22",10:58:00,Cash,314.85,4.761904716,12.7200,7.0,Morning,Friday,May,Bad
181-94-6432,Andheri,Mumbai,Karnataka,Prime,Male,"Wrist Watch","Fashion accessories",69.33,2,12.9700,392.4600,"2026-08-18 17:44:39",19:05:00,Ewallet,199.67,4.761904716,18.6800,9.7,Evening,Tuesday,August,Bad
182-52-7000,Whitefield,Bangalore,Delhi,Elite,Female,"Yoga Mat","Sports and travel",27.04,7,14.2000,429.1900,"2026-10-23 19:49:59",20:26:00,Ewallet,197.13,4.761904716,20.4400,6.9,Evening,Friday,October,Bad
182-69-8360,Whitefield,Bangalore,Karnataka,Prime,Female,"USB Flash Drive","Electronic accessories",23.65,6,9.8200,205.9800,"2026-09-15 01:08:05",13:32:00,UPI,136.22,4.761904716,9.8200,7.8,Afternoon,Tuesday,September,Bad
182-88-2763,Indiranagar,Bangalore,Karnataka,Prime,Male,"Nescafe Coffee","Food and beverages",79.91,5,26.9200,814.2400,"2026-02-14 11:03:49",19:28:00,"Credit card",287.68,4.761904716,38.7700,5.0,Evening,Saturday,February,Bad
183-21-3799,Rohini,Delhi,Maharashtra,Elite,Female,"Bluetooth Speaker","Electronic accessories",77.63,34,173.1900,3636.9600,"2026-12-11 07:59:56",15:14:00,UPI,2664.42,4.761904716,173.1900,8.4,Afternoon,Friday,December,Good
183-56-6882,Gachibowli,Hyderabad,Telangana,Prime,Female,"Oreo Biscuits","Food and beverages",99.42,3,18.5500,315.6100,"2026-11-02 04:24:20",10:42:00,Ewallet,371.08,4.761904716,15.0300,7.5,Morning,Monday,November,Good
186-09-3669,Whitefield,Bangalore,Maharashtra,Elite,Female,"Face Wash","Health and beauty",81.51,1,12.8600,289.8300,"2026-05-29 11:42:56",10:57:00,UPI,178.93,4.761904716,13.7900,9.2,Morning,Friday,May,Bad
186-43-8965,Kharadi,Pune,Maharashtra,Elite,Female,"Table Lamp","Home and lifestyle",47.68,3,5.8200,98.8700,"2026-03-21 14:56:53",10:10:00,Cash,110.40,4.761904716,4.7100,4.1,Morning,Saturday,March,Bad
186-71-5196,"Hitech City",Hyderabad,Delhi,Basic,Female,Coca-Cola,"Food and beverages",79.54,2,11.1800,337.9300,"2026-06-18 10:34:18",16:30:00,Ewallet,223.50,4.761904716,16.0900,6.2,Evening,Thursday,June,Bad
186-79-9562,"Connaught Place",Delhi,Delhi,Basic,Male,"Body Lotion","Health and beauty",71.77,12,59.5100,1249.8100,"2026-10-26 18:19:51",14:06:00,UPI,915.61,4.761904716,59.5100,8.9,Afternoon,Monday,October,Good
187-83-5490,"Connaught Place",Delhi,Maharashtra,Basic,Male,"Bluetooth Speaker","Electronic accessories",20.77,4,7.5900,221.8300,"2026-05-15 13:08:37",13:47:00,Cash,116.73,4.761904716,10.5700,8.1,Afternoon,Friday,May,Bad
188-55-0967,Hinjawadi,Pune,Maharashtra,Basic,Male,Sunscreen,"Health and beauty",66.47,14,38.7600,814.0700,"2026-08-20 12:45:03",15:01:00,"Credit card",957.17,4.761904716,38.7600,5.0,Afternoon,Thursday,August,Good
189-08-9157,Powai,Mumbai,Delhi,Elite,Female,"Wrist Watch","Fashion accessories",31.73,36,74.0000,2959.4900,"2026-10-02 03:58:32",16:17:00,"Credit card",1138.48,4.761904716,140.9200,5.9,Evening,Friday,October,Bad
189-17-4241,Koramangala,Bangalore,Maharashtra,Basic,Female,Handbag,"Fashion accessories",87.67,2,18.1700,504.9000,"2026-07-28 08:46:38",12:17:00,UPI,252.49,4.761904716,24.0200,7.7,Afternoon,Tuesday,July,Bad
189-40-5216,Whitefield,Bangalore,Karnataka,Elite,Male,"Power Bank","Electronic accessories",96.37,5,36.4300,862.7800,"2026-02-10 10:59:26",11:40:00,Cash,505.94,4.761904716,41.0900,7.0,Morning,Tuesday,February,Good
189-52-0236,Bandra,Mumbai,Karnataka,Prime,Male,"Wireless Mouse","Electronic accessories",99.55,25,172.7300,5050.8800,"2026-12-16 09:49:30",12:07:00,"Credit Card",2657.49,4.761904716,240.5300,8.0,Afternoon,Wednesday,December,Good
189-55-2313,Powai,Mumbai,Maharashtra,Prime,Female,"Wrist Watch","Fashion accessories",62.18,13,46.7700,1052.5400,"2026-03-06 15:45:35",10:33:00,Ewallet,719.81,4.761904716,50.1300,6.0,Morning,Friday,March,Good
189-98-2939,Andheri,Mumbai,Maharashtra,Elite,Male,"Baseball Cap","Fashion accessories",78.55,36,183.2000,3847.1200,"2026-10-02 19:00:46",13:22:00,Cash,2818.41,4.761904716,183.2000,7.2,Afternoon,Friday,October,Good
190-14-3147,Koramangala,Bangalore,Maharashtra,Elite,Female,Sunscreen,"Health and beauty",17.97,6,7.4400,298.0600,"2026-09-14 03:24:20",20:43:00,UPI,103.51,4.761904716,14.1700,6.4,Evening,Monday,September,Bad
190-59-3964,Kharadi,Pune,Delhi,Prime,Male,Coca-Cola,"Food and beverages",47.16,7,13.7500,288.7900,"2026-08-07 13:35:28",14:35:00,Cash,339.55,4.761904716,13.7600,6.0,Afternoon,Friday,August,Bad
191-10-6171,Baner,Pune,Delhi,Basic,Female,Handbag,"Fashion accessories",39.62,7,11.2300,311.9500,"2026-01-14 11:35:01",13:18:00,Cash,277.34,4.761904716,14.8600,7.5,Afternoon,Wednesday,January,Bad
191-29-0321,Powai,Mumbai,Maharashtra,Elite,Female,"Wrist Watch","Fashion accessories",19.77,13,14.8700,594.9100,"2026-04-22 01:46:18",18:57:00,"Credit card",228.87,4.761904716,28.3500,5.0,Evening,Wednesday,April,Bad
192-98-7397,Whitefield,Bangalore,Delhi,Basic,Male,"Leather Wallet","Fashion accessories",12.78,1,1.3000,27.1400,"2026-06-16 01:24:41",14:11:00,UPI,17.95,4.761904716,1.3000,9.5,Afternoon,Tuesday,June,Bad
195-06-0432,"Hitech City",Hyderabad,Maharashtra,Prime,Male,"Storage Basket","Home and lifestyle",81.01,5,22.1400,465.0800,"2026-12-04 10:52:23",12:55:00,"Credit card",442.92,4.761904716,22.1400,9.3,Afternoon,Friday,December,Bad
196-01-2849,"Hitech City",Hyderabad,Maharashtra,Prime,Female,Sunglasses,"Fashion accessories",73.38,13,46.9000,1302.7300,"2026-06-27 01:53:07",13:56:00,Cash,721.66,4.761904716,62.0100,9.5,Afternoon,Saturday,June,Good
197-77-7132,"Hitech City",Hyderabad,Maharashtra,Basic,Male,"USB Flash Drive","Electronic accessories",91.56,40,181.5400,7645.2000,"2026-12-06 09:57:52",18:22:00,Ewallet,2793.38,4.761904716,364.0300,6.8,Evening,Sunday,December,Good
198-66-9832,Saket,Delhi,Delhi,Elite,Female,"Leather Wallet","Fashion accessories",72.04,2,10.8400,433.5700,"2026-04-15 04:21:32",19:38:00,Cash,166.78,4.761904716,20.6300,9.5,Evening,Wednesday,April,Bad
198-84-7132,Bandra,Mumbai,Telangana,Basic,Male,Handbag,"Fashion accessories",40.61,9,23.7600,498.8900,"2026-01-19 17:08:31",13:40:00,"Credit Card",365.49,4.761904716,23.7600,7.0,Afternoon,Monday,January,Good
199-75-8169,Whitefield,Bangalore,Maharashtra,Basic,Male,"Gym Bag","Sports and travel",15.81,13,15.9800,335.8600,"2026-06-01 22:28:10",12:27:00,UPI,222.12,4.761904716,15.9800,8.6,Afternoon,Monday,June,Bad
200-16-5952,"Connaught Place",Delhi,Telangana,Elite,Male,"Oreo Biscuits","Food and beverages",65.65,2,11.9900,362.5800,"2026-06-08 08:38:36",16:46:00,Cash,184.48,4.761904716,17.2700,6.0,Evening,Monday,June,Bad
200-40-6154,"Connaught Place",Delhi,Maharashtra,Prime,Male,"Storage Basket","Home and lifestyle",65.91,8,37.0200,629.6200,"2026-07-02 09:59:49",11:45:00,UPI,569.46,4.761904716,29.9900,5.7,Morning,Thursday,July,Good
201-63-8275,Indiranagar,Bangalore,Delhi,Elite,Female,"Cricket Bat","Sports and travel",67.99,26,130.2500,3937.8600,"2026-08-02 16:09:20",16:50:00,UPI,1391.23,4.761904716,187.5800,5.7,Evening,Sunday,August,Good
201-86-2184,Bandra,Mumbai,Delhi,Basic,Female,"Mechanical Keyboard","Electronic accessories",26.26,10,17.2100,520.3000,"2026-08-12 00:58:53",19:40:00,Cash,264.70,4.761904716,24.7900,7.2,Evening,Wednesday,August,Bad
207-73-1363,"Banjara Hills",Hyderabad,Maharashtra,Prime,Male,Sunscreen,"Health and beauty",69.51,4,15.2800,320.4400,"2026-05-15 17:14:48",12:15:00,Ewallet,305.19,4.761904716,15.2800,8.1,Afternoon,Friday,May,Bad
209-61-0206,Powai,Mumbai,Delhi,Elite,Female,"Wall Clock","Home and lifestyle",42.91,21,58.1400,1757.2800,"2026-06-28 06:51:21",17:29:00,"Credit Card",687.72,4.761904716,83.7600,6.1,Evening,Sunday,June,Bad
210-30-7976,Saket,Delhi,Maharashtra,Basic,Female,"Baseball Cap","Fashion accessories",22.32,7,10.5800,237.9400,"2026-12-18 23:02:40",11:16:00,UPI,162.72,4.761904716,11.3400,4.1,Morning,Friday,December,Bad
210-57-1719,Indiranagar,Bangalore,Maharashtra,Prime,Female,"Body Lotion","Health and beauty",58.24,21,89.4100,2483.2800,"2026-11-29 16:08:26",12:34:00,UPI,955.29,4.761904716,118.2500,9.7,Afternoon,Sunday,November,Good
210-67-5886,Whitefield,Bangalore,Telangana,Basic,Female,Shampoo,"Health and beauty",98.21,5,30.5500,687.1800,"2026-08-19 03:16:27",10:41:00,UPI,424.27,4.761904716,32.7400,7.8,Morning,Wednesday,August,Bad
210-74-9613,Bandra,Mumbai,Maharashtra,Elite,Male,Handbag,"Fashion accessories",97.26,15,100.8200,2117.1500,"2026-10-16 12:56:34",15:33:00,Ewallet,1551.00,4.761904716,100.8300,6.8,Afternoon,Friday,October,Good
211-05-0490,Bandra,Mumbai,Maharashtra,Prime,Female,"Bluetooth Speaker","Electronic accessories",51.92,5,19.5400,410.2200,"2026-04-30 00:26:43",13:42:00,"Credit Card",300.52,4.761904716,19.5400,7.4,Afternoon,Thursday,April,Bad
211-30-9270,Indiranagar,Bangalore,Delhi,Elite,Male,"Body Lotion","Health and beauty",17.41,5,6.2600,131.6200,"2026-02-10 11:58:42",15:16:00,UPI,87.05,4.761904716,6.2600,4.9,Afternoon,Tuesday,February,Bad
212-62-1842,Indiranagar,Bangalore,Karnataka,Prime,Male,"Nescafe Coffee","Food and beverages",58.26,9,45.4500,1374.4400,"2026-03-01 07:34:47",16:44:00,UPI,485.58,4.761904716,65.4300,9.9,Evening,Sunday,March,Good
213-32-1216,Bandra,Mumbai,Telangana,Basic,Female,"Mechanical Keyboard","Electronic accessories",66.06,5,19.3200,328.6800,"2026-02-03 12:12:46",10:28:00,Cash,297.27,4.761904716,15.6400,6.8,Morning,Tuesday,February,Good
213-72-6612,Andheri,Mumbai,Telangana,Prime,Male,"Tropicana Juice","Food and beverages",43.25,2,6.5100,136.7000,"2026-04-09 19:49:32",15:56:00,Cash,100.14,4.761904716,6.5100,6.2,Afternoon,Thursday,April,Bad
214-17-6927,Saket,Delhi,Telangana,Prime,Female,"Lay's Chips","Food and beverages",16.48,6,7.4400,225.0000,"2026-04-27 02:46:21",18:23:00,Ewallet,114.46,4.761904716,10.7200,9.9,Evening,Monday,April,Bad
214-30-2776,Bandra,Mumbai,Telangana,Basic,Female,"Bluetooth Speaker","Electronic accessories",34.49,9,20.9900,634.5600,"2026-08-15 18:14:57",19:44:00,"Credit Card",248.33,4.761904716,30.2100,7.3,Evening,Saturday,August,Bad
217-58-1179,Whitefield,Bangalore,Delhi,Basic,Male,"Wall Clock","Home and lifestyle",62.65,7,32.8800,559.3700,"2026-12-09 09:46:50",11:25:00,UPI,456.72,4.761904716,26.6300,4.2,Morning,Wednesday,December,Bad
218-59-9410,"Banjara Hills",Hyderabad,Karnataka,Basic,Female,"Storage Basket","Home and lifestyle",72.42,3,12.5800,380.2800,"2026-03-23 21:35:26",16:54:00,Ewallet,251.51,4.761904716,18.1100,8.2,Evening,Monday,March,Bad
219-22-9386,Rohini,Delhi,Maharashtra,Basic,Male,"Travel Backpack","Sports and travel",99.96,16,106.5900,3222.7900,"2026-10-29 10:11:44",17:26:00,UPI,1639.59,4.761904716,153.4900,4.2,Evening,Thursday,October,Good
219-61-4139,Koramangala,Bangalore,Karnataka,Prime,Male,"USB Flash Drive","Electronic accessories",83.08,1,8.6200,362.6800,"2026-08-26 23:24:01",17:16:00,Ewallet,119.64,4.761904716,17.2600,7.5,Evening,Wednesday,August,Bad
220-28-1851,Andheri,Mumbai,Maharashtra,Prime,Male,"Coffee Mug","Home and lifestyle",34.73,4,8.2300,248.8200,"2026-12-04 16:50:50",18:14:00,"Credit Card",126.59,4.761904716,11.8600,9.7,Evening,Friday,December,Bad
220-68-6701,Indiranagar,Bangalore,Delhi,Basic,Female,"Table Lamp","Home and lifestyle",77.47,6,32.1200,971.5700,"2026-09-25 13:29:40",16:36:00,UPI,446.23,4.761904716,46.2500,4.2,Evening,Friday,September,Good
221-25-5073,Saket,Delhi,Delhi,Prime,Female,"Tropicana Juice","Food and beverages",74.66,6,27.9500,475.4800,"2026-08-11 08:46:24",10:39:00,Cash,430.04,4.761904716,22.6500,8.5,Morning,Tuesday,August,Bad
222-42-0244,Hinjawadi,Pune,Maharashtra,Elite,Female,"Face Wash","Health and beauty",72.11,16,47.9100,1330.3800,"2026-12-30 21:14:38",13:53:00,"Credit card",1182.79,4.761904716,63.3500,7.7,Afternoon,Wednesday,December,Good
225-32-0908,Whitefield,Bangalore,Karnataka,Prime,Female,"Yoga Mat","Sports and travel",44.86,13,45.3700,1372.2200,"2026-06-09 12:40:35",19:54:00,UPI,630.25,4.761904716,65.3300,8.2,Evening,Tuesday,June,Good
225-98-1496,Hinjawadi,Pune,Delhi,Basic,Female,"Wrist Watch","Fashion accessories",27.02,3,4.6200,128.1000,"2026-05-01 01:39:29",13:01:00,Cash,113.88,4.761904716,6.1000,7.1,Afternoon,Friday,May,Bad
226-31-3081,Bandra,Mumbai,Maharashtra,Prime,Female,"USB Flash Drive","Electronic accessories",15.28,10,9.0600,154.2800,"2026-05-09 13:24:57",10:29:00,"Credit Card",107.34,4.761904716,7.3500,7.1,Morning,Saturday,May,Bad
226-34-0034,"Banjara Hills",Hyderabad,Maharashtra,Elite,Female,"Wireless Mouse","Electronic accessories",13.78,8,5.1600,87.7600,"2026-09-26 23:58:50",11:10:00,Ewallet,79.37,4.761904716,4.1900,8.4,Morning,Saturday,September,Bad
226-71-3580,"Hitech City",Hyderabad,Maharashtra,Elite,Female,"Travel Backpack","Sports and travel",23.75,16,19.4800,409.0400,"2026-10-16 22:53:24",12:02:00,Cash,389.56,4.761904716,19.4800,9.5,Afternoon,Friday,October,Bad
227-03-5010,Saket,Delhi,Karnataka,Prime,Female,"Table Lamp","Home and lifestyle",52.59,26,87.6800,2650.6900,"2026-05-26 03:05:07",19:20:00,UPI,1348.56,4.761904716,126.2900,8.5,Evening,Tuesday,May,Good
227-07-4446,Rohini,Delhi,Karnataka,Elite,Female,"Power Bank","Electronic accessories",78.13,17,92.7400,2804.8700,"2026-06-13 20:36:38",20:51:00,UPI,1097.68,4.761904716,133.5600,8.3,Evening,Saturday,June,Good
227-50-3718,Kharadi,Pune,Maharashtra,Basic,Male,Sunscreen,"Health and beauty",14.62,12,7.0100,147.3000,"2026-12-12 03:49:57",12:23:00,Cash,133.23,4.761904716,7.0100,4.4,Afternoon,Saturday,December,Bad
227-78-1148,"Connaught Place",Delhi,Karnataka,Elite,Female,"Baseball Cap","Fashion accessories",72.84,12,60.4100,1677.4900,"2026-12-16 07:19:22",12:44:00,Cash,929.26,4.761904716,79.8800,8.4,Afternoon,Wednesday,December,Good
228-96-1411,"Hitech City",Hyderabad,Maharashtra,Basic,Female,"Tropicana Juice","Food and beverages",98.70,12,56.8600,1719.1900,"2026-08-28 08:38:40",20:39:00,Cash,1137.02,4.761904716,81.8800,7.6,Evening,Friday,August,Good
232-11-3025,Baner,Pune,Telangana,Prime,Male,Football,"Sports and travel",78.77,25,75.5800,1285.6600,"2026-11-01 02:20:21",10:04:00,Cash,1435.59,4.761904716,61.2300,6.4,Morning,Sunday,November,Good
232-16-2483,Whitefield,Bangalore,Maharashtra,Prime,Female,Football,"Sports and travel",68.12,1,8.9400,187.7000,"2026-12-24 14:38:47",12:28:00,UPI,124.15,4.761904716,8.9400,6.8,Afternoon,Thursday,December,Bad
233-34-0817,Hinjawadi,Pune,Karnataka,Basic,Female,"Mechanical Keyboard","Electronic accessories",98.84,1,3.0100,51.0800,"2026-02-10 17:13:42",11:21:00,Cash,74.13,4.761904716,2.4400,7.7,Morning,Tuesday,February,Bad
233-67-5758,Hinjawadi,Pune,Karnataka,Prime,Male,Shampoo,"Health and beauty",40.35,1,3.8600,80.7000,"2026-04-05 03:31:18",13:46:00,Ewallet,72.99,4.761904716,3.8600,6.2,Afternoon,Sunday,April,Bad
234-03-4040,Gachibowli,Hyderabad,Maharashtra,Basic,Female,Coca-Cola,"Food and beverages",73.05,10,34.0900,715.7300,"2026-12-15 07:51:28",12:25:00,"Credit card",681.64,4.761904716,34.0900,8.7,Afternoon,Tuesday,December,Good
234-36-2483,Indiranagar,Bangalore,Telangana,Elite,Male,"Body Lotion","Health and beauty",57.59,14,58.9200,1237.8300,"2026-10-11 21:36:13",13:51:00,UPI,629.75,4.761904716,58.9200,5.1,Afternoon,Sunday,October,Good
234-65-2137,Indiranagar,Bangalore,Maharashtra,Prime,Male,"Coffee Mug","Home and lifestyle",95.58,13,79.6700,1672.9700,"2026-03-04 03:45:08",13:32:00,Cash,1106.46,4.761904716,79.6700,4.8,Afternoon,Wednesday,March,Good
235-06-8510,Powai,Mumbai,Telangana,Basic,Male,"Table Lamp","Home and lifestyle",85.72,7,44.1700,1335.0400,"2026-04-08 20:51:36",20:59:00,"Credit Card",679.20,4.761904716,63.6100,5.1,Evening,Wednesday,April,Bad
235-46-8343,Rohini,Delhi,Maharashtra,Prime,Male,Coca-Cola,"Food and beverages",27.66,18,33.6700,572.5100,"2026-07-18 02:34:22",11:26:00,UPI,398.30,4.761904716,27.2700,8.9,Morning,Saturday,July,Bad
236-27-1144,Kharadi,Pune,Maharashtra,Elite,Female,"Lay's Chips","Food and beverages",16.31,9,7.2200,122.6800,"2026-11-28 05:08:35",10:31:00,Cash,136.97,4.761904716,5.8500,8.4,Morning,Saturday,November,Bad
236-86-3015,Baner,Pune,Telangana,Elite,Male,Bedsheet,"Home and lifestyle",13.98,1,1.8100,38.1100,"2026-05-08 02:33:48",13:38:00,Cash,44.78,4.761904716,1.8100,9.8,Afternoon,Friday,May,Bad
237-01-6122,Kharadi,Pune,Delhi,Elite,Female,"Storage Basket","Home and lifestyle",80.79,30,94.3800,2854.3900,"2026-06-26 02:25:08",20:31:00,"Credit card",2330.63,4.761904716,135.9200,9.5,Evening,Friday,June,Good
237-44-6163,"Hitech City",Hyderabad,Maharashtra,Elite,Male,"Mechanical Keyboard","Electronic accessories",10.56,6,3.1700,133.4000,"2026-01-19 22:53:17",17:43:00,Cash,63.36,4.761904716,6.3500,7.1,Evening,Monday,January,Bad
238-45-6950,Baner,Pune,Maharashtra,Basic,Male,"Tropicana Juice","Food and beverages",53.72,1,3.1300,94.7400,"2026-08-13 05:06:18",20:03:00,Ewallet,77.35,4.761904716,4.5100,6.4,Evening,Thursday,August,Bad
238-49-0436,Powai,Mumbai,Maharashtra,Basic,Male,"Lip Balm","Health and beauty",32.46,20,39.6800,833.5100,"2026-03-22 11:00:09",13:48:00,"Credit Card",469.70,4.761904716,39.6800,4.9,Afternoon,Sunday,March,Bad
239-10-7476,"Banjara Hills",Hyderabad,Telangana,Basic,Female,"Table Lamp","Home and lifestyle",77.95,8,33.6700,1018.3100,"2026-08-20 19:06:14",16:37:00,Ewallet,673.49,4.761904716,48.4800,8.0,Evening,Thursday,August,Good
239-36-3640,Baner,Pune,Delhi,Basic,Male,"USB Flash Drive","Electronic accessories",45.35,5,8.2600,241.6600,"2026-01-29 23:57:02",13:44:00,Ewallet,204.08,4.761904716,11.5100,8.2,Afternoon,Thursday,January,Bad
239-48-4278,Whitefield,Bangalore,Telangana,Elite,Male,Coca-Cola,"Food and beverages",10.13,8,6.1800,187.2900,"2026-10-04 19:07:33",19:35:00,Ewallet,66.17,4.761904716,8.8900,8.3,Evening,Sunday,October,Bad
241-11-2261,Gachibowli,Hyderabad,Karnataka,Basic,Female,"Leather Wallet","Fashion accessories",79.86,14,56.3500,1267.6200,"2026-09-17 03:50:26",10:33:00,"Credit card",1126.97,4.761904716,60.3600,5.5,Morning,Thursday,September,Good
241-72-9525,Koramangala,Bangalore,Maharashtra,Prime,Male,"Yoga Mat","Sports and travel",51.91,29,109.2700,2294.3800,"2026-09-02 20:50:18",12:21:00,Cash,1517.44,4.761904716,109.2700,8.2,Afternoon,Wednesday,September,Good
241-96-5076,Rohini,Delhi,Telangana,Prime,Female,"Wall Clock","Home and lifestyle",49.10,7,26.5500,558.5300,"2026-05-02 01:21:53",12:58:00,"Credit card",314.78,4.761904716,26.5500,6.4,Afternoon,Saturday,May,Bad
242-11-3142,Bandra,Mumbai,Maharashtra,Elite,Male,"Baseball Cap","Fashion accessories",83.77,2,12.6100,381.2200,"2026-04-15 06:23:10",19:57:00,Cash,193.96,4.761904716,18.1600,4.6,Evening,Wednesday,April,Bad
242-55-6721,"Banjara Hills",Hyderabad,Telangana,Basic,Male,"Coffee Mug","Home and lifestyle",16.16,7,6.7300,114.5700,"2026-06-20 13:03:20",11:49:00,Ewallet,103.61,4.761904716,5.4500,6.5,Morning,Saturday,June,Bad
243-47-2663,Rohini,Delhi,Telangana,Elite,Male,"Mechanical Keyboard","Electronic accessories",18.77,8,11.0200,463.8500,"2026-04-25 22:34:48",16:43:00,"Credit card",130.37,4.761904716,22.0900,6.8,Evening,Saturday,April,Bad
243-55-8457,"Hitech City",Hyderabad,Telangana,Basic,Female,"Oreo Biscuits","Food and beverages",74.44,10,34.7400,590.7800,"2026-10-05 23:31:18",11:40:00,Ewallet,694.62,4.761904716,28.1300,5.1,Morning,Monday,October,Good
244-08-0162,Powai,Mumbai,Delhi,Elite,Female,"Body Lotion","Health and beauty",34.21,14,32.0300,889.3100,"2026-08-14 03:41:40",13:00:00,Cash,492.62,4.761904716,42.3500,5.1,Afternoon,Friday,August,Good
246-11-3901,Powai,Mumbai,Delhi,Elite,Female,"Mechanical Keyboard","Electronic accessories",32.80,40,81.3000,1707.4100,"2026-11-30 02:30:04",12:12:00,Cash,1250.85,4.761904716,81.3000,7.2,Afternoon,Monday,November,Good
246-55-6923,Koramangala,Bangalore,Maharashtra,Prime,Female,"Wall Clock","Home and lifestyle",35.79,16,42.2600,887.6200,"2026-10-13 14:16:22",15:06:00,UPI,587.05,4.761904716,42.2600,5.1,Afternoon,Tuesday,October,Good
247-11-2470,Saket,Delhi,Maharashtra,Elite,Female,"Wrist Watch","Fashion accessories",22.32,6,8.3600,334.2100,"2026-08-18 08:40:30",16:23:00,UPI,128.57,4.761904716,15.9200,4.4,Evening,Tuesday,August,Bad
249-42-3782,Powai,Mumbai,Maharashtra,Basic,Male,Shampoo,"Health and beauty",70.01,9,41.4700,705.3700,"2026-12-02 12:22:12",11:36:00,Ewallet,637.97,4.761904716,33.5900,5.5,Morning,Wednesday,December,Good
250-17-5703,"Connaught Place",Delhi,Karnataka,Basic,Male,"Tropicana Juice","Food and beverages",18.85,10,11.4300,345.7300,"2026-10-26 12:57:28",18:24:00,Ewallet,175.89,4.761904716,16.4600,5.6,Evening,Monday,October,Bad
250-81-7186,"Hitech City",Hyderabad,Karnataka,Basic,Female,"Power Bank","Electronic accessories",99.69,1,5.7600,98.1500,"2026-04-01 14:52:13",10:23:00,"Credit card",115.40,4.761904716,4.6800,6.9,Morning,Wednesday,April,Bad
252-56-2699,Gachibowli,Hyderabad,Karnataka,Prime,Male,Coca-Cola,"Food and beverages",43.19,17,39.4400,1192.7000,"2026-05-10 21:54:59",16:48:00,Ewallet,606.79,4.761904716,56.8000,8.2,Evening,Sunday,May,Good
253-12-6086,Koramangala,Bangalore,Delhi,Basic,Female,Football,"Sports and travel",98.40,20,144.9700,3044.4200,"2026-07-03 18:34:49",12:43:00,UPI,2013.50,4.761904716,144.9700,8.7,Afternoon,Friday,July,Good
254-31-0042,Saket,Delhi,Delhi,Prime,Male,"Bluetooth Speaker","Electronic accessories",21.50,12,17.6800,516.7000,"2026-05-13 11:46:45",12:46:00,"Credit card",271.86,4.761904716,24.6000,8.3,Afternoon,Wednesday,May,Bad
256-08-8343,Baner,Pune,Maharashtra,Elite,Female,"Coffee Mug","Home and lifestyle",56.53,14,29.3600,887.6600,"2026-05-14 08:34:54",19:48:00,Cash,724.80,4.761904716,42.2800,5.5,Evening,Thursday,May,Bad
256-58-3609,Koramangala,Bangalore,Telangana,Prime,Male,"Baseball Cap","Fashion accessories",91.98,1,13.3400,280.3600,"2026-09-09 09:02:31",15:29:00,Cash,185.44,4.761904716,13.3400,9.8,Afternoon,Wednesday,September,Bad
257-60-7754,"Connaught Place",Delhi,Maharashtra,Prime,Female,"Wireless Mouse","Electronic accessories",50.23,18,64.7700,1957.8900,"2026-10-25 22:33:43",17:12:00,Cash,766.21,4.761904716,93.2200,8.4,Evening,Sunday,October,Bad
257-73-1380,Rohini,Delhi,Telangana,Elite,Male,Football,"Sports and travel",82.93,5,32.4500,981.2300,"2026-04-05 11:18:09",16:51:00,Ewallet,384.02,4.761904716,46.7500,9.6,Evening,Sunday,April,Good
258-69-7810,"Connaught Place",Delhi,Telangana,Prime,Female,"Wrist Watch","Fashion accessories",36.85,7,17.2400,689.7200,"2026-07-31 11:41:27",18:53:00,Cash,265.32,4.761904716,32.8400,9.2,Evening,Friday,July,Bad
258-92-7466,Koramangala,Bangalore,Maharashtra,Elite,Female,Sunscreen,"Health and beauty",35.68,7,18.4900,739.7300,"2026-09-11 00:24:21",18:33:00,"Credit card",256.90,4.761904716,35.2000,6.6,Evening,Friday,September,Bad
261-12-8671,"Connaught Place",Delhi,Delhi,Elite,Female,"Leather Wallet","Fashion accessories",60.96,4,14.4400,577.6000,"2026-12-31 22:29:43",19:39:00,UPI,222.20,4.761904716,27.5200,4.9,Evening,Thursday,December,Bad
262-47-2794,Indiranagar,Bangalore,Delhi,Basic,Male,Bedsheet,"Home and lifestyle",71.86,12,59.6000,1251.6700,"2026-09-11 15:45:36",15:07:00,"Credit card",827.83,4.761904716,59.6000,6.2,Afternoon,Friday,September,Good
263-10-3913,Bandra,Mumbai,Maharashtra,Basic,Male,"Wrist Watch","Fashion accessories",49.04,12,43.1700,906.6500,"2026-03-15 00:58:51",14:20:00,"Credit Card",510.93,4.761904716,43.1900,8.6,Afternoon,Sunday,March,Good
263-12-5321,Indiranagar,Bangalore,Maharashtra,Elite,Male,"Power Bank","Electronic accessories",92.60,10,67.2000,1965.1100,"2026-08-07 20:48:02",12:52:00,"Credit card",933.41,4.761904716,93.5700,6.6,Afternoon,Friday,August,Good
263-87-5680,Koramangala,Bangalore,Karnataka,Basic,Female,"Wall Clock","Home and lifestyle",28.53,14,29.5800,894.5200,"2026-07-17 02:23:00",17:38:00,UPI,410.83,4.761904716,42.6000,7.8,Evening,Friday,July,Bad
266-20-6657,Powai,Mumbai,Telangana,Prime,Male,"Nescafe Coffee","Food and beverages",55.04,6,23.3600,706.6700,"2026-11-17 02:04:53",19:39:00,"Credit Card",359.51,4.761904716,33.6500,5.2,Evening,Tuesday,November,Good
266-76-6436,Kharadi,Pune,Delhi,Basic,Female,"Lay's Chips","Food and beverages",38.60,2,4.3700,91.9000,"2026-10-21 18:05:55",13:57:00,Ewallet,108.06,4.761904716,4.3700,7.5,Afternoon,Wednesday,October,Bad
267-62-7380,Hinjawadi,Pune,Maharashtra,Elite,Male,"Mechanical Keyboard","Electronic accessories",82.34,13,46.8500,1972.7100,"2026-05-13 13:08:22",19:12:00,Ewallet,1156.83,4.761904716,93.9400,7.2,Evening,Wednesday,May,Good
268-03-6164,Bandra,Mumbai,Maharashtra,Basic,Male,"Face Wash","Health and beauty",96.11,1,9.0000,272.0300,"2026-08-26 14:45:58",16:28:00,"Credit Card",138.40,4.761904716,12.9500,7.8,Evening,Wednesday,August,Bad
268-20-3585,Rohini,Delhi,Maharashtra,Prime,Female,"Body Lotion","Health and beauty",13.85,12,10.5300,292.5100,"2026-02-14 18:17:57",12:50:00,Ewallet,124.65,4.761904716,13.9400,6.0,Afternoon,Saturday,February,Bad
268-27-6179,Kharadi,Pune,Delhi,Elite,Female,"Wrist Watch","Fashion accessories",56.47,14,33.4100,928.0500,"2026-06-13 22:47:26",14:57:00,Ewallet,634.69,4.761904716,44.2100,7.3,Afternoon,Saturday,June,Good
269-04-5750,"Banjara Hills",Hyderabad,Delhi,Prime,Male,"Baseball Cap","Fashion accessories",73.82,4,20.7400,627.2400,"2026-05-29 04:19:38",18:31:00,Cash,414.85,4.761904716,29.8800,6.7,Evening,Friday,May,Bad
269-10-8440,"Connaught Place",Delhi,Maharashtra,Prime,Male,Sunscreen,"Health and beauty",53.17,10,34.8400,1053.4700,"2026-09-07 21:06:18",18:01:00,Cash,535.96,4.761904716,50.1700,8.9,Evening,Monday,September,Good
271-77-8740,"Connaught Place",Delhi,Karnataka,Basic,Female,Football,"Sports and travel",29.22,9,16.0200,272.3400,"2026-05-06 02:03:12",11:40:00,UPI,246.31,4.761904716,12.9800,5.0,Morning,Wednesday,May,Bad
271-88-8734,Bandra,Mumbai,Maharashtra,Basic,Female,"Baseball Cap","Fashion accessories",97.21,17,115.4100,3205.0700,"2026-05-24 17:04:06",13:00:00,"Credit card",1365.73,4.761904716,152.6300,8.7,Afternoon,Sunday,May,Good
272-27-9238,Whitefield,Bangalore,Maharashtra,Elite,Female,"Tropicana Juice","Food and beverages",41.24,5,21.7000,655.9700,"2026-05-17 17:49:04",16:23:00,UPI,231.76,4.761904716,31.2700,7.1,Evening,Sunday,May,Bad
272-65-1806,Kharadi,Pune,Maharashtra,Basic,Female,"Mechanical Keyboard","Electronic accessories",60.88,13,31.9600,966.3100,"2026-08-03 16:55:23",17:17:00,Cash,789.00,4.761904716,46.0200,7.8,Evening,Monday,August,Good
273-16-6619,Bandra,Mumbai,Telangana,Elite,Male,"Storage Basket","Home and lifestyle",33.20,4,7.8700,165.1800,"2026-10-07 17:10:45",12:20:00,"Credit Card",121.01,4.761904716,7.8700,4.4,Afternoon,Wednesday,October,Bad
273-84-2164,Powai,Mumbai,Delhi,Basic,Male,"Bluetooth Speaker","Electronic accessories",12.05,5,4.5400,132.5800,"2026-04-13 06:06:00",15:53:00,Ewallet,69.74,4.761904716,6.3200,7.0,Afternoon,Monday,April,Bad
274-05-5470,Kharadi,Pune,Delhi,Elite,Female,"Tropicana Juice","Food and beverages",73.47,5,21.7400,657.3600,"2026-06-06 09:17:17",18:30:00,Cash,412.89,4.761904716,31.2900,6.0,Evening,Saturday,June,Bad
275-28-0149,Whitefield,Bangalore,Karnataka,Prime,Male,"Gym Bag","Sports and travel",63.69,1,13.3900,405.3100,"2026-08-24 01:34:19",16:21:00,UPI,186.18,4.761904716,19.3000,6.0,Evening,Monday,August,Bad
276-54-0879,"Banjara Hills",Hyderabad,Maharashtra,Basic,Male,"Yoga Mat","Sports and travel",97.74,5,35.7000,1079.6500,"2026-05-23 18:16:37",19:53:00,Ewallet,549.28,4.761904716,51.4000,6.4,Evening,Saturday,May,Good
276-75-6884,"Banjara Hills",Hyderabad,Maharashtra,Elite,Female,"Lip Balm","Health and beauty",68.71,5,14.8400,333.8600,"2026-08-20 21:06:56",10:05:00,Cash,296.83,4.761904716,15.8900,8.7,Morning,Thursday,August,Bad
277-35-5865,Koramangala,Bangalore,Delhi,Basic,Female,"Nescafe Coffee","Food and beverages",98.97,13,92.3500,1570.8800,"2026-07-02 20:42:13",11:23:00,UPI,1282.66,4.761904716,74.8000,6.7,Morning,Thursday,July,Good
277-63-2961,Baner,Pune,Maharashtra,Basic,Male,"Gym Bag","Sports and travel",73.97,1,7.0800,149.0600,"2026-10-24 11:19:40",15:53:00,"Credit card",134.81,4.761904716,7.0900,5.4,Afternoon,Saturday,October,Bad
278-86-2735,Whitefield,Bangalore,Delhi,Prime,Female,"Tropicana Juice","Food and beverages",52.34,2,10.5500,221.5400,"2026-12-04 04:53:50",14:03:00,Cash,146.52,4.761904716,10.5500,9.2,Afternoon,Friday,December,Bad
278-97-7759,Gachibowli,Hyderabad,Maharashtra,Basic,Female,"Power Bank","Electronic accessories",62.48,1,3.6100,109.3600,"2026-04-01 15:06:02",20:29:00,Cash,72.32,4.761904716,5.2200,7.1,Evening,Wednesday,April,Bad
279-62-1445,"Hitech City",Hyderabad,Delhi,Elite,Female,"Leather Wallet","Fashion accessories",12.54,1,0.8700,24.4700,"2026-05-27 02:50:13",12:38:00,Cash,17.61,4.761904716,1.1700,8.2,Afternoon,Wednesday,May,Bad
279-74-2924,Andheri,Mumbai,Maharashtra,Elite,Male,"USB Flash Drive","Electronic accessories",72.17,1,6.5800,277.4800,"2026-05-22 13:59:44",19:40:00,Cash,101.39,4.761904716,13.2200,8.1,Evening,Friday,May,Bad
280-17-4359,Whitefield,Bangalore,Maharashtra,Prime,Male,"Lip Balm","Health and beauty",90.50,19,118.7600,2493.8400,"2026-10-02 00:23:00",13:48:00,UPI,1649.36,4.761904716,118.7600,8.1,Afternoon,Friday,October,Good
280-35-5823,Powai,Mumbai,Telangana,Prime,Female,"Table Lamp","Home and lifestyle",86.72,1,10.2700,310.6800,"2026-10-27 01:19:25",18:45:00,Ewallet,158.04,4.761904716,14.7800,7.9,Evening,Tuesday,October,Bad
282-35-2475,"Banjara Hills",Hyderabad,Karnataka,Elite,Female,"Gym Bag","Sports and travel",93.31,5,22.1100,668.5300,"2026-10-25 21:41:55",17:53:00,Cash,340.12,4.761904716,31.8400,6.3,Evening,Sunday,October,Bad
283-26-5248,Andheri,Mumbai,Maharashtra,Basic,Female,"Oreo Biscuits","Food and beverages",98.52,12,76.8400,2323.8100,"2026-01-29 16:21:44",20:23:00,"Credit Card",1182.24,4.761904716,110.6500,4.5,Evening,Thursday,January,Good
283-79-9594,"Banjara Hills",Hyderabad,Karnataka,Elite,Female,"Lay's Chips","Food and beverages",48.51,8,23.5800,495.3000,"2026-03-04 19:35:53",13:30:00,"Credit card",471.70,4.761904716,23.5800,5.2,Afternoon,Wednesday,March,Good
284-34-9626,Gachibowli,Hyderabad,Telangana,Basic,Female,"Storage Basket","Home and lifestyle",77.04,7,21.6300,367.9800,"2026-07-26 09:06:16",10:39:00,"Credit card",332.81,4.761904716,17.5200,7.2,Morning,Sunday,July,Bad
284-54-4231,Bandra,Mumbai,Maharashtra,Prime,Male,"Gym Bag","Sports and travel",80.93,1,7.9000,239.4100,"2026-03-14 20:36:19",16:08:00,"Credit Card",93.69,4.761904716,11.4100,9.0,Evening,Saturday,March,Bad
285-68-5083,"Banjara Hills",Hyderabad,Telangana,Prime,Female,"Yoga Mat","Sports and travel",24.74,9,10.8600,328.0200,"2026-09-11 21:33:40",17:47:00,"Credit card",216.96,4.761904716,15.6500,9.9,Evening,Friday,September,Bad
286-01-5402,Bandra,Mumbai,Telangana,Basic,Female,"Cricket Bat","Sports and travel",40.23,10,25.7100,540.0500,"2026-05-29 08:12:58",13:22:00,Cash,395.64,4.761904716,25.7100,9.6,Afternoon,Friday,May,Bad
286-43-6208,Gachibowli,Hyderabad,Maharashtra,Elite,Female,Coca-Cola,"Food and beverages",87.80,16,72.1600,2182.1900,"2026-06-28 10:03:24",19:08:00,Cash,1110.17,4.761904716,103.9100,9.2,Evening,Sunday,June,Good
286-62-6248,Baner,Pune,Maharashtra,Basic,Male,Handbag,"Fashion accessories",39.21,6,9.1400,276.6100,"2026-08-18 21:07:53",20:03:00,"Credit card",225.85,4.761904716,13.1600,9.0,Evening,Tuesday,August,Bad
286-75-7818,Baner,Pune,Maharashtra,Basic,Male,"Leather Wallet","Fashion accessories",69.08,2,8.0500,243.6500,"2026-07-09 22:59:24",19:48:00,"Credit card",198.95,4.761904716,11.6000,6.9,Evening,Thursday,July,Bad
287-21-9091,Whitefield,Bangalore,Maharashtra,Elite,Male,"Wall Clock","Home and lifestyle",74.67,9,56.0200,952.7800,"2026-03-25 06:37:36",10:55:00,Ewallet,777.96,4.761904716,45.3800,9.4,Morning,Wednesday,March,Good
287-83-1405,Kharadi,Pune,Delhi,Prime,Male,Sunscreen,"Health and beauty",25.43,8,8.8900,269.1000,"2026-09-10 14:59:59",19:01:00,Ewallet,219.72,4.761904716,12.8200,7.0,Evening,Thursday,September,Bad
288-38-3758,Rohini,Delhi,Telangana,Basic,Female,"Baseball Cap","Fashion accessories",84.87,3,16.5500,661.8600,"2026-01-20 09:21:16",18:30:00,Ewallet,254.61,4.761904716,31.5200,7.4,Evening,Tuesday,January,Bad
288-62-1085,"Connaught Place",Delhi,Maharashtra,Prime,Male,Handbag,"Fashion accessories",38.54,21,49.9200,1048.6500,"2026-10-16 18:44:16",13:34:00,UPI,768.26,4.761904716,49.9200,5.6,Afternoon,Friday,October,Bad
289-15-7034,"Hitech City",Hyderabad,Delhi,Prime,Male,Football,"Sports and travel",82.33,12,48.1300,818.7600,"2026-07-14 07:49:39",10:37:00,"Credit card",962.67,4.761904716,38.9800,7.5,Morning,Tuesday,July,Good
289-65-5721,Indiranagar,Bangalore,Karnataka,Elite,Female,Handbag,"Fashion accessories",81.37,3,15.2200,609.1700,"2026-01-11 04:05:02",19:28:00,UPI,162.74,4.761904716,28.9900,6.5,Evening,Sunday,January,Bad
290-68-2984,"Connaught Place",Delhi,Delhi,Prime,Male,"Table Lamp","Home and lifestyle",23.75,7,11.2400,191.4200,"2026-10-06 07:08:51",11:22:00,UPI,173.14,4.761904716,9.1200,5.2,Morning,Tuesday,October,Bad
291-21-5991,Whitefield,Bangalore,Telangana,Prime,Male,"Face Wash","Health and beauty",61.29,8,39.9100,838.1300,"2026-03-16 03:02:53",14:28:00,UPI,554.30,4.761904716,39.9100,7.0,Afternoon,Monday,March,Bad
291-32-1427,Powai,Mumbai,Maharashtra,Basic,Male,Handbag,"Fashion accessories",21.94,5,7.1300,149.7400,"2026-01-09 17:35:21",12:29:00,"Credit Card",109.70,4.761904716,7.1300,5.3,Afternoon,Friday,January,Bad
291-55-6563,"Connaught Place",Delhi,Delhi,Prime,Female,"Wall Clock","Home and lifestyle",34.42,8,19.3300,405.9400,"2026-08-06 18:45:41",12:45:00,UPI,297.38,4.761904716,19.3300,7.5,Afternoon,Thursday,August,Bad
291-59-1384,Andheri,Mumbai,Karnataka,Prime,Male,"Mechanical Keyboard","Electronic accessories",60.30,1,2.9400,123.8100,"2026-02-13 06:09:56",17:38:00,Cash,45.23,4.761904716,5.8900,6.6,Evening,Friday,February,Bad
296-11-7041,Koramangala,Bangalore,Delhi,Elite,Female,"Face Wash","Health and beauty",27.07,1,3.5600,142.0600,"2026-12-03 20:17:40",20:07:00,UPI,49.33,4.761904716,6.7900,5.3,Evening,Thursday,December,Bad
299-29-0180,"Connaught Place",Delhi,Karnataka,Elite,Female,"Coffee Mug","Home and lifestyle",52.18,23,76.1000,1294.4800,"2026-06-17 18:06:27",10:54:00,UPI,1170.77,4.761904716,61.6100,9.3,Morning,Wednesday,June,Good
299-46-1805,"Hitech City",Hyderabad,Karnataka,Elite,Female,"Travel Backpack","Sports and travel",93.72,9,39.5000,1194.5200,"2026-05-26 17:23:31",16:19:00,Cash,790.03,4.761904716,56.8800,4.5,Evening,Tuesday,May,Good
300-71-4605,Koramangala,Bangalore,Maharashtra,Basic,Male,"USB Flash Drive","Electronic accessories",86.04,10,56.5800,1339.8900,"2026-06-07 23:29:00",11:24:00,UPI,604.40,4.761904716,63.8000,8.3,Morning,Sunday,June,Good
301-11-9629,Hinjawadi,Pune,Maharashtra,Basic,Female,"Cricket Bat","Sports and travel",19.10,26,20.5800,350.0300,"2026-08-08 01:39:26",10:43:00,Cash,390.83,4.761904716,16.6800,9.7,Morning,Saturday,August,Bad
301-81-8610,Kharadi,Pune,Maharashtra,Prime,Male,Handbag,"Fashion accessories",25.42,16,15.4200,466.2300,"2026-07-18 12:08:18",19:42:00,Cash,292.84,4.761904716,22.2200,6.7,Evening,Saturday,July,Bad
302-15-2162,"Hitech City",Hyderabad,Telangana,Basic,Male,Shampoo,"Health and beauty",46.53,11,25.4300,432.7500,"2026-11-25 23:42:46",10:54:00,"Credit card",508.80,4.761904716,20.6100,4.3,Morning,Wednesday,November,Bad
303-96-2227,Rohini,Delhi,Maharashtra,Basic,Female,"Coffee Mug","Home and lifestyle",97.38,17,95.2500,2880.5500,"2026-03-28 05:17:53",17:16:00,UPI,1127.29,4.761904716,137.1500,4.4,Evening,Saturday,March,Good
305-03-2383,"Hitech City",Hyderabad,Maharashtra,Elite,Female,"Tropicana Juice","Food and beverages",67.10,4,18.3700,312.7000,"2026-05-24 07:15:06",10:36:00,Cash,282.82,4.761904716,14.8900,7.5,Morning,Sunday,May,Bad
305-14-0245,Indiranagar,Bangalore,Karnataka,Basic,Female,Bedsheet,"Home and lifestyle",94.49,34,226.7700,6858.1800,"2026-05-02 18:05:53",19:00:00,UPI,2422.99,4.761904716,326.5300,7.5,Evening,Saturday,May,Good
305-18-3552,Indiranagar,Bangalore,Maharashtra,Prime,Male,"Storage Basket","Home and lifestyle",60.38,25,103.0100,3114.7200,"2026-10-10 14:35:57",16:19:00,UPI,1100.43,4.761904716,148.3300,6.0,Evening,Saturday,October,Good
305-89-2768,Andheri,Mumbai,Telangana,Basic,Female,Bedsheet,"Home and lifestyle",21.90,7,8.0000,241.7500,"2026-09-20 18:30:14",18:43:00,Ewallet,94.61,4.761904716,11.5200,4.7,Evening,Sunday,September,Bad
307-04-2070,Baner,Pune,Delhi,Prime,Female,"Baseball Cap","Fashion accessories",30.62,1,3.2600,90.2600,"2026-09-12 04:11:06",14:14:00,Cash,61.73,4.761904716,4.3200,4.1,Afternoon,Saturday,September,Bad
307-83-9164,Andheri,Mumbai,Maharashtra,Prime,Male,Bedsheet,"Home and lifestyle",60.01,7,28.4300,597.1600,"2026-10-12 08:58:40",15:54:00,Cash,437.47,4.761904716,28.4300,4.5,Afternoon,Monday,October,Bad
307-85-2293,Indiranagar,Bangalore,Maharashtra,Elite,Male,"Wall Clock","Home and lifestyle",50.28,7,26.0600,547.3600,"2026-07-14 12:55:02",13:58:00,Ewallet,362.02,4.761904716,26.0600,9.7,Afternoon,Tuesday,July,Bad
308-39-1707,Indiranagar,Bangalore,Telangana,Basic,Female,"Baseball Cap","Fashion accessories",12.09,1,0.8800,34.8000,"2026-02-04 20:37:37",18:19:00,UPI,12.09,4.761904716,1.6700,8.2,Evening,Wednesday,February,Bad
308-47-4913,Kharadi,Pune,Telangana,Prime,Female,Football,"Sports and travel",52.26,10,21.1700,444.4700,"2026-01-05 11:39:28",12:45:00,Cash,522.60,4.761904716,21.1700,6.2,Afternoon,Monday,January,Good
308-81-0538,Gachibowli,Hyderabad,Maharashtra,Basic,Female,"Baseball Cap","Fashion accessories",73.05,5,26.6800,1067.1700,"2026-05-23 11:51:33",17:16:00,"Credit card",410.51,4.761904716,50.7800,4.9,Evening,Saturday,May,Bad
311-13-6971,Whitefield,Bangalore,Delhi,Prime,Male,"Travel Backpack","Sports and travel",31.99,13,26.6600,559.9300,"2026-04-20 00:24:07",15:18:00,"Credit card",370.34,4.761904716,26.6600,9.9,Afternoon,Monday,April,Good
313-66-9943,Hinjawadi,Pune,Maharashtra,Basic,Female,"Tropicana Juice","Food and beverages",29.15,4,4.9200,148.7900,"2026-03-09 20:54:19",20:29:00,Cash,121.49,4.761904716,7.0800,7.3,Evening,Monday,March,Bad
314-23-4520,Hinjawadi,Pune,Karnataka,Elite,Male,"Face Wash","Health and beauty",81.23,12,41.9700,1269.1700,"2026-10-20 09:35:06",20:44:00,Cash,1036.29,4.761904716,60.4300,9.0,Evening,Tuesday,October,Good
315-22-5665,Gachibowli,Hyderabad,Maharashtra,Prime,Female,"Table Lamp","Home and lifestyle",73.56,14,52.9700,900.9000,"2026-08-04 17:57:59",11:38:00,Ewallet,1059.26,4.761904716,42.9100,8.0,Morning,Tuesday,August,Good
316-01-3952,"Connaught Place",Delhi,Maharashtra,Basic,Female,"Tropicana Juice","Food and beverages",54.27,4,16.4600,345.6200,"2026-12-22 15:05:58",14:16:00,Ewallet,253.21,4.761904716,16.4600,4.6,Afternoon,Tuesday,December,Bad
316-55-4634,Whitefield,Bangalore,Telangana,Basic,Male,"Oreo Biscuits","Food and beverages",80.05,8,52.0400,1092.9100,"2026-03-22 05:11:36",12:45:00,"Credit card",556.02,4.761904716,52.0400,9.4,Afternoon,Sunday,March,Good
316-66-3011,"Hitech City",Hyderabad,Telangana,Elite,Female,"Tropicana Juice","Food and beverages",47.63,12,30.1200,632.3600,"2026-06-03 10:46:38",12:35:00,Cash,602.25,4.761904716,30.1200,5.0,Afternoon,Wednesday,June,Good
316-68-6352,Baner,Pune,Delhi,Elite,Female,"Lay's Chips","Food and beverages",36.36,3,3.5800,60.7600,"2026-12-27 14:01:45",10:00:00,Cash,67.86,4.761904716,2.9000,7.1,Morning,Sunday,December,Bad
318-12-0304,Kharadi,Pune,Telangana,Elite,Male,"Leather Wallet","Fashion accessories",30.61,1,2.2600,47.4500,"2026-12-18 01:33:42",12:20:00,Cash,55.78,4.761904716,2.2600,5.2,Afternoon,Friday,December,Bad
318-68-5053,Indiranagar,Bangalore,Delhi,Elite,Female,"Body Lotion","Health and beauty",76.99,9,46.7200,1868.7400,"2026-06-08 23:24:41",17:55:00,Cash,648.98,4.761904716,89.0000,6.1,Evening,Monday,June,Good
318-81-2368,Kharadi,Pune,Telangana,Prime,Female,"USB Flash Drive","Electronic accessories",46.20,1,2.6900,56.5800,"2026-07-29 22:45:49",12:16:00,Cash,66.53,4.761904716,2.6900,7.1,Afternoon,Wednesday,July,Bad
319-50-3348,Saket,Delhi,Karnataka,Basic,Female,"Storage Basket","Home and lifestyle",40.30,2,5.2400,110.0200,"2026-01-07 05:48:22",15:30:00,Ewallet,80.60,4.761904716,5.2400,4.4,Afternoon,Wednesday,January,Bad
319-74-2561,Koramangala,Bangalore,Telangana,Elite,Female,"Wireless Mouse","Electronic accessories",94.64,2,15.3400,463.6300,"2026-02-27 01:26:43",16:55:00,UPI,212.94,4.761904716,22.0900,8.3,Evening,Friday,February,Bad
320-32-8842,"Banjara Hills",Hyderabad,Maharashtra,Basic,Female,"Lay's Chips","Food and beverages",22.62,1,1.0500,31.9100,"2026-10-30 23:12:24",18:58:00,Cash,21.11,4.761904716,1.5200,6.4,Evening,Friday,October,Bad
320-49-6392,Gachibowli,Hyderabad,Maharashtra,Elite,Female,"Power Bank","Electronic accessories",30.24,1,2.1200,44.6100,"2026-05-07 19:55:09",15:44:00,Cash,42.48,4.761904716,2.1200,7.5,Afternoon,Thursday,May,Bad
320-85-2052,"Hitech City",Hyderabad,Telangana,Prime,Female,Football,"Sports and travel",34.81,1,1.7405,29.6100,"2026-02-10 01:36:21",10:11:00,"Credit card",34.81,4.761904716,1.4100,7.0,Morning,Tuesday,February,Bad
321-49-7382,"Banjara Hills",Hyderabad,Karnataka,Prime,Male,"Gym Bag","Sports and travel",88.31,1,4.4155,133.5200,"2026-01-01 19:14:25",17:38:00,"Credit card",88.31,4.761904716,6.3600,5.2,Evening,Thursday,January,Bad
322-02-2271,Saket,Delhi,Maharashtra,Elite,Female,Football,"Sports and travel",42.97,4,10.8900,185.2900,"2026-01-03 15:06:56",11:46:00,Cash,128.91,4.761904716,8.8300,9.3,Morning,Saturday,January,Bad
324-41-6833,"Hitech City",Hyderabad,Karnataka,Prime,Female,"USB Flash Drive","Electronic accessories",30.20,6,9.0600,273.9700,"2026-02-16 18:02:04",19:30:00,Ewallet,181.20,4.761904716,13.0400,8.3,Evening,Monday,February,Bad
324-92-3863,Baner,Pune,Delhi,Basic,Male,"Bluetooth Speaker","Electronic accessories",20.89,3,3.0900,130.1200,"2026-05-17 14:36:52",18:45:00,Cash,58.69,4.761904716,6.2300,8.3,Evening,Sunday,May,Bad
325-77-6186,Indiranagar,Bangalore,Maharashtra,Prime,Female,"Storage Basket","Home and lifestyle",90.65,25,154.6500,2630.3700,"2026-12-05 19:21:50",10:53:00,UPI,1652.10,4.761904716,125.2600,7.3,Morning,Saturday,December,Good
325-89-4209,Rohini,Delhi,Maharashtra,Prime,Male,"Tropicana Juice","Food and beverages",87.90,1,6.6000,200.0000,"2026-04-03 20:23:02",19:42:00,Ewallet,101.77,4.761904716,9.5200,6.7,Evening,Friday,April,Bad
325-90-8763,Saket,Delhi,Maharashtra,Basic,Female,"Power Bank","Electronic accessories",46.57,13,42.5400,893.0900,"2026-06-26 21:01:20",13:58:00,UPI,654.27,4.761904716,42.5400,8.3,Afternoon,Friday,June,Good
326-71-2155,Gachibowli,Hyderabad,Maharashtra,Basic,Female,"Yoga Mat","Sports and travel",73.95,7,26.9600,458.5100,"2026-12-04 23:58:11",10:02:00,Cash,539.10,4.761904716,21.8300,6.1,Morning,Friday,December,Bad
326-78-5178,Koramangala,Bangalore,Karnataka,Prime,Male,"Nescafe Coffee","Food and beverages",91.40,10,83.2000,1415.0600,"2026-03-21 02:13:28",10:19:00,UPI,888.78,4.761904716,67.3900,9.5,Morning,Saturday,March,Good
327-40-9673,Indiranagar,Bangalore,Delhi,Elite,Male,"Gym Bag","Sports and travel",72.60,11,57.1600,1728.4900,"2026-10-23 18:32:21",19:51:00,UPI,793.88,4.761904716,82.3100,6.9,Evening,Friday,October,Good
329-62-1586,"Connaught Place",Delhi,Karnataka,Elite,Male,"Nescafe Coffee","Food and beverages",54.67,4,19.4500,588.8400,"2026-06-07 20:13:28",18:00:00,UPI,230.42,4.761904716,28.0300,8.6,Evening,Sunday,June,Bad
333-23-2632,Andheri,Mumbai,Maharashtra,Elite,Male,Sunscreen,"Health and beauty",10.08,12,8.3600,252.7700,"2026-12-01 01:24:52",20:14:00,"Credit Card",128.60,4.761904716,12.0200,4.2,Evening,Tuesday,December,Bad
333-73-7901,Koramangala,Bangalore,Telangana,Prime,Female,"Body Lotion","Health and beauty",54.92,16,59.2100,1644.6500,"2026-07-18 12:51:26",13:24:00,Ewallet,632.68,4.761904716,78.2900,7.6,Afternoon,Saturday,July,Good
334-64-2006,Andheri,Mumbai,Karnataka,Prime,Female,"Storage Basket","Home and lifestyle",70.32,2,9.1400,191.9700,"2026-01-19 15:33:22",14:22:00,"Credit Card",140.64,4.761904716,9.1400,9.6,Afternoon,Monday,January,Bad
336-78-2147,Rohini,Delhi,Telangana,Prime,Male,Bedsheet,"Home and lifestyle",63.91,10,43.2000,1306.4500,"2026-02-01 11:51:05",19:52:00,UPI,511.28,4.761904716,62.2200,4.6,Evening,Sunday,February,Good
338-65-2210,Kharadi,Pune,Karnataka,Prime,Female,Sunscreen,"Health and beauty",68.60,20,50.2600,2009.7500,"2026-03-17 13:10:22",19:57:00,Cash,1240.84,4.761904716,95.7600,9.1,Evening,Tuesday,March,Good
339-12-4827,Kharadi,Pune,Telangana,Elite,Female,"Wrist Watch","Fashion accessories",73.96,1,3.0000,67.3900,"2026-02-16 23:37:22",11:32:00,"Credit card",73.96,4.761904716,3.2200,5.0,Morning,Monday,February,Bad
339-18-7061,Kharadi,Pune,Maharashtra,Prime,Female,"Leather Wallet","Fashion accessories",92.98,3,14.1100,391.5500,"2026-07-18 18:16:45",15:06:00,Cash,267.78,4.761904716,18.6400,8.0,Afternoon,Saturday,July,Bad
339-38-9982,Whitefield,Bangalore,Maharashtra,Prime,Male,"Wrist Watch","Fashion accessories",59.86,3,13.0000,272.4300,"2026-03-07 14:41:57",14:55:00,Ewallet,138.60,4.761904716,13.0000,6.7,Afternoon,Saturday,March,Bad
339-96-8318,"Banjara Hills",Hyderabad,Delhi,Elite,Male,Handbag,"Fashion accessories",81.31,13,53.2700,1611.0100,"2026-07-11 18:46:23",19:49:00,Ewallet,819.60,4.761904716,76.7300,6.3,Evening,Saturday,July,Good
340-21-9136,Gachibowli,Hyderabad,Maharashtra,Basic,Female,"Yoga Mat","Sports and travel",40.05,4,11.2600,191.4300,"2026-05-04 08:23:41",11:40:00,Cash,225.06,4.761904716,9.1100,9.7,Morning,Monday,May,Bad
340-66-0321,Andheri,Mumbai,Maharashtra,Basic,Male,"Wireless Mouse","Electronic accessories",36.36,6,13.6200,398.0600,"2026-09-24 14:32:47",13:07:00,Cash,209.44,4.761904716,18.9600,8.2,Afternoon,Thursday,September,Bad
342-65-4817,Powai,Mumbai,Maharashtra,Elite,Male,"Body Lotion","Health and beauty",86.80,5,30.8500,932.8300,"2026-11-02 08:49:40",16:47:00,"Credit Card",474.58,4.761904716,44.4500,9.9,Evening,Monday,November,Bad
343-61-3544,Rohini,Delhi,Telangana,Prime,Male,"Yoga Mat","Sports and travel",26.67,13,20.0600,341.3600,"2026-04-30 12:48:38",11:48:00,UPI,308.74,4.761904716,16.2500,8.6,Morning,Thursday,April,Bad
343-75-9322,Rohini,Delhi,Telangana,Basic,Female,Football,"Sports and travel",11.85,23,18.0200,544.7400,"2026-09-08 19:57:14",16:34:00,Cash,277.11,4.761904716,25.9400,4.1,Evening,Tuesday,September,Bad
343-87-0864,Kharadi,Pune,Karnataka,Prime,Male,"Body Lotion","Health and beauty",75.88,1,3.0700,52.2800,"2026-02-05 23:49:41",10:30:00,Cash,75.88,4.761904716,2.4800,7.1,Morning,Thursday,February,Bad
345-08-4992,"Hitech City",Hyderabad,Delhi,Elite,Male,"Table Lamp","Home and lifestyle",33.99,8,14.6900,308.3500,"2026-09-03 09:09:02",15:37:00,"Credit card",293.68,4.761904716,14.6900,7.7,Afternoon,Thursday,September,Bad
345-68-9016,Koramangala,Bangalore,Maharashtra,Elite,Female,"Yoga Mat","Sports and travel",31.67,20,43.2100,1306.9700,"2026-11-22 07:24:34",16:19:00,"Credit card",461.75,4.761904716,62.2300,5.6,Evening,Sunday,November,Bad
346-12-3257,Koramangala,Bangalore,Delhi,Prime,Male,"Power Bank","Electronic accessories",19.24,44,61.8300,2602.5800,"2026-11-15 10:25:36",16:28:00,UPI,660.38,4.761904716,123.9900,7.4,Evening,Sunday,November,Bad
346-84-3103,Andheri,Mumbai,Maharashtra,Basic,Female,"Mechanical Keyboard","Electronic accessories",13.22,7,6.1900,187.1000,"2026-07-22 11:25:28",19:26:00,Cash,95.18,4.761904716,8.9000,7.8,Evening,Wednesday,July,Bad
347-34-2234,Powai,Mumbai,Telangana,Elite,Female,"Cricket Bat","Sports and travel",55.07,28,94.1700,1977.6600,"2026-09-18 03:13:31",13:40:00,Ewallet,1448.83,4.761904716,94.1700,9.9,Afternoon,Friday,September,Good
347-56-2442,Powai,Mumbai,Maharashtra,Prime,Male,"Wall Clock","Home and lifestyle",65.82,1,6.1600,129.3800,"2026-07-15 06:27:44",15:33:00,Cash,94.78,4.761904716,6.1600,4.1,Afternoon,Wednesday,July,Bad
347-72-6115,Bandra,Mumbai,Telangana,Elite,Female,"Cricket Bat","Sports and travel",90.74,20,120.6800,3649.6200,"2026-09-29 21:45:29",18:03:00,"Credit Card",1856.75,4.761904716,173.7700,6.2,Evening,Tuesday,September,Good
349-97-8902,"Banjara Hills",Hyderabad,Telangana,Elite,Male,"Oreo Biscuits","Food and beverages",57.89,2,6.7000,113.9900,"2026-04-22 19:14:31",10:37:00,Ewallet,134.03,4.761904716,5.4300,8.9,Morning,Wednesday,April,Bad
351-62-0822,Koramangala,Bangalore,Maharashtra,Basic,Female,"Leather Wallet","Fashion accessories",14.48,4,4.1800,166.7800,"2026-02-04 01:46:40",18:07:00,UPI,57.92,4.761904716,7.9600,4.5,Evening,Wednesday,February,Bad
354-25-5821,Saket,Delhi,Maharashtra,Elite,Female,"Cricket Bat","Sports and travel",69.12,8,35.0500,735.9200,"2026-01-31 04:36:05",13:03:00,Cash,414.72,4.761904716,35.0500,5.6,Afternoon,Saturday,January,Good
354-39-5160,Whitefield,Bangalore,Maharashtra,Prime,Female,"Storage Basket","Home and lifestyle",34.42,8,21.4100,449.6500,"2026-09-17 23:25:38",15:39:00,Cash,297.38,4.761904716,21.4100,9.8,Afternoon,Thursday,September,Bad
355-34-6244,"Banjara Hills",Hyderabad,Maharashtra,Elite,Male,"Oreo Biscuits","Food and beverages",72.39,2,6.7600,204.2800,"2026-10-01 19:42:20",19:55:00,"Credit card",135.10,4.761904716,9.7300,8.1,Evening,Thursday,October,Bad
355-53-5943,Bandra,Mumbai,Telangana,Prime,Female,"Wireless Mouse","Electronic accessories",68.84,23,102.3900,2150.0800,"2026-11-09 19:33:53",14:36:00,"Credit Card",1575.16,4.761904716,102.3900,8.5,Afternoon,Monday,November,Good
356-44-8813,"Banjara Hills",Hyderabad,Karnataka,Prime,Male,"Table Lamp","Home and lifestyle",37.48,7,10.5300,221.0000,"2026-07-05 02:22:40",13:45:00,"Credit card",161.92,4.761904716,10.5300,7.7,Afternoon,Sunday,July,Bad
358-88-9262,Hinjawadi,Pune,Karnataka,Elite,Female,"Oreo Biscuits","Food and beverages",87.48,8,25.7900,779.7900,"2026-12-20 13:05:48",18:43:00,Ewallet,489.78,4.761904716,37.1400,5.1,Evening,Sunday,December,Good
359-90-3665,Powai,Mumbai,Telangana,Elite,Female,Handbag,"Fashion accessories",18.08,15,18.7500,749.5200,"2026-10-28 11:26:27",18:03:00,"Credit card",288.32,4.761904716,35.7200,9.5,Evening,Wednesday,October,Bad
359-94-5395,Andheri,Mumbai,Maharashtra,Prime,Male,Sunscreen,"Health and beauty",92.78,1,10.9800,186.9700,"2026-12-01 03:30:22",10:50:00,"Credit card",169.09,4.761904716,8.8900,9.8,Morning,Tuesday,December,Bad
360-39-5055,Andheri,Mumbai,Delhi,Elite,Male,"Gym Bag","Sports and travel",48.91,12,37.6700,640.6400,"2026-12-26 11:38:54",10:17:00,Cash,445.69,4.761904716,30.5100,6.6,Morning,Saturday,December,Bad
361-59-0574,Andheri,Mumbai,Telangana,Prime,Male,"Travel Backpack","Sports and travel",90.53,11,66.1400,1388.9100,"2026-06-22 21:45:52",14:48:00,"Credit card",1017.51,4.761904716,66.1400,6.5,Afternoon,Monday,June,Good
361-85-2571,Hinjawadi,Pune,Maharashtra,Prime,Female,"Cricket Bat","Sports and travel",89.48,5,18.1200,308.2100,"2026-02-12 20:41:25",10:18:00,Cash,447.40,4.761904716,14.6800,7.4,Morning,Thursday,February,Good
362-58-8315,Bandra,Mumbai,Maharashtra,Prime,Male,"Baseball Cap","Fashion accessories",76.52,9,45.3300,770.9800,"2026-12-17 05:14:04",10:23:00,"Credit Card",697.29,4.761904716,36.7300,9.9,Morning,Thursday,December,Good
364-33-8584,Andheri,Mumbai,Maharashtra,Elite,Female,"Nescafe Coffee","Food and beverages",17.63,6,7.9600,167.1400,"2026-03-17 09:14:39",15:27:00,"Credit Card",122.45,4.761904716,7.9600,8.5,Afternoon,Tuesday,March,Bad
364-34-2972,Baner,Pune,Karnataka,Prime,Male,"Mechanical Keyboard","Electronic accessories",96.82,3,13.6200,573.4100,"2026-04-21 08:31:58",20:37:00,Cash,336.24,4.761904716,27.3300,8.3,Evening,Tuesday,April,Bad
365-16-4334,Gachibowli,Hyderabad,Maharashtra,Basic,Female,"Oreo Biscuits","Food and beverages",26.43,8,12.8300,269.3200,"2026-11-14 06:55:26",14:26:00,Ewallet,197.30,4.761904716,12.8300,8.9,Afternoon,Saturday,November,Bad
365-64-0515,Bandra,Mumbai,Delhi,Prime,Female,"Power Bank","Electronic accessories",46.95,19,58.2100,989.8500,"2026-10-30 06:45:31",10:25:00,Ewallet,895.23,4.761904716,47.1500,7.8,Morning,Friday,October,Bad
366-43-6862,Saket,Delhi,Telangana,Elite,Male,"Power Bank","Electronic accessories",52.89,14,52.4500,2208.1600,"2026-12-02 18:06:13",16:32:00,UPI,806.81,4.761904716,105.2100,7.3,Evening,Wednesday,December,Bad
366-93-0948,Whitefield,Bangalore,Karnataka,Prime,Male,"USB Flash Drive","Electronic accessories",66.35,1,3.5900,84.8700,"2026-01-05 19:08:21",10:46:00,"Credit card",49.76,4.761904716,4.0400,6.8,Morning,Monday,January,Bad
369-82-2676,Saket,Delhi,Maharashtra,Prime,Male,"USB Flash Drive","Electronic accessories",75.66,19,93.8000,3948.4300,"2026-12-14 08:42:52",18:22:00,Ewallet,1442.69,4.761904716,188.0900,7.4,Evening,Monday,December,Good
370-41-7321,Hinjawadi,Pune,Telangana,Elite,Male,"Body Lotion","Health and beauty",56.69,16,37.6600,1138.8100,"2026-12-18 17:19:20",17:24:00,Cash,929.85,4.761904716,54.2400,8.4,Evening,Friday,December,Good
370-96-0655,Whitefield,Bangalore,Delhi,Elite,Female,Handbag,"Fashion accessories",49.32,11,42.9600,1192.9200,"2026-09-21 10:41:36",13:46:00,UPI,596.57,4.761904716,56.8100,7.1,Afternoon,Monday,September,Bad
371-85-5789,"Hitech City",Hyderabad,Maharashtra,Basic,Male,"Body Lotion","Health and beauty",87.98,3,13.1970,224.4800,"2026-01-23 23:16:32",10:40:00,Ewallet,263.94,4.761904716,10.6900,5.1,Morning,Friday,January,Bad
372-26-1506,Baner,Pune,Maharashtra,Prime,Female,Sunglasses,"Fashion accessories",23.82,7,6.9600,277.7800,"2026-08-31 09:59:42",19:24:00,Ewallet,171.50,4.761904716,13.2500,5.4,Evening,Monday,August,Bad
372-62-5264,Whitefield,Bangalore,Delhi,Elite,Female,"Nescafe Coffee","Food and beverages",52.60,14,53.1700,1116.6200,"2026-02-01 04:25:37",14:42:00,UPI,568.08,4.761904716,53.1700,7.6,Afternoon,Sunday,February,Good
372-94-8041,Powai,Mumbai,Delhi,Elite,Male,"Face Wash","Health and beauty",15.26,10,11.1400,336.9100,"2026-08-30 18:09:38",18:03:00,Ewallet,131.84,4.761904716,16.0400,9.8,Evening,Sunday,August,Bad
373-09-4567,Gachibowli,Hyderabad,Karnataka,Elite,Male,Coca-Cola,"Food and beverages",77.56,10,36.1800,1094.2700,"2026-10-19 17:12:27",20:35:00,Ewallet,723.73,4.761904716,52.1000,6.9,Evening,Monday,October,Good
373-14-0504,Kharadi,Pune,Karnataka,Prime,Female,"Travel Backpack","Sports and travel",71.63,2,6.7200,141.0500,"2026-03-12 19:29:59",14:33:00,Cash,165.84,4.761904716,6.7200,8.8,Afternoon,Thursday,March,Bad
373-73-7910,"Hitech City",Hyderabad,Maharashtra,Basic,Male,"Yoga Mat","Sports and travel",86.31,10,42.4400,721.9100,"2026-06-26 23:37:44",10:37:00,Ewallet,848.81,4.761904716,34.3700,5.3,Morning,Friday,June,Good
373-88-1424,Saket,Delhi,Telangana,Basic,Male,Bedsheet,"Home and lifestyle",35.81,21,48.5000,1466.5000,"2026-06-21 09:27:04",18:44:00,UPI,573.93,4.761904716,69.8400,7.9,Evening,Sunday,June,Bad
374-17-3652,Bandra,Mumbai,Maharashtra,Basic,Female,Coca-Cola,"Food and beverages",42.82,13,36.0600,757.5100,"2026-07-24 14:54:53",15:26:00,"Credit Card",554.95,4.761904716,36.0600,8.9,Afternoon,Friday,July,Good
374-38-5555,Saket,Delhi,Telangana,Prime,Female,"Leather Wallet","Fashion accessories",63.71,8,29.0900,1163.3600,"2026-06-05 06:19:08",19:30:00,UPI,447.54,4.761904716,55.4000,8.5,Evening,Friday,June,Good
375-72-3056,Kharadi,Pune,Karnataka,Prime,Male,Football,"Sports and travel",63.06,3,7.6600,160.9000,"2026-01-15 09:49:35",15:58:00,Cash,189.18,4.761904716,7.6600,7.0,Afternoon,Thursday,January,Bad
376-02-8238,"Hitech City",Hyderabad,Maharashtra,Prime,Male,"Storage Basket","Home and lifestyle",93.87,20,88.9600,2690.1900,"2026-12-05 09:49:56",18:42:00,"Credit card",1368.63,4.761904716,128.1000,8.3,Evening,Saturday,December,Good
376-56-3573,Powai,Mumbai,Delhi,Prime,Female,"Leather Wallet","Fashion accessories",95.42,4,28.7200,797.6300,"2026-04-07 02:22:45",13:23:00,Ewallet,441.84,4.761904716,37.9800,6.4,Afternoon,Tuesday,April,Good
377-79-7592,Saket,Delhi,Delhi,Basic,Female,"USB Flash Drive","Electronic accessories",44.84,17,49.0900,1031.2300,"2026-09-13 04:42:51",14:00:00,UPI,581.12,4.761904716,49.1000,8.4,Afternoon,Sunday,September,Good
378-07-7001,"Connaught Place",Delhi,Telangana,Basic,Male,"Bluetooth Speaker","Electronic accessories",48.09,11,35.7600,1505.8300,"2026-11-20 20:09:23",18:23:00,"Credit card",550.19,4.761904716,71.7300,7.2,Evening,Friday,November,Bad
378-24-2715,Baner,Pune,Maharashtra,Basic,Male,Bedsheet,"Home and lifestyle",53.44,2,6.2300,188.5000,"2026-07-17 04:32:52",20:38:00,Ewallet,153.91,4.761904716,8.9600,4.1,Evening,Friday,July,Bad
379-17-6588,Rohini,Delhi,Delhi,Basic,Male,"Leather Wallet","Fashion accessories",59.61,13,44.8500,762.9600,"2026-04-28 01:00:08",11:07:00,Cash,690.07,4.761904716,36.3400,5.3,Morning,Tuesday,April,Good
380-60-5336,Rohini,Delhi,Maharashtra,Elite,Female,"Power Bank","Electronic accessories",40.26,8,22.7200,687.0600,"2026-03-30 02:06:39",18:06:00,UPI,349.55,4.761904716,32.7200,8.2,Evening,Monday,March,Good
380-94-4661,Gachibowli,Hyderabad,Telangana,Elite,Male,"USB Flash Drive","Electronic accessories",65.94,6,19.0000,555.3000,"2026-09-17 07:05:09",13:05:00,"Credit card",379.81,4.761904716,26.4600,7.1,Afternoon,Thursday,September,Bad
381-20-0914,Saket,Delhi,Delhi,Prime,Female,"Wrist Watch","Fashion accessories",20.01,12,16.4600,456.7600,"2026-05-05 19:38:10",15:48:00,UPI,253.01,4.761904716,21.7600,5.7,Afternoon,Tuesday,May,Bad
382-03-4532,Baner,Pune,Maharashtra,Prime,Female,"Lip Balm","Health and beauty",18.33,1,0.7400,29.6800,"2026-01-26 21:18:49",18:50:00,Cash,18.33,4.761904716,1.4000,4.3,Evening,Monday,January,Bad
382-25-8917,Powai,Mumbai,Telangana,Elite,Male,Handbag,"Fashion accessories",42.08,6,19.0100,398.9600,"2026-03-27 12:14:16",12:25:00,Cash,292.28,4.761904716,19.0100,8.9,Afternoon,Friday,March,Bad
384-59-6655,Andheri,Mumbai,Maharashtra,Basic,Female,"Lay's Chips","Food and beverages",98.66,7,53.8600,1130.9700,"2026-11-05 16:41:43",15:07:00,Cash,828.55,4.761904716,53.8600,8.4,Afternoon,Thursday,November,Good
386-27-7606,Gachibowli,Hyderabad,Maharashtra,Elite,Female,"Table Lamp","Home and lifestyle",81.20,12,51.8000,1087.7100,"2026-12-11 15:04:23",15:59:00,"Credit card",1035.91,4.761904716,51.8000,8.1,Afternoon,Friday,December,Good
387-49-4215,Indiranagar,Bangalore,Telangana,Prime,Female,"Yoga Mat","Sports and travel",48.50,3,12.1300,254.6600,"2026-04-24 16:07:55",12:50:00,Cash,168.44,4.761904716,12.1300,6.7,Afternoon,Friday,April,Bad
388-76-2555,Gachibowli,Hyderabad,Karnataka,Elite,Male,"Cricket Bat","Sports and travel",13.69,9,5.7700,121.1700,"2026-06-05 02:50:56",13:59:00,Cash,115.40,4.761904716,5.7700,6.3,Afternoon,Friday,June,Bad
389-25-3394,Indiranagar,Bangalore,Maharashtra,Basic,Male,"USB Flash Drive","Electronic accessories",11.81,7,6.4100,269.3800,"2026-04-25 04:56:34",18:06:00,Cash,68.36,4.761904716,12.8100,8.2,Evening,Saturday,April,Bad
389-70-2397,Powai,Mumbai,Maharashtra,Elite,Female,"Body Lotion","Health and beauty",83.66,5,27.1900,611.6400,"2026-02-03 20:16:28",10:26:00,Cash,418.30,4.761904716,29.1200,7.2,Morning,Tuesday,February,Good
390-17-5806,Indiranagar,Bangalore,Maharashtra,Basic,Female,"Oreo Biscuits","Food and beverages",38.42,1,3.3500,101.4500,"2026-12-12 04:43:50",16:33:00,Cash,35.86,4.761904716,4.8400,8.6,Evening,Saturday,December,Bad
390-31-6381,Gachibowli,Hyderabad,Telangana,Prime,Male,Coca-Cola,"Food and beverages",27.22,4,4.9000,102.8900,"2026-02-23 03:24:40",12:37:00,Cash,97.99,4.761904716,4.9000,7.3,Afternoon,Monday,February,Bad
390-80-5128,Rohini,Delhi,Maharashtra,Basic,Female,"Lip Balm","Health and beauty",19.15,1,2.2600,90.0500,"2026-04-09 22:14:09",17:58:00,UPI,34.65,4.761904716,4.3000,9.5,Evening,Thursday,April,Bad
393-65-2792,Gachibowli,Hyderabad,Karnataka,Elite,Male,"Oreo Biscuits","Food and beverages",89.48,10,41.7500,876.7000,"2026-10-27 07:47:03",12:46:00,"Credit card",834.95,4.761904716,41.7500,9.6,Afternoon,Tuesday,October,Good
394-30-3170,Kharadi,Pune,Telangana,Elite,Female,"Gym Bag","Sports and travel",88.43,10,37.2400,1126.3500,"2026-02-28 19:46:33",19:35:00,Cash,707.44,4.761904716,53.6400,4.3,Evening,Saturday,February,Good
394-41-0748,Powai,Mumbai,Maharashtra,Elite,Female,"Wrist Watch","Fashion accessories",54.07,17,59.2100,1644.4700,"2026-08-23 17:40:59",14:55:00,"Credit Card",700.75,4.761904716,78.3300,9.5,Afternoon,Sunday,August,Good
394-43-4238,Gachibowli,Hyderabad,Maharashtra,Basic,Male,"Coffee Mug","Home and lifestyle",17.77,12,10.5300,221.0300,"2026-10-04 13:59:50",12:42:00,"Credit card",161.93,4.761904716,10.5300,5.4,Afternoon,Sunday,October,Bad
394-55-6384,Bandra,Mumbai,Karnataka,Basic,Female,Football,"Sports and travel",70.19,36,156.0300,3276.8100,"2026-08-22 10:47:57",13:38:00,Cash,1846.60,4.761904716,156.0300,6.7,Afternoon,Saturday,August,Good
396-90-2219,Koramangala,Bangalore,Telangana,Prime,Female,"Mechanical Keyboard","Electronic accessories",14.96,11,12.1000,254.2300,"2026-05-01 07:12:46",12:29:00,UPI,168.13,4.761904716,12.1000,7.1,Afternoon,Friday,May,Bad
397-25-8725,Saket,Delhi,Maharashtra,Basic,Female,"Lip Balm","Health and beauty",39.62,13,33.3700,1334.7800,"2026-07-07 15:50:54",17:54:00,UPI,513.48,4.761904716,63.5500,6.8,Evening,Tuesday,July,Good
399-46-5918,Whitefield,Bangalore,Delhi,Elite,Female,"USB Flash Drive","Electronic accessories",85.98,31,188.8800,5711.2400,"2026-10-07 20:12:24",19:01:00,UPI,2623.11,4.761904716,271.9700,8.4,Evening,Wednesday,October,Good
399-69-4630,Koramangala,Bangalore,Telangana,Basic,Male,"USB Flash Drive","Electronic accessories",22.21,23,36.6000,866.6600,"2026-12-01 01:17:30",10:23:00,UPI,508.20,4.761904716,41.2900,8.1,Morning,Tuesday,December,Bad
400-45-1220,Whitefield,Bangalore,Delhi,Prime,Female,"Face Wash","Health and beauty",13.50,14,13.9900,314.8700,"2026-07-10 10:40:59",11:06:00,UPI,194.40,4.761904716,14.9800,4.8,Morning,Friday,July,Bad
400-60-7251,Saket,Delhi,Telangana,Elite,Male,"Table Lamp","Home and lifestyle",74.07,1,9.0100,189.2800,"2026-08-30 23:21:16",12:50:00,UPI,106.66,4.761904716,9.0100,9.9,Afternoon,Sunday,August,Bad
400-80-4065,Whitefield,Bangalore,Telangana,Basic,Male,Sunscreen,"Health and beauty",68.55,7,35.9800,1088.0600,"2026-11-18 11:35:11",20:21:00,"Credit card",499.73,4.761904716,51.8200,9.2,Evening,Wednesday,November,Bad
400-89-4171,"Banjara Hills",Hyderabad,Maharashtra,Elite,Female,"Gym Bag","Sports and travel",80.97,20,76.7300,1611.4400,"2026-10-10 09:57:13",13:05:00,Cash,1180.55,4.761904716,76.7300,9.3,Afternoon,Saturday,October,Good
401-09-4232,Koramangala,Bangalore,Maharashtra,Prime,Male,"Storage Basket","Home and lifestyle",86.69,12,73.9400,2235.9700,"2026-10-03 12:50:26",18:38:00,UPI,789.97,4.761904716,106.4800,9.4,Evening,Saturday,October,Good
401-18-8016,Whitefield,Bangalore,Maharashtra,Prime,Female,"Travel Backpack","Sports and travel",98.13,1,9.9400,300.1700,"2026-05-29 10:23:21",17:36:00,UPI,137.87,4.761904716,14.3000,8.9,Evening,Friday,May,Bad
404-91-5964,"Connaught Place",Delhi,Delhi,Elite,Male,"Mechanical Keyboard","Electronic accessories",74.58,25,129.4000,5448.9700,"2026-12-10 09:49:54",16:09:00,UPI,1990.91,4.761904716,259.4200,7.0,Evening,Thursday,December,Good
405-31-3305,Rohini,Delhi,Maharashtra,Elite,Male,Sunglasses,"Fashion accessories",43.13,13,32.4500,981.4000,"2026-03-23 21:18:00",18:31:00,UPI,499.29,4.761904716,46.7400,5.5,Evening,Monday,March,Good
406-46-7107,Rohini,Delhi,Telangana,Prime,Female,Bedsheet,"Home and lifestyle",96.52,11,68.6000,1166.9500,"2026-10-08 04:13:04",11:52:00,UPI,1055.44,4.761904716,55.5700,4.5,Morning,Thursday,October,Good
407-63-8975,Whitefield,Bangalore,Karnataka,Prime,Male,Coca-Cola,"Food and beverages",73.88,8,45.9600,1389.8200,"2026-07-30 08:26:27",19:16:00,UPI,638.33,4.761904716,66.1800,4.4,Evening,Thursday,July,Good
408-26-9866,Koramangala,Bangalore,Maharashtra,Basic,Female,"Gym Bag","Sports and travel",73.98,7,37.2800,1127.5200,"2026-01-12 02:25:00",16:42:00,UPI,517.86,4.761904716,53.6900,4.1,Evening,Monday,January,Good
408-66-6712,Bandra,Mumbai,Karnataka,Basic,Female,"Body Lotion","Health and beauty",47.71,18,53.0800,1474.7100,"2026-05-30 17:56:59",14:19:00,Ewallet,628.39,4.761904716,70.2700,4.4,Afternoon,Saturday,May,Bad
409-33-9708,"Banjara Hills",Hyderabad,Maharashtra,Elite,Female,"Wrist Watch","Fashion accessories",98.48,3,18.4300,414.7100,"2026-07-05 07:17:51",10:12:00,Ewallet,283.62,4.761904716,19.7700,9.2,Morning,Sunday,July,Bad
409-49-6995,Bandra,Mumbai,Karnataka,Prime,Female,"Tropicana Juice","Food and beverages",47.27,6,17.2000,292.6200,"2026-12-28 01:06:14",10:17:00,Cash,264.66,4.761904716,13.9300,8.8,Morning,Monday,December,Bad
410-67-1709,Saket,Delhi,Karnataka,Prime,Female,"Leather Wallet","Fashion accessories",63.88,10,49.9900,1999.2200,"2026-04-04 03:18:00",17:48:00,UPI,591.59,4.761904716,95.2000,9.9,Evening,Saturday,April,Good
411-77-0180,Baner,Pune,Delhi,Basic,Male,"Wireless Mouse","Electronic accessories",72.20,25,78.0400,3286.7700,"2026-12-03 04:45:51",20:14:00,Cash,1927.38,4.761904716,156.5200,8.2,Evening,Thursday,December,Good
413-20-6708,Rohini,Delhi,Telangana,Prime,Female,"Baseball Cap","Fashion accessories",51.47,1,3.8700,107.5700,"2026-03-24 12:49:18",15:52:00,UPI,59.58,4.761904716,5.1300,8.5,Afternoon,Tuesday,March,Bad
414-12-7047,Whitefield,Bangalore,Delhi,Elite,Male,"Nescafe Coffee","Food and beverages",19.79,6,10.6300,223.3800,"2026-12-29 08:44:10",12:04:00,Ewallet,147.74,4.761904716,10.6300,8.7,Afternoon,Tuesday,December,Bad
416-13-5917,Kharadi,Pune,Delhi,Elite,Female,"Lay's Chips","Food and beverages",97.03,4,18.3300,554.4600,"2026-11-03 02:35:33",16:24:00,Ewallet,452.70,4.761904716,26.4000,9.3,Evening,Tuesday,November,Good
416-17-9926,Baner,Pune,Maharashtra,Basic,Female,"Mechanical Keyboard","Electronic accessories",74.22,8,22.5400,473.4300,"2026-01-08 18:37:58",14:42:00,Cash,556.65,4.761904716,22.5500,7.5,Afternoon,Thursday,January,Good
418-02-5978,Baner,Pune,Maharashtra,Elite,Female,Shampoo,"Health and beauty",84.09,16,55.8500,1256.6400,"2026-10-27 18:41:40",10:54:00,Cash,1379.28,4.761904716,59.8300,8.0,Morning,Tuesday,October,Good
418-05-0656,Saket,Delhi,Maharashtra,Elite,Female,"Wrist Watch","Fashion accessories",25.56,13,21.2400,849.4500,"2026-06-06 19:29:51",20:42:00,UPI,251.37,4.761904716,40.4500,7.1,Evening,Saturday,June,Bad
420-04-7590,Powai,Mumbai,Karnataka,Basic,Male,"Table Lamp","Home and lifestyle",99.70,5,35.4400,602.6900,"2026-10-09 10:12:17",11:29:00,"Credit Card",545.12,4.761904716,28.7000,4.7,Morning,Friday,October,Bad
420-11-4919,Andheri,Mumbai,Maharashtra,Basic,Female,"Nescafe Coffee","Food and beverages",71.39,4,21.6600,654.6700,"2026-10-23 18:24:53",19:57:00,"Credit Card",333.08,4.761904716,31.1600,5.5,Evening,Friday,October,Good
420-18-8989,Bandra,Mumbai,Maharashtra,Basic,Female,"Yoga Mat","Sports and travel",51.52,14,48.9300,1027.5200,"2026-05-30 18:02:17",15:47:00,Cash,579.05,4.761904716,48.9300,9.6,Afternoon,Saturday,May,Good
420-97-3340,Hinjawadi,Pune,Karnataka,Elite,Female,"Nescafe Coffee","Food and beverages",71.68,7,16.3000,342.3800,"2026-07-11 08:59:36",15:30:00,"Credit card",309.66,4.761904716,16.3000,9.2,Afternoon,Saturday,July,Bad
421-95-9805,"Banjara Hills",Hyderabad,Karnataka,Prime,Female,"Wireless Mouse","Electronic accessories",28.96,1,2.1800,37.0800,"2026-04-19 08:31:51",10:18:00,"Credit card",33.53,4.761904716,1.7700,6.6,Morning,Sunday,April,Bad
422-29-8786,"Connaught Place",Delhi,Karnataka,Elite,Female,"Coffee Mug","Home and lifestyle",67.09,12,51.6500,1562.1800,"2026-11-21 09:08:56",16:47:00,UPI,611.36,4.761904716,74.3900,9.1,Evening,Saturday,November,Good
423-57-2993,Indiranagar,Bangalore,Maharashtra,Elite,Male,Football,"Sports and travel",93.39,8,60.7000,1835.9800,"2026-03-28 01:03:08",19:18:00,UPI,648.67,4.761904716,87.4300,9.9,Evening,Saturday,March,Good
423-64-4619,Rohini,Delhi,Delhi,Basic,Female,"Lip Balm","Health and beauty",15.55,17,17.0300,472.9600,"2026-07-04 09:39:20",13:12:00,UPI,201.53,4.761904716,22.5300,5.0,Afternoon,Saturday,July,Bad
423-80-0988,Indiranagar,Bangalore,Maharashtra,Elite,Male,"Yoga Mat","Sports and travel",76.40,2,15.4600,467.4100,"2026-06-29 05:59:16",19:42:00,UPI,214.68,4.761904716,22.2600,6.5,Evening,Monday,June,Bad
425-85-2085,Baner,Pune,Delhi,Basic,Male,Sunscreen,"Health and beauty",54.86,12,26.3200,795.9400,"2026-10-10 02:51:59",16:48:00,Cash,499.92,4.761904716,37.9100,9.8,Evening,Saturday,October,Bad
426-39-2418,Indiranagar,Bangalore,Delhi,Elite,Male,"Power Bank","Electronic accessories",61.41,9,46.5700,1103.1900,"2026-04-11 00:34:27",10:02:00,Cash,497.63,4.761904716,52.5500,7.7,Morning,Saturday,April,Good
427-45-9297,"Connaught Place",Delhi,Telangana,Basic,Female,"Coffee Mug","Home and lifestyle",40.73,20,48.9300,832.5800,"2026-04-16 09:06:42",11:01:00,UPI,753.00,4.761904716,39.6500,5.4,Morning,Thursday,April,Bad
428-83-5800,Powai,Mumbai,Karnataka,Basic,Female,Coca-Cola,"Food and beverages",21.08,5,6.4100,109.0700,"2026-01-11 23:57:24",10:25:00,Cash,75.89,4.761904716,5.1900,7.3,Morning,Sunday,January,Bad
430-02-3888,Koramangala,Bangalore,Karnataka,Basic,Male,"Wireless Mouse","Electronic accessories",46.02,30,98.5700,2881.9700,"2026-11-28 13:10:22",15:55:00,UPI,1053.01,4.761904716,137.2200,8.4,Afternoon,Saturday,November,Bad
430-53-4718,Indiranagar,Bangalore,Maharashtra,Prime,Male,"Face Wash","Health and beauty",75.37,8,43.4200,911.6800,"2026-01-07 10:40:25",15:46:00,"Credit card",602.96,4.761904716,43.4200,8.4,Afternoon,Wednesday,January,Good
430-60-3493,Koramangala,Bangalore,Maharashtra,Prime,Female,"Wall Clock","Home and lifestyle",94.88,7,55.3600,1162.5000,"2026-03-03 12:14:39",14:38:00,Cash,768.85,4.761904716,55.3600,4.2,Afternoon,Tuesday,March,Good
431-66-2305,Bandra,Mumbai,Maharashtra,Elite,Female,"USB Flash Drive","Electronic accessories",88.25,9,50.3200,1522.1400,"2026-01-17 16:34:42",20:51:00,"Credit Card",595.69,4.761904716,72.4800,8.5,Evening,Saturday,January,Good
433-08-7822,Saket,Delhi,Maharashtra,Prime,Female,"Lip Balm","Health and beauty",78.89,11,64.9200,2596.5600,"2026-04-28 12:47:36",19:48:00,UPI,998.86,4.761904716,123.6600,7.5,Evening,Tuesday,April,Good
433-75-6987,Hinjawadi,Pune,Maharashtra,Prime,Female,Sunscreen,"Health and beauty",55.97,10,22.8500,913.7900,"2026-09-14 21:52:02",19:06:00,Cash,564.18,4.761904716,43.5300,8.9,Evening,Monday,September,Good
434-35-9162,"Connaught Place",Delhi,Telangana,Prime,Male,"Oreo Biscuits","Food and beverages",23.34,5,11.0900,335.1700,"2026-06-14 12:20:20",18:53:00,Ewallet,131.16,4.761904716,15.9600,7.4,Evening,Sunday,June,Bad
434-83-9547,Indiranagar,Bangalore,Maharashtra,Basic,Male,Coca-Cola,"Food and beverages",38.47,13,30.7800,523.6000,"2026-03-23 13:38:06",11:51:00,UPI,427.53,4.761904716,24.9400,7.7,Morning,Monday,March,Good
435-13-4908,Indiranagar,Bangalore,Delhi,Prime,Male,Sunglasses,"Fashion accessories",86.68,8,57.7900,1747.8000,"2026-03-05 04:00:58",18:04:00,UPI,802.75,4.761904716,83.2300,7.2,Evening,Thursday,March,Good
436-54-4512,Baner,Pune,Maharashtra,Elite,Female,"Oreo Biscuits","Food and beverages",91.61,1,5.5900,168.8400,"2026-04-25 01:35:30",19:44:00,Cash,106.05,4.761904716,8.0500,9.8,Evening,Saturday,April,Bad
437-53-3084,Kharadi,Pune,Delhi,Prime,Male,"Baseball Cap","Fashion accessories",99.89,3,14.7800,251.3800,"2026-05-23 18:05:53",11:48:00,Cash,280.67,4.761904716,11.9700,7.1,Morning,Saturday,May,Bad
437-58-8131,Andheri,Mumbai,Maharashtra,Prime,Female,"Baseball Cap","Fashion accessories",73.52,2,13.7500,382.2300,"2026-08-07 17:32:23",13:41:00,Ewallet,211.74,4.761904716,18.1900,4.6,Afternoon,Friday,August,Bad
438-01-4015,"Banjara Hills",Hyderabad,Delhi,Elite,Female,"Travel Backpack","Sports and travel",49.49,7,18.0400,378.8200,"2026-11-10 02:22:29",15:25:00,Ewallet,360.79,4.761904716,18.0400,6.6,Afternoon,Tuesday,November,Bad
438-23-1242,Andheri,Mumbai,Maharashtra,Elite,Male,"Power Bank","Electronic accessories",75.88,25,131.6600,3118.4600,"2026-12-02 07:15:44",10:38:00,"Credit Card",2025.62,4.761904716,148.4900,6.6,Morning,Wednesday,December,Good
439-54-7422,Kharadi,Pune,Maharashtra,Elite,Female,"Power Bank","Electronic accessories",51.19,14,31.6300,956.3800,"2026-10-02 20:36:39",17:15:00,"Credit card",780.87,4.761904716,45.5300,7.1,Evening,Friday,October,Bad
440-59-5691,"Connaught Place",Delhi,Karnataka,Basic,Female,"Lip Balm","Health and beauty",37.15,7,16.9000,469.4400,"2026-01-13 14:14:52",13:12:00,UPI,260.05,4.761904716,22.3600,7.7,Afternoon,Tuesday,January,Bad
441-94-7118,"Connaught Place",Delhi,Karnataka,Elite,Male,"Wireless Mouse","Electronic accessories",71.95,2,17.8500,521.5000,"2026-11-13 13:12:45",12:14:00,UPI,274.40,4.761904716,24.8500,7.3,Afternoon,Friday,November,Bad
442-44-6497,Gachibowli,Hyderabad,Maharashtra,Prime,Male,Bedsheet,"Home and lifestyle",55.57,3,8.3355,141.7900,"2026-02-26 02:48:28",11:42:00,"Credit card",166.71,4.761904716,6.7500,5.9,Morning,Thursday,February,Bad
442-48-3607,Rohini,Delhi,Karnataka,Basic,Male,Coca-Cola,"Food and beverages",23.48,3,4.7700,81.0000,"2026-02-15 06:26:04",11:21:00,UPI,56.35,4.761904716,3.8600,7.9,Morning,Sunday,February,Bad
443-59-0061,Bandra,Mumbai,Karnataka,Prime,Male,"Lay's Chips","Food and beverages",67.45,13,53.1800,904.6400,"2026-12-20 00:59:05",11:25:00,"Credit Card",629.39,4.761904716,43.1000,4.2,Morning,Sunday,December,Good
443-60-9639,Whitefield,Bangalore,Maharashtra,Basic,Female,"Storage Basket","Home and lifestyle",60.87,1,15.0500,316.0300,"2026-04-19 08:48:06",13:24:00,UPI,160.76,4.761904716,15.0500,5.5,Afternoon,Sunday,April,Bad
443-82-0585,Hinjawadi,Pune,Telangana,Basic,Female,"Body Lotion","Health and beauty",77.68,7,22.9200,917.2200,"2026-12-10 14:22:06",19:54:00,Cash,566.28,4.761904716,43.6700,8.4,Evening,Thursday,December,Good
445-30-9252,Indiranagar,Bangalore,Karnataka,Basic,Male,"Gym Bag","Sports and travel",25.70,3,6.4200,194.3300,"2026-03-05 01:47:05",17:59:00,UPI,89.26,4.761904716,9.2600,6.1,Evening,Thursday,March,Bad
446-47-6729,Hinjawadi,Pune,Karnataka,Basic,Male,"Leather Wallet","Fashion accessories",99.82,13,41.9000,1267.2000,"2026-11-07 00:35:52",18:09:00,Cash,795.91,4.761904716,60.3500,6.7,Evening,Saturday,November,Bad
447-15-7839,"Connaught Place",Delhi,Maharashtra,Elite,Female,"Yoga Mat","Sports and travel",22.24,29,42.2600,718.8200,"2026-07-30 19:17:45",11:00:00,UPI,650.12,4.761904716,34.2300,4.2,Morning,Thursday,July,Bad
448-34-8700,Bandra,Mumbai,Delhi,Prime,Male,Bedsheet,"Home and lifestyle",36.91,20,44.3400,931.4500,"2026-04-17 01:14:24",13:51:00,Ewallet,682.37,4.761904716,44.3400,6.7,Afternoon,Friday,April,Bad
448-61-3783,Gachibowli,Hyderabad,Maharashtra,Elite,Female,"USB Flash Drive","Electronic accessories",90.02,11,50.5900,1529.8000,"2026-05-19 17:54:04",16:08:00,"Credit card",1011.77,4.761904716,72.8600,6.8,Evening,Tuesday,May,Good
448-81-5016,"Hitech City",Hyderabad,Maharashtra,Elite,Male,"Lip Balm","Health and beauty",59.77,2,8.6000,180.7400,"2026-08-03 16:57:50",12:01:00,"Credit card",172.14,4.761904716,8.6000,5.8,Afternoon,Monday,August,Bad
449-16-6770,Kharadi,Pune,Telangana,Prime,Male,"Body Lotion","Health and beauty",50.79,9,18.7500,393.6200,"2026-10-08 17:12:18",14:53:00,Cash,462.82,4.761904716,18.7500,5.3,Afternoon,Thursday,October,Bad
449-27-2918,Baner,Pune,Maharashtra,Elite,Female,"Gym Bag","Sports and travel",39.12,1,1.8300,31.2000,"2026-04-13 06:13:10",11:02:00,"Credit card",45.29,4.761904716,1.4900,9.6,Morning,Monday,April,Bad
450-28-2866,Saket,Delhi,Maharashtra,Prime,Male,"Lay's Chips","Food and beverages",17.44,10,10.3600,313.0700,"2026-06-14 11:19:34",19:25:00,Cash,122.51,4.761904716,14.9100,8.1,Evening,Sunday,June,Bad
450-42-3339,Kharadi,Pune,Telangana,Basic,Male,"Face Wash","Health and beauty",84.61,13,44.5400,1347.0900,"2026-01-04 15:13:19",18:58:00,"Credit card",846.10,4.761904716,64.1300,8.8,Evening,Sunday,January,Good
451-28-5717,Kharadi,Pune,Maharashtra,Basic,Female,"Table Lamp","Home and lifestyle",83.17,8,26.2700,446.9000,"2026-02-21 19:16:57",11:23:00,Cash,499.02,4.761904716,21.2800,7.3,Morning,Saturday,February,Good
451-73-2711,Gachibowli,Hyderabad,Karnataka,Elite,Male,"Oreo Biscuits","Food and beverages",84.83,1,6.1100,128.2700,"2026-08-05 13:22:23",15:20:00,Ewallet,122.16,4.761904716,6.1100,8.8,Afternoon,Wednesday,August,Bad
452-04-8808,Hinjawadi,Pune,Telangana,Elite,Male,"Power Bank","Electronic accessories",87.08,7,24.0600,703.8300,"2026-01-03 08:32:41",15:17:00,Cash,457.17,4.761904716,33.5000,7.5,Afternoon,Saturday,January,Good
453-12-7053,Gachibowli,Hyderabad,Karnataka,Basic,Male,"Baseball Cap","Fashion accessories",45.74,13,27.3400,827.1800,"2026-10-06 17:59:31",17:38:00,"Credit card",547.06,4.761904716,39.4400,6.5,Evening,Tuesday,October,Bad
453-33-6436,"Banjara Hills",Hyderabad,Delhi,Elite,Female,"Coffee Mug","Home and lifestyle",93.12,26,119.3900,2030.8600,"2026-06-17 00:56:57",10:09:00,Cash,2387.87,4.761904716,96.7100,6.8,Morning,Wednesday,June,Good
453-63-6187,"Hitech City",Hyderabad,Maharashtra,Elite,Male,"Bluetooth Speaker","Electronic accessories",27.50,11,15.7300,459.9800,"2026-10-28 00:06:33",15:40:00,Ewallet,314.63,4.761904716,21.8900,6.5,Afternoon,Wednesday,October,Bad
457-12-0244,Koramangala,Bangalore,Telangana,Prime,Female,"Travel Backpack","Sports and travel",35.22,17,44.4700,934.0000,"2026-07-20 17:32:00",13:49:00,Ewallet,617.73,4.761904716,44.4700,6.5,Afternoon,Monday,July,Bad
457-13-1708,"Hitech City",Hyderabad,Karnataka,Basic,Male,"Baseball Cap","Fashion accessories",65.23,13,42.4000,1282.1600,"2026-01-03 20:09:01",19:07:00,"Credit card",652.30,4.761904716,61.0600,5.2,Evening,Saturday,January,Good
457-94-0464,Baner,Pune,Karnataka,Prime,Male,"Power Bank","Electronic accessories",87.87,9,36.1500,1522.1500,"2026-03-07 09:03:29",20:32:00,Cash,686.62,4.761904716,72.5100,7.8,Evening,Saturday,March,Good
458-10-8612,Hinjawadi,Pune,Karnataka,Prime,Male,"Lip Balm","Health and beauty",64.08,15,39.8800,837.4800,"2026-05-08 14:45:14",12:27:00,Ewallet,984.69,4.761904716,39.8800,7.6,Afternoon,Friday,May,Good
458-41-1477,Rohini,Delhi,Telangana,Prime,Female,Shampoo,"Health and beauty",46.26,8,23.4500,938.0000,"2026-01-10 06:47:57",17:11:00,"Credit card",277.56,4.761904716,44.6700,9.5,Evening,Saturday,January,Bad
458-61-0011,Rohini,Delhi,Telangana,Basic,Male,"Tropicana Juice","Food and beverages",60.30,4,22.0400,666.0800,"2026-05-05 20:24:04",18:43:00,UPI,338.87,4.761904716,31.7300,5.8,Evening,Tuesday,May,Bad
459-45-2396,"Banjara Hills",Hyderabad,Maharashtra,Prime,Female,"Nescafe Coffee","Food and beverages",99.60,4,20.7600,627.5900,"2026-03-26 14:25:46",18:45:00,Cash,415.08,4.761904716,29.9000,5.8,Evening,Thursday,March,Bad
459-50-7686,Saket,Delhi,Delhi,Prime,Female,"Mechanical Keyboard","Electronic accessories",23.46,8,13.7700,416.3900,"2026-04-26 18:33:08",19:14:00,UPI,162.95,4.761904716,19.8300,6.6,Evening,Sunday,April,Bad
460-35-4390,Kharadi,Pune,Delhi,Prime,Male,Bedsheet,"Home and lifestyle",30.68,5,6.8000,115.5600,"2026-12-02 06:37:44",11:00:00,Cash,167.74,4.761904716,5.5000,9.1,Morning,Wednesday,December,Bad
460-93-5834,Saket,Delhi,Karnataka,Prime,Male,"Yoga Mat","Sports and travel",45.58,26,78.8100,1340.5700,"2026-08-16 06:58:49",10:03:00,Cash,932.67,4.761904716,63.8300,5.0,Morning,Sunday,August,Good
462-67-9126,Hinjawadi,Pune,Maharashtra,Prime,Male,"Coffee Mug","Home and lifestyle",73.22,10,33.2900,1007.2300,"2026-08-01 00:58:04",17:44:00,Cash,632.62,4.761904716,47.9600,7.2,Evening,Saturday,August,Good
462-78-5240,Kharadi,Pune,Telangana,Elite,Female,"USB Flash Drive","Electronic accessories",26.61,2,3.0200,63.5900,"2026-06-15 03:33:48",14:35:00,Cash,74.77,4.761904716,3.0200,7.4,Afternoon,Monday,June,Bad
466-61-5506,Gachibowli,Hyderabad,Delhi,Prime,Female,"Wireless Mouse","Electronic accessories",90.70,9,38.2400,650.2600,"2026-05-19 10:59:50",10:52:00,Cash,764.56,4.761904716,30.9700,6.8,Morning,Tuesday,May,Good
468-01-2051,Baner,Pune,Maharashtra,Prime,Male,"Tropicana Juice","Food and beverages",62.08,8,21.1100,443.5200,"2026-02-24 08:52:45",13:46:00,Cash,521.47,4.761904716,21.1100,5.4,Afternoon,Tuesday,February,Good
468-88-0009,Indiranagar,Bangalore,Delhi,Elite,Male,Bedsheet,"Home and lifestyle",65.94,14,60.8300,1035.4300,"2026-05-28 21:43:39",10:29:00,Cash,845.45,4.761904716,49.2800,6.0,Morning,Thursday,May,Bad
468-99-7231,Hinjawadi,Pune,Maharashtra,Basic,Female,"Wall Clock","Home and lifestyle",44.01,29,48.9700,1480.5200,"2026-04-26 20:54:50",17:36:00,Cash,929.88,4.761904716,70.5600,8.8,Evening,Sunday,April,Good
470-31-3286,Gachibowli,Hyderabad,Karnataka,Prime,Male,Sunscreen,"Health and beauty",14.82,5,4.8800,83.0200,"2026-05-28 09:48:56",11:30:00,"Credit card",97.61,4.761904716,3.9600,8.7,Morning,Thursday,May,Bad
470-32-9057,Powai,Mumbai,Maharashtra,Prime,Male,Coca-Cola,"Food and beverages",51.34,5,20.2400,425.0500,"2026-10-31 22:16:23",15:31:00,"Credit Card",239.54,4.761904716,20.2400,9.1,Afternoon,Saturday,October,Bad
471-06-8611,Baner,Pune,Maharashtra,Elite,Female,"Lay's Chips","Food and beverages",52.42,1,2.5600,43.3400,"2026-02-23 22:50:50",10:22:00,"Credit card",62.90,4.761904716,2.0700,6.3,Morning,Monday,February,Bad
471-41-2823,Hinjawadi,Pune,Telangana,Elite,Male,"Lay's Chips","Food and beverages",99.79,2,9.3500,282.9700,"2026-04-27 17:38:38",20:37:00,Cash,231.04,4.761904716,13.4800,8.0,Evening,Monday,April,Bad
472-15-9636,Indiranagar,Bangalore,Telangana,Prime,Male,"Wall Clock","Home and lifestyle",50.93,12,42.2500,1277.4200,"2026-09-21 09:36:35",19:36:00,UPI,586.72,4.761904716,60.8400,9.2,Evening,Monday,September,Good
474-33-8305,Rohini,Delhi,Delhi,Basic,Male,"Wrist Watch","Fashion accessories",67.39,28,122.2300,2567.1200,"2026-11-03 23:47:20",13:23:00,UPI,1880.66,4.761904716,122.2300,6.9,Afternoon,Tuesday,November,Good
477-24-6490,Andheri,Mumbai,Maharashtra,Basic,Female,Sunscreen,"Health and beauty",99.71,9,54.6300,2184.9100,"2026-06-10 05:30:16",16:52:00,Ewallet,840.52,4.761904716,104.0400,7.9,Evening,Wednesday,June,Good
477-59-2456,"Banjara Hills",Hyderabad,Maharashtra,Elite,Female,"Wrist Watch","Fashion accessories",45.44,28,63.4100,1426.3600,"2026-10-29 10:29:04",11:15:00,Cash,1268.09,4.761904716,67.9500,9.2,Morning,Thursday,October,Good
478-06-7835,Gachibowli,Hyderabad,Maharashtra,Basic,Male,Sunglasses,"Fashion accessories",89.69,1,9.0400,153.7800,"2026-09-16 05:39:54",11:20:00,Ewallet,180.82,4.761904716,7.3200,4.9,Morning,Wednesday,September,Bad
479-26-8945,Hinjawadi,Pune,Karnataka,Elite,Female,Football,"Sports and travel",16.49,2,1.3300,22.7300,"2026-01-20 13:16:38",11:32:00,Cash,32.98,4.761904716,1.0800,4.6,Morning,Tuesday,January,Bad
480-63-2856,Andheri,Mumbai,Delhi,Elite,Male,"Oreo Biscuits","Food and beverages",19.25,12,14.4200,435.9000,"2026-08-11 09:17:06",18:37:00,Ewallet,221.76,4.761904716,20.7600,6.6,Evening,Tuesday,August,Bad
482-17-1179,"Hitech City",Hyderabad,Maharashtra,Prime,Male,"Bluetooth Speaker","Electronic accessories",11.94,3,1.7400,51.0700,"2026-02-08 08:55:10",12:47:00,"Credit card",26.87,4.761904716,2.4200,7.1,Afternoon,Sunday,February,Bad
483-71-1164,Andheri,Mumbai,Maharashtra,Basic,Female,Shampoo,"Health and beauty",81.30,8,45.6600,1825.9900,"2026-07-16 13:54:31",16:43:00,Ewallet,702.43,4.761904716,86.9500,5.3,Evening,Thursday,July,Good
484-22-8230,"Connaught Place",Delhi,Maharashtra,Elite,Female,Handbag,"Fashion accessories",51.89,7,27.3300,1093.0300,"2026-04-13 15:59:25",20:08:00,Cash,420.48,4.761904716,52.0400,4.5,Evening,Monday,April,Good
485-30-8700,Gachibowli,Hyderabad,Maharashtra,Elite,Female,"Yoga Mat","Sports and travel",33.26,10,15.1800,459.2400,"2026-06-28 10:38:26",16:10:00,"Credit card",233.64,4.761904716,21.8500,4.2,Evening,Sunday,June,Bad
487-79-6868,"Hitech City",Hyderabad,Maharashtra,Elite,Female,Bedsheet,"Home and lifestyle",12.29,16,10.0800,304.8000,"2026-10-02 10:15:34",19:28:00,"Credit card",201.58,4.761904716,14.5200,8.0,Evening,Friday,October,Bad
488-25-4221,Bandra,Mumbai,Telangana,Elite,Female,"Nescafe Coffee","Food and beverages",30.41,1,1.8500,31.3700,"2026-11-19 03:09:58",10:36:00,"Credit Card",28.38,4.761904716,1.5100,8.4,Morning,Thursday,November,Bad
489-64-4354,Indiranagar,Bangalore,Karnataka,Basic,Male,"Baseball Cap","Fashion accessories",16.28,1,1.1800,24.6100,"2026-01-05 15:49:18",15:36:00,UPI,16.28,4.761904716,1.1800,5.0,Afternoon,Monday,January,Bad
489-82-1237,Bandra,Mumbai,Karnataka,Elite,Female,"USB Flash Drive","Electronic accessories",93.88,7,49.4400,841.1100,"2026-04-07 08:07:12",11:51:00,"Credit Card",760.75,4.761904716,40.0500,6.7,Morning,Tuesday,April,Good
490-29-1201,"Banjara Hills",Hyderabad,Karnataka,Prime,Female,"Gym Bag","Sports and travel",15.34,1,1.4000,23.7800,"2026-11-26 11:53:01",11:09:00,Cash,27.96,4.761904716,1.1400,6.5,Morning,Thursday,November,Bad
490-95-0021,Powai,Mumbai,Telangana,Prime,Female,"Oreo Biscuits","Food and beverages",33.21,10,20.1400,422.9900,"2026-10-08 08:42:33",14:25:00,Ewallet,309.90,4.761904716,20.1400,6.0,Afternoon,Thursday,October,Good
491-38-3499,Baner,Pune,Telangana,Elite,Male,Sunglasses,"Fashion accessories",55.45,1,4.2100,127.1400,"2026-07-04 10:31:21",17:46:00,Cash,79.85,4.761904716,6.0700,4.9,Evening,Saturday,July,Bad
493-65-6248,Koramangala,Bangalore,Maharashtra,Basic,Female,"Gym Bag","Sports and travel",36.98,29,77.8400,2353.6600,"2026-09-04 01:32:41",19:48:00,UPI,1080.99,4.761904716,112.1000,7.0,Evening,Friday,September,Good
497-36-0989,Hinjawadi,Pune,Delhi,Basic,Male,"Wrist Watch","Fashion accessories",51.94,4,9.5000,199.4300,"2026-04-18 06:38:52",15:21:00,Cash,180.38,4.761904716,9.5000,7.9,Afternoon,Saturday,April,Bad
497-37-6538,Powai,Mumbai,Telangana,Elite,Male,"Cricket Bat","Sports and travel",58.91,20,78.3600,1645.4200,"2026-07-03 16:24:31",15:15:00,"Credit Card",1205.44,4.761904716,78.3600,9.7,Afternoon,Friday,July,Good
498-41-1961,Koramangala,Bangalore,Maharashtra,Basic,Male,"Body Lotion","Health and beauty",66.68,12,56.8600,1719.8400,"2026-11-29 11:56:03",18:01:00,Cash,607.62,4.761904716,81.8900,7.6,Evening,Sunday,November,Good
499-27-7781,Baner,Pune,Karnataka,Elite,Female,"Tropicana Juice","Food and beverages",53.21,8,20.9000,632.4100,"2026-10-04 07:04:25",16:45:00,Ewallet,397.20,4.761904716,30.1200,5.0,Evening,Sunday,October,Good
500-02-2261,Andheri,Mumbai,Maharashtra,Prime,Female,"Oreo Biscuits","Food and beverages",57.29,9,40.3400,1220.1700,"2026-03-15 02:59:29",17:04:00,"Credit Card",477.51,4.761904716,58.0800,5.9,Evening,Sunday,March,Good
501-61-1753,Koramangala,Bangalore,Maharashtra,Elite,Female,"Storage Basket","Home and lifestyle",63.15,6,27.2800,824.9600,"2026-01-07 17:10:28",20:24:00,Ewallet,378.90,4.761904716,39.2900,9.8,Evening,Wednesday,January,Good
502-05-1910,Indiranagar,Bangalore,Telangana,Prime,Male,Sunscreen,"Health and beauty",65.18,7,26.3600,797.0000,"2026-07-11 11:23:29",20:35:00,UPI,281.58,4.761904716,37.9700,6.3,Evening,Saturday,July,Bad
503-07-0930,Saket,Delhi,Karnataka,Prime,Male,Football,"Sports and travel",58.39,12,48.4200,1464.1700,"2026-10-20 13:52:01",19:49:00,"Credit card",744.92,4.761904716,69.7300,8.2,Evening,Tuesday,October,Good
503-21-4385,"Hitech City",Hyderabad,Karnataka,Prime,Male,Sunscreen,"Health and beauty",39.91,4,10.9200,229.6100,"2026-06-28 16:57:06",12:40:00,Ewallet,168.21,4.761904716,10.9200,9.3,Afternoon,Sunday,June,Bad
504-35-8843,Kharadi,Pune,Maharashtra,Prime,Male,"Yoga Mat","Sports and travel",42.47,1,2.2400,67.6100,"2026-01-25 05:16:49",16:57:00,Cash,42.47,4.761904716,3.2100,5.7,Evening,Sunday,January,Bad
505-02-0892,Andheri,Mumbai,Maharashtra,Prime,Male,"Body Lotion","Health and beauty",42.57,15,40.3500,847.2100,"2026-11-24 19:45:43",14:12:00,Ewallet,620.68,4.761904716,40.3500,5.6,Afternoon,Tuesday,November,Good
509-10-0516,Whitefield,Bangalore,Telangana,Basic,Male,"Coffee Mug","Home and lifestyle",45.97,14,42.4000,891.1900,"2026-06-05 15:57:16",12:02:00,Ewallet,589.38,4.761904716,42.4400,5.1,Afternoon,Friday,June,Bad
509-29-3912,"Hitech City",Hyderabad,Karnataka,Basic,Female,"Yoga Mat","Sports and travel",38.72,9,17.4240,365.9040,"2026-01-16 05:16:38",12:24:00,Ewallet,348.48,4.761904716,17.4240,4.2,Afternoon,Friday,January,Good
510-09-5628,Koramangala,Bangalore,Maharashtra,Basic,Female,"Wrist Watch","Fashion accessories",19.66,19,25.7900,1031.7500,"2026-12-21 04:40:52",18:20:00,UPI,358.30,4.761904716,49.1200,7.2,Evening,Monday,December,Bad
510-79-0415,"Banjara Hills",Hyderabad,Karnataka,Prime,Female,Football,"Sports and travel",23.08,6,6.9240,209.3800,"2026-01-23 17:26:41",19:20:00,Ewallet,138.48,4.761904716,9.9700,4.9,Evening,Friday,January,Bad
510-95-6347,Andheri,Mumbai,Maharashtra,Elite,Female,"Lay's Chips","Food and beverages",48.52,4,17.2900,522.5700,"2026-06-13 01:19:15",18:17:00,Ewallet,204.50,4.761904716,24.8700,4.0,Evening,Saturday,June,Bad
511-54-3087,"Hitech City",Hyderabad,Maharashtra,Elite,Male,Football,"Sports and travel",88.45,1,8.0600,243.7400,"2026-12-07 12:05:40",16:36:00,"Credit card",161.20,4.761904716,11.6000,9.5,Evening,Monday,December,Bad
512-91-0811,"Banjara Hills",Hyderabad,Karnataka,Elite,Male,Shampoo,"Health and beauty",89.75,1,8.4100,254.0500,"2026-09-20 01:54:25",20:05:00,"Credit card",129.24,4.761904716,12.1000,6.6,Evening,Sunday,September,Bad
512-98-1403,Saket,Delhi,Maharashtra,Elite,Female,"Mechanical Keyboard","Electronic accessories",26.48,2,4.4900,76.2600,"2026-03-30 23:23:08",10:40:00,Ewallet,68.97,4.761904716,3.6400,7.7,Morning,Monday,March,Bad
514-37-2845,Whitefield,Bangalore,Karnataka,Basic,Male,Handbag,"Fashion accessories",99.25,3,18.5800,390.1700,"2026-02-22 19:09:52",13:02:00,UPI,198.50,4.761904716,18.5800,9.0,Afternoon,Sunday,February,Bad
516-77-6464,Gachibowli,Hyderabad,Maharashtra,Basic,Female,"Lip Balm","Health and beauty",10.16,7,3.6600,101.5800,"2026-07-24 09:39:16",13:08:00,Ewallet,73.15,4.761904716,4.8400,4.1,Afternoon,Friday,July,Bad
518-17-2983,Hinjawadi,Pune,Delhi,Prime,Female,Sunglasses,"Fashion accessories",48.63,5,14.3900,399.6000,"2026-05-02 10:57:28",15:44:00,Ewallet,273.28,4.761904716,19.0200,7.6,Afternoon,Saturday,May,Bad
518-71-6847,"Connaught Place",Delhi,Maharashtra,Basic,Male,"Tropicana Juice","Food and beverages",26.60,6,12.0100,252.2000,"2026-04-14 01:18:29",15:10:00,Ewallet,184.76,4.761904716,12.0100,4.9,Afternoon,Tuesday,April,Bad
521-18-7827,Saket,Delhi,Maharashtra,Basic,Male,"Wall Clock","Home and lifestyle",39.39,16,41.0500,1240.9100,"2026-06-02 22:14:13",20:46:00,"Credit card",631.29,4.761904716,59.0900,8.7,Evening,Tuesday,June,Bad
522-57-8364,Andheri,Mumbai,Maharashtra,Basic,Male,"Baseball Cap","Fashion accessories",51.34,11,37.5100,638.0100,"2026-05-19 02:43:47",10:00:00,Ewallet,577.04,4.761904716,30.3800,7.6,Morning,Tuesday,May,Good
523-38-0215,Andheri,Mumbai,Delhi,Elite,Male,"Coffee Mug","Home and lifestyle",37.00,1,10.0400,210.4400,"2026-06-07 19:43:58",13:29:00,"Credit card",118.58,4.761904716,10.0400,7.9,Afternoon,Sunday,June,Bad
525-09-8450,Rohini,Delhi,Maharashtra,Elite,Male,"USB Flash Drive","Electronic accessories",72.13,52,232.4700,6796.5100,"2026-10-24 14:21:29",15:12:00,UPI,2750.75,4.761904716,323.6600,7.8,Afternoon,Saturday,October,Good
525-88-7307,"Banjara Hills",Hyderabad,Maharashtra,Prime,Male,"Cricket Bat","Sports and travel",75.82,1,11.0800,232.7300,"2026-07-21 23:12:34",13:19:00,Cash,221.65,4.761904716,11.0800,5.8,Afternoon,Tuesday,July,Bad
526-86-8552,"Hitech City",Hyderabad,Karnataka,Prime,Female,Bedsheet,"Home and lifestyle",21.82,17,16.4200,496.5000,"2026-03-07 23:45:37",17:36:00,Cash,252.60,4.761904716,23.6500,7.1,Evening,Saturday,March,Bad
527-09-6272,"Banjara Hills",Hyderabad,Telangana,Prime,Female,"Bluetooth Speaker","Electronic accessories",28.45,8,10.0000,169.9800,"2026-06-01 02:33:38",10:17:00,"Credit card",199.85,4.761904716,8.0900,7.5,Morning,Monday,June,Bad
528-14-9470,Gachibowli,Hyderabad,Maharashtra,Basic,Male,Shampoo,"Health and beauty",91.30,1,8.2500,173.4100,"2026-04-15 02:48:41",14:42:00,Ewallet,165.15,4.761904716,8.2500,9.2,Afternoon,Wednesday,April,Bad
528-87-5606,Indiranagar,Bangalore,Maharashtra,Elite,Female,"Power Bank","Electronic accessories",39.48,1,4.0900,123.7800,"2026-09-22 06:22:25",19:43:00,UPI,56.86,4.761904716,5.8900,7.5,Evening,Tuesday,September,Bad
529-56-3974,Baner,Pune,Telangana,Basic,Male,"Power Bank","Electronic accessories",25.51,3,3.1100,130.5000,"2026-02-27 23:47:48",17:03:00,Cash,76.53,4.761904716,6.2300,8.3,Evening,Friday,February,Bad
530-90-9855,"Banjara Hills",Hyderabad,Telangana,Basic,Male,"Wall Clock","Home and lifestyle",47.59,26,61.0200,1281.3400,"2026-06-26 10:46:22",14:47:00,Cash,1220.35,4.761904716,61.0200,5.7,Afternoon,Friday,June,Good
531-56-4728,Bandra,Mumbai,Delhi,Prime,Male,"Coffee Mug","Home and lifestyle",80.08,5,28.4700,597.6500,"2026-10-16 14:31:01",15:29:00,Cash,437.83,4.761904716,28.4700,5.4,Afternoon,Friday,October,Bad
531-80-1784,Andheri,Mumbai,Maharashtra,Prime,Male,"Bluetooth Speaker","Electronic accessories",26.02,10,17.0600,717.8400,"2026-08-27 10:52:02",17:38:00,"Credit Card",262.28,4.761904716,34.2000,6.9,Evening,Thursday,August,Bad
532-59-7201,Andheri,Mumbai,Maharashtra,Elite,Male,"Travel Backpack","Sports and travel",79.93,6,36.0900,757.8200,"2026-04-21 03:49:34",14:04:00,"Credit Card",555.18,4.761904716,36.0900,5.5,Afternoon,Tuesday,April,Good
533-33-5337,Koramangala,Bangalore,Maharashtra,Prime,Male,"Wireless Mouse","Electronic accessories",79.39,40,218.0200,9178.5600,"2026-11-20 22:53:31",20:24:00,Cash,3027.62,4.761904716,437.1100,6.7,Evening,Friday,November,Good
533-66-5566,Saket,Delhi,Telangana,Basic,Female,"Storage Basket","Home and lifestyle",51.07,7,23.2400,395.2600,"2026-02-10 16:30:42",11:42:00,UPI,357.49,4.761904716,18.8300,7.0,Morning,Tuesday,February,Good
534-01-4457,"Connaught Place",Delhi,Maharashtra,Elite,Male,"Nescafe Coffee","Food and beverages",81.71,7,38.2500,803.0500,"2026-02-10 11:41:39",14:36:00,UPI,588.31,4.761904716,38.2500,8.0,Afternoon,Tuesday,February,Good
534-53-3526,Kharadi,Pune,Telangana,Elite,Female,"Travel Backpack","Sports and travel",94.76,5,19.9600,603.4900,"2026-02-08 01:35:14",16:06:00,Cash,379.04,4.761904716,28.7300,7.8,Evening,Sunday,February,Good
537-72-0426,Kharadi,Pune,Maharashtra,Basic,Male,"Wrist Watch","Fashion accessories",70.99,10,28.7600,869.4400,"2026-01-06 20:54:37",16:28:00,Cash,709.90,4.761904716,41.4100,5.7,Evening,Tuesday,January,Good
538-22-0304,"Hitech City",Hyderabad,Karnataka,Basic,Male,"Power Bank","Electronic accessories",64.95,17,48.8700,2057.8000,"2026-04-25 23:00:51",18:27:00,Cash,751.88,4.761904716,98.0100,6.6,Evening,Saturday,April,Good
539-21-7227,Bandra,Mumbai,Telangana,Prime,Female,"Travel Backpack","Sports and travel",51.54,12,39.6800,1200.1100,"2026-11-07 09:04:39",17:45:00,"Credit Card",469.67,4.761904716,57.1200,4.2,Evening,Saturday,November,Bad
540-11-4336,"Banjara Hills",Hyderabad,Delhi,Basic,Male,"Lay's Chips","Food and beverages",24.94,12,15.7700,476.8000,"2026-05-04 13:20:40",16:49:00,"Credit card",315.36,4.761904716,22.7000,5.6,Evening,Monday,May,Bad
541-08-3113,Saket,Delhi,Maharashtra,Prime,Male,"Lay's Chips","Food and beverages",65.97,6,32.0100,967.9800,"2026-10-07 03:50:55",20:29:00,Cash,492.46,4.761904716,46.1000,8.4,Evening,Wednesday,October,Good
541-48-8554,"Connaught Place",Delhi,Maharashtra,Basic,Male,"Travel Backpack","Sports and travel",60.95,36,135.5000,2845.4500,"2026-07-04 01:01:35",12:08:00,UPI,1603.51,4.761904716,135.5300,6.0,Afternoon,Saturday,July,Good
541-89-9860,Whitefield,Bangalore,Delhi,Prime,Female,Handbag,"Fashion accessories",80.48,9,45.5800,1265.2800,"2026-09-13 08:51:58",12:31:00,UPI,486.75,4.761904716,60.2800,8.1,Afternoon,Sunday,September,Bad
542-41-0513,Andheri,Mumbai,Karnataka,Basic,Female,"Power Bank","Electronic accessories",57.49,14,56.9800,969.6200,"2026-10-01 15:13:09",11:57:00,Cash,876.99,4.761904716,46.1700,8.5,Morning,Thursday,October,Bad
544-32-5024,Hinjawadi,Pune,Karnataka,Prime,Female,"Oreo Biscuits","Food and beverages",49.79,3,7.5300,227.5900,"2026-12-04 17:22:16",19:16:00,Cash,185.85,4.761904716,10.8600,6.4,Evening,Friday,December,Bad
544-55-9589,Saket,Delhi,Maharashtra,Basic,Female,"Power Bank","Electronic accessories",21.43,40,53.1300,903.5900,"2026-11-04 01:04:51",11:51:00,Cash,817.27,4.761904716,43.0300,8.0,Morning,Wednesday,November,Bad
545-07-8534,Powai,Mumbai,Karnataka,Prime,Female,Shampoo,"Health and beauty",58.32,2,10.9200,303.2200,"2026-09-11 08:11:45",12:42:00,"Credit Card",167.96,4.761904716,14.4400,6.0,Afternoon,Friday,September,Bad
545-46-3100,Andheri,Mumbai,Maharashtra,Basic,Female,"USB Flash Drive","Electronic accessories",10.59,7,3.8700,81.1900,"2026-08-15 01:59:36",13:52:00,"Credit card",45.74,4.761904716,3.8700,8.1,Afternoon,Saturday,August,Bad
546-80-2899,"Hitech City",Hyderabad,Telangana,Basic,Male,"Table Lamp","Home and lifestyle",37.69,2,5.4200,113.9800,"2026-07-21 12:06:38",15:29:00,Ewallet,108.55,4.761904716,5.4200,9.5,Afternoon,Tuesday,July,Bad
548-46-9322,Andheri,Mumbai,Karnataka,Prime,Male,"Oreo Biscuits","Food and beverages",39.90,13,31.4700,660.6900,"2026-11-14 20:09:45",15:24:00,"Credit card",372.32,4.761904716,31.4700,5.9,Afternoon,Saturday,November,Good
548-48-3156,Kharadi,Pune,Maharashtra,Prime,Female,Coca-Cola,"Food and beverages",83.34,2,9.7200,204.1400,"2026-08-03 10:05:47",13:37:00,Cash,240.02,4.761904716,9.7200,7.6,Afternoon,Monday,August,Bad
549-03-9315,Indiranagar,Bangalore,Maharashtra,Basic,Male,"Leather Wallet","Fashion accessories",94.87,11,76.7600,1612.2400,"2026-05-04 10:22:06",12:58:00,UPI,1066.28,4.761904716,76.7600,8.7,Afternoon,Monday,May,Good
549-23-9016,Hinjawadi,Pune,Delhi,Basic,Female,"Tropicana Juice","Food and beverages",14.87,3,1.8700,56.8000,"2026-02-22 10:07:49",18:15:00,Cash,35.69,4.761904716,2.7000,8.9,Evening,Sunday,February,Bad
549-59-1358,"Connaught Place",Delhi,Telangana,Elite,Male,"Gym Bag","Sports and travel",88.63,12,65.6800,1986.1000,"2026-09-06 03:09:49",17:36:00,Ewallet,777.26,4.761904716,94.5600,6.0,Evening,Sunday,September,Bad
549-84-7482,"Hitech City",Hyderabad,Maharashtra,Elite,Female,"Travel Backpack","Sports and travel",90.28,36,154.4000,2626.0800,"2026-08-15 16:56:17",11:15:00,Ewallet,2375.17,4.761904716,125.0600,7.2,Morning,Saturday,August,Good
549-96-4200,Gachibowli,Hyderabad,Karnataka,Prime,Male,Coca-Cola,"Food and beverages",17.04,6,4.9100,148.4000,"2026-09-01 05:21:10",20:15:00,Ewallet,98.15,4.761904716,7.0700,7.0,Evening,Tuesday,September,Bad
550-84-8664,"Connaught Place",Delhi,Maharashtra,Prime,Male,"Cricket Bat","Sports and travel",85.91,5,27.9200,586.3400,"2026-02-10 21:15:47",14:33:00,UPI,429.55,4.761904716,27.9200,8.6,Afternoon,Tuesday,February,Good
551-21-3069,Powai,Mumbai,Delhi,Elite,Female,"Power Bank","Electronic accessories",23.07,7,10.1300,172.1800,"2026-02-05 19:49:16",11:27:00,Cash,155.72,4.761904716,8.2000,8.0,Morning,Thursday,February,Bad
552-44-5977,Kharadi,Pune,Maharashtra,Prime,Male,Sunscreen,"Health and beauty",62.00,15,36.6100,1107.0800,"2026-11-03 17:14:04",19:08:00,Cash,903.96,4.761904716,52.7300,6.2,Evening,Tuesday,November,Good
554-42-2417,"Banjara Hills",Hyderabad,Maharashtra,Elite,Female,Football,"Sports and travel",95.44,10,47.7200,1002.1200,"2026-01-27 05:03:58",13:45:00,Cash,954.40,4.761904716,47.7200,5.2,Afternoon,Tuesday,January,Good
554-53-3790,Kharadi,Pune,Karnataka,Prime,Male,"Yoga Mat","Sports and travel",37.02,11,16.3900,495.7800,"2026-11-02 13:08:52",18:33:00,Cash,404.81,4.761904716,23.6000,4.5,Evening,Monday,November,Bad
554-53-8700,Saket,Delhi,Telangana,Elite,Male,Bedsheet,"Home and lifestyle",56.11,2,8.4400,143.6400,"2026-03-26 12:12:54",10:11:00,UPI,129.91,4.761904716,6.8500,6.3,Morning,Thursday,March,Bad
556-41-6224,Whitefield,Bangalore,Maharashtra,Prime,Male,Sunscreen,"Health and beauty",33.64,20,45.9200,1388.3000,"2026-11-08 17:45:14",17:10:00,UPI,490.47,4.761904716,66.1200,9.3,Evening,Sunday,November,Bad
556-72-8512,"Hitech City",Hyderabad,Karnataka,Elite,Male,"Coffee Mug","Home and lifestyle",22.96,1,1.1480,34.7200,"2026-02-20 11:23:28",20:47:00,Cash,22.96,4.761904716,1.6600,4.3,Evening,Friday,February,Bad
556-86-3144,Whitefield,Bangalore,Telangana,Basic,Female,"Baseball Cap","Fashion accessories",74.29,1,9.7300,389.8700,"2026-12-16 08:38:45",19:30:00,UPI,135.39,4.761904716,18.5400,5.0,Evening,Wednesday,December,Bad
556-97-7101,Hinjawadi,Pune,Maharashtra,Elite,Female,"Power Bank","Electronic accessories",63.22,10,25.3900,533.1300,"2026-12-06 13:45:06",15:51:00,Cash,482.17,4.761904716,25.3900,7.4,Afternoon,Sunday,December,Bad
558-60-5016,"Banjara Hills",Hyderabad,Delhi,Elite,Female,"Coffee Mug","Home and lifestyle",33.30,9,14.9850,314.6850,"2026-01-27 15:28:21",15:27:00,Ewallet,299.70,4.761904716,14.9850,7.2,Afternoon,Tuesday,January,Bad
558-80-4082,Hinjawadi,Pune,Karnataka,Elite,Male,"Wireless Mouse","Electronic accessories",27.85,5,5.9200,249.3300,"2026-01-02 02:12:43",17:20:00,Ewallet,146.21,4.761904716,11.8800,8.2,Evening,Friday,January,Bad
559-61-5987,Rohini,Delhi,Maharashtra,Basic,Female,"Body Lotion","Health and beauty",17.75,1,1.6100,36.4600,"2026-06-12 22:46:35",10:38:00,UPI,24.94,4.761904716,1.7100,8.6,Morning,Friday,June,Bad
559-98-9873,"Connaught Place",Delhi,Telangana,Prime,Female,"Baseball Cap","Fashion accessories",53.65,13,44.5800,1238.2200,"2026-05-30 04:50:38",12:56:00,UPI,527.62,4.761904716,58.9500,5.2,Afternoon,Saturday,May,Good
560-30-5617,Gachibowli,Hyderabad,Telangana,Prime,Female,"Cricket Bat","Sports and travel",24.77,9,11.2900,341.2800,"2026-10-12 07:02:52",18:27:00,Cash,225.72,4.761904716,16.2500,8.5,Evening,Monday,October,Bad
560-49-6611,"Hitech City",Hyderabad,Maharashtra,Basic,Female,"Gym Bag","Sports and travel",45.58,1,2.2790,47.8590,"2026-02-17 18:18:54",14:13:00,Cash,45.58,4.761904716,2.2790,9.8,Afternoon,Tuesday,February,Bad
562-12-5430,"Hitech City",Hyderabad,Maharashtra,Basic,Female,"Baseball Cap","Fashion accessories",88.15,4,24.1500,543.2500,"2026-06-06 20:33:14",10:11:00,Ewallet,371.53,4.761904716,25.8800,7.9,Morning,Saturday,June,Bad
563-36-9814,Bandra,Mumbai,Karnataka,Prime,Male,"Bluetooth Speaker","Electronic accessories",76.82,2,19.0600,801.7600,"2026-12-30 09:41:20",18:27:00,"Credit Card",292.97,4.761904716,38.2100,8.2,Evening,Wednesday,December,Bad
563-47-4072,"Hitech City",Hyderabad,Delhi,Prime,Female,"Face Wash","Health and beauty",55.81,6,16.7430,376.6500,"2026-01-13 23:06:26",11:52:00,Cash,334.86,4.761904716,17.9400,9.9,Morning,Tuesday,January,Good
563-91-7120,"Connaught Place",Delhi,Karnataka,Elite,Female,"Baseball Cap","Fashion accessories",61.77,10,40.4800,1123.9900,"2026-09-17 15:50:08",13:21:00,Cash,622.64,4.761904716,53.5200,6.7,Afternoon,Thursday,September,Good
565-17-3836,Rohini,Delhi,Maharashtra,Basic,Female,"Body Lotion","Health and beauty",47.67,6,22.4200,622.6300,"2026-03-04 20:54:44",14:21:00,UPI,344.89,4.761904716,29.6600,9.1,Afternoon,Wednesday,March,Bad
565-67-6697,Indiranagar,Bangalore,Karnataka,Basic,Male,"Coffee Mug","Home and lifestyle",27.00,16,31.8800,669.6100,"2026-11-05 14:48:57",14:16:00,Cash,442.87,4.761904716,31.8800,4.8,Afternoon,Thursday,November,Bad
565-80-5980,Kharadi,Pune,Maharashtra,Elite,Female,Bedsheet,"Home and lifestyle",47.38,8,14.3700,244.4300,"2026-07-19 21:17:22",10:25:00,Cash,272.90,4.761904716,11.6500,7.1,Morning,Sunday,July,Bad
565-91-4567,Hinjawadi,Pune,Maharashtra,Elite,Male,"Face Wash","Health and beauty",10.75,20,8.2500,173.3000,"2026-10-17 07:09:35",14:38:00,Cash,156.74,4.761904716,8.2600,6.2,Afternoon,Saturday,October,Bad
566-19-5475,Indiranagar,Bangalore,Delhi,Prime,Male,"Baseball Cap","Fashion accessories",47.97,7,24.1800,731.1100,"2026-02-12 16:25:58",20:52:00,Cash,335.79,4.761904716,34.8200,6.2,Evening,Thursday,February,Good
566-71-1091,"Connaught Place",Delhi,Karnataka,Prime,Male,Sunglasses,"Fashion accessories",77.02,5,25.0300,525.6600,"2026-01-28 07:47:06",15:59:00,UPI,385.10,4.761904716,25.0300,5.5,Afternoon,Wednesday,January,Good
568-88-3448,Powai,Mumbai,Maharashtra,Prime,Male,"Body Lotion","Health and beauty",25.00,1,3.5800,74.9200,"2026-05-25 00:01:16",15:09:00,Ewallet,54.88,4.761904716,3.5800,5.5,Afternoon,Monday,May,Bad
568-90-5112,Saket,Delhi,Karnataka,Elite,Male,Sunscreen,"Health and beauty",66.14,7,31.3400,658.1400,"2026-10-27 02:20:21",12:46:00,"Credit card",482.17,4.761904716,31.3400,5.6,Afternoon,Tuesday,October,Bad
569-71-4390,"Banjara Hills",Hyderabad,Karnataka,Elite,Male,"Gym Bag","Sports and travel",21.87,3,2.8400,59.7100,"2026-01-10 20:15:25",14:29:00,Ewallet,43.74,4.761904716,2.8400,6.9,Afternoon,Saturday,January,Bad
569-76-2760,Rohini,Delhi,Delhi,Basic,Female,"Yoga Mat","Sports and travel",22.01,4,5.7200,173.0500,"2026-02-20 03:49:44",18:15:00,UPI,88.04,4.761904716,8.2300,6.6,Evening,Friday,February,Bad
571-94-0759,Bandra,Mumbai,Maharashtra,Prime,Female,"Lay's Chips","Food and beverages",74.60,13,68.1200,2060.1000,"2026-05-20 10:26:18",20:55:00,Cash,1048.07,4.761904716,98.1200,9.5,Evening,Wednesday,May,Good
573-10-3877,Hinjawadi,Pune,Telangana,Basic,Male,"Face Wash","Health and beauty",39.01,1,2.0500,62.1000,"2026-01-10 19:52:02",16:46:00,Cash,39.01,4.761904716,2.9600,4.7,Evening,Saturday,January,Bad
573-58-9734,Powai,Mumbai,Karnataka,Prime,Female,"Baseball Cap","Fashion accessories",30.37,3,5.9200,164.4800,"2026-01-22 19:32:00",13:41:00,"Credit Card",91.11,4.761904716,7.8300,5.1,Afternoon,Thursday,January,Bad
573-98-8548,Koramangala,Bangalore,Delhi,Basic,Female,Sunglasses,"Fashion accessories",31.90,1,11.8800,330.6400,"2026-11-22 00:19:51",12:40:00,UPI,127.20,4.761904716,15.7000,9.1,Afternoon,Sunday,November,Bad
574-22-5561,Hinjawadi,Pune,Maharashtra,Prime,Female,Handbag,"Fashion accessories",82.63,13,47.0200,1880.3100,"2026-05-25 22:29:15",17:08:00,Ewallet,1160.90,4.761904716,89.5400,7.9,Evening,Monday,May,Good
574-31-8277,Gachibowli,Hyderabad,Karnataka,Prime,Male,"Leather Wallet","Fashion accessories",33.63,1,2.4200,73.2100,"2026-07-01 16:17:09",19:55:00,Cash,48.43,4.761904716,3.4800,5.6,Evening,Wednesday,July,Bad
574-57-9721,Andheri,Mumbai,Karnataka,Prime,Male,"Nescafe Coffee","Food and beverages",43.27,2,5.2500,158.7100,"2026-11-25 11:02:35",16:53:00,"Credit Card",80.75,4.761904716,7.5700,5.7,Evening,Wednesday,November,Bad
574-80-1489,Baner,Pune,Maharashtra,Prime,Female,Coca-Cola,"Food and beverages",62.85,8,19.0400,400.2600,"2026-08-09 15:14:43",13:22:00,Ewallet,362.02,4.761904716,19.0500,8.7,Afternoon,Sunday,August,Bad
575-30-8091,Indiranagar,Bangalore,Maharashtra,Elite,Male,"Yoga Mat","Sports and travel",72.50,11,58.6800,1774.1800,"2026-05-14 22:16:27",19:25:00,Ewallet,814.86,4.761904716,84.5000,9.2,Evening,Thursday,May,Good
575-67-1508,Rohini,Delhi,Karnataka,Basic,Male,"Mechanical Keyboard","Electronic accessories",38.60,1,3.6100,85.5900,"2026-07-17 22:00:19",11:26:00,Ewallet,55.58,4.761904716,4.0900,8.0,Morning,Friday,July,Bad
576-31-4774,"Hitech City",Hyderabad,Karnataka,Basic,Female,Shampoo,"Health and beauty",73.41,5,20.0700,557.3600,"2026-12-18 01:38:07",13:10:00,Ewallet,401.37,4.761904716,26.5500,4.0,Afternoon,Friday,December,Bad
577-34-7579,"Hitech City",Hyderabad,Delhi,Elite,Male,"Nescafe Coffee","Food and beverages",50.49,16,41.5000,1254.8800,"2026-06-14 01:01:25",17:16:00,Cash,638.41,4.761904716,59.7500,5.4,Evening,Sunday,June,Good
578-80-7669,Saket,Delhi,Telangana,Elite,Male,"Yoga Mat","Sports and travel",74.97,1,8.8800,268.5600,"2026-11-12 04:43:58",16:58:00,Cash,136.63,4.761904716,12.7800,5.6,Evening,Thursday,November,Bad
582-52-8065,Andheri,Mumbai,Maharashtra,Basic,Female,"Leather Wallet","Fashion accessories",54.31,16,58.0200,1305.3800,"2026-05-23 08:42:47",10:49:00,Cash,686.71,4.761904716,62.1500,8.9,Morning,Saturday,May,Good
583-41-4548,Rohini,Delhi,Karnataka,Prime,Male,"Coffee Mug","Home and lifestyle",16.67,13,14.2000,241.5400,"2026-08-23 02:57:18",11:36:00,UPI,168.04,4.761904716,11.5100,7.4,Morning,Sunday,August,Bad
583-72-1480,Koramangala,Bangalore,Maharashtra,Prime,Male,"Bluetooth Speaker","Electronic accessories",37.06,6,15.3600,647.1600,"2026-09-09 01:43:49",16:24:00,UPI,213.47,4.761904716,30.7900,6.9,Evening,Wednesday,September,Bad
584-66-4073,Indiranagar,Bangalore,Karnataka,Prime,Male,"Baseball Cap","Fashion accessories",56.50,1,6.1400,128.5600,"2026-04-18 06:16:52",15:45:00,UPI,65.42,4.761904716,6.1400,9.6,Afternoon,Saturday,April,Bad
584-86-7256,"Connaught Place",Delhi,Karnataka,Basic,Male,"Gym Bag","Sports and travel",34.56,10,22.1000,668.0800,"2026-06-03 07:46:15",16:07:00,"Credit card",339.88,4.761904716,31.8200,7.3,Evening,Wednesday,June,Bad
585-03-5943,Powai,Mumbai,Maharashtra,Elite,Male,"Lip Balm","Health and beauty",18.11,30,33.5800,571.4000,"2026-05-10 19:06:59",11:46:00,"Credit Card",397.55,4.761904716,27.2100,5.9,Morning,Sunday,May,Bad
585-11-6748,Andheri,Mumbai,Delhi,Elite,Male,Football,"Sports and travel",96.80,5,34.4000,722.4200,"2026-12-03 05:16:31",13:05:00,Cash,529.25,4.761904716,34.4000,5.3,Afternoon,Thursday,December,Bad
585-86-8361,Indiranagar,Bangalore,Telangana,Basic,Female,"Nescafe Coffee","Food and beverages",27.28,10,17.9400,305.1000,"2026-05-02 00:10:59",10:31:00,"Credit card",191.63,4.761904716,14.5300,8.6,Morning,Saturday,May,Bad
585-90-0249,Rohini,Delhi,Delhi,Basic,Male,"USB Flash Drive","Electronic accessories",73.26,1,3.5800,150.3800,"2026-01-14 04:00:07",18:08:00,Ewallet,54.95,4.761904716,7.1600,8.1,Evening,Wednesday,January,Bad
586-25-0848,"Connaught Place",Delhi,Karnataka,Elite,Female,"Cricket Bat","Sports and travel",12.34,26,21.3500,362.9600,"2026-09-20 02:23:31",11:19:00,UPI,252.50,4.761904716,17.2900,6.7,Morning,Sunday,September,Bad
587-03-7455,Saket,Delhi,Karnataka,Basic,Female,"Wrist Watch","Fashion accessories",97.79,10,62.5000,2500.0000,"2026-05-04 09:25:56",17:30:00,UPI,961.71,4.761904716,119.0500,4.9,Evening,Monday,May,Good
587-73-4862,Whitefield,Bangalore,Telangana,Basic,Female,Shampoo,"Health and beauty",10.69,12,9.1300,205.1300,"2026-12-13 13:41:01",11:07:00,UPI,97.42,4.761904716,9.7800,7.6,Morning,Sunday,December,Bad
588-01-7461,Saket,Delhi,Telangana,Basic,Female,"Lay's Chips","Food and beverages",33.98,11,23.8600,405.7600,"2026-01-01 07:06:05",10:43:00,Cash,366.98,4.761904716,19.3300,4.2,Morning,Thursday,January,Bad
588-47-8641,Indiranagar,Bangalore,Karnataka,Elite,Male,"Leather Wallet","Fashion accessories",56.04,13,56.6900,1714.2400,"2026-06-23 11:46:26",19:30:00,UPI,787.33,4.761904716,81.6200,4.4,Evening,Tuesday,June,Good
589-02-8023,Indiranagar,Bangalore,Karnataka,Prime,Male,"Tropicana Juice","Food and beverages",83.77,3,18.8100,320.1000,"2026-01-10 15:47:33",10:54:00,UPI,201.05,4.761904716,15.2400,7.0,Morning,Saturday,January,Bad
590-83-4591,Powai,Mumbai,Maharashtra,Basic,Male,"Bluetooth Speaker","Electronic accessories",87.45,5,29.6000,865.8400,"2026-03-19 02:05:33",14:40:00,"Credit Card",455.56,4.761904716,41.2300,7.3,Afternoon,Thursday,March,Good
592-34-6155,Powai,Mumbai,Maharashtra,Prime,Male,Coca-Cola,"Food and beverages",31.77,3,7.7100,161.8600,"2026-10-19 17:37:34",14:43:00,"Credit Card",118.58,4.761904716,7.7100,6.2,Afternoon,Monday,October,Bad
592-46-1692,Whitefield,Bangalore,Karnataka,Prime,Female,"Tropicana Juice","Food and beverages",36.77,9,27.8700,843.3400,"2026-04-11 04:04:04",20:10:00,UPI,297.96,4.761904716,40.1400,7.4,Evening,Saturday,April,Bad
593-08-5916,Powai,Mumbai,Karnataka,Basic,Female,"Baseball Cap","Fashion accessories",15.50,1,1.0100,27.9900,"2026-01-09 14:39:05",15:23:00,"Credit card",15.50,4.761904716,1.3300,7.4,Afternoon,Friday,January,Bad
593-14-4239,Baner,Pune,Maharashtra,Elite,Female,Bedsheet,"Home and lifestyle",95.46,15,56.3700,1704.5800,"2026-12-25 01:46:08",19:40:00,Ewallet,1391.81,4.761904716,81.1800,4.7,Evening,Friday,December,Good
593-65-1552,"Connaught Place",Delhi,Karnataka,Basic,Female,Bedsheet,"Home and lifestyle",69.81,14,58.1600,1759.3300,"2026-06-05 21:44:43",20:50:00,UPI,895.05,4.761904716,83.8100,5.9,Evening,Friday,June,Bad
593-95-4461,Andheri,Mumbai,Maharashtra,Prime,Male,"Table Lamp","Home and lifestyle",74.86,1,12.8700,269.8500,"2026-04-03 13:14:38",14:49:00,"Credit Card",197.72,4.761904716,12.8700,6.9,Afternoon,Friday,April,Bad
594-34-4444,"Banjara Hills",Hyderabad,Karnataka,Elite,Male,"Wireless Mouse","Electronic accessories",97.16,2,18.5400,780.0300,"2026-12-30 07:55:36",20:38:00,Ewallet,370.54,4.761904716,37.1600,7.6,Evening,Wednesday,December,Bad
595-11-5460,Gachibowli,Hyderabad,Maharashtra,Basic,Male,"Face Wash","Health and beauty",96.58,3,18.0800,307.5400,"2026-08-29 07:24:41",10:12:00,"Credit card",278.15,4.761904716,14.6500,5.1,Morning,Saturday,August,Bad
595-27-4851,Gachibowli,Hyderabad,Telangana,Basic,Female,"Wrist Watch","Fashion accessories",54.28,13,35.5700,1422.3100,"2026-07-25 21:28:40",18:05:00,Ewallet,547.14,4.761904716,67.7200,9.3,Evening,Saturday,July,Good
595-86-2894,Saket,Delhi,Telangana,Basic,Male,"Wrist Watch","Fashion accessories",96.98,15,100.5000,3039.9000,"2026-10-13 05:22:28",17:20:00,UPI,1546.55,4.761904716,144.7800,9.4,Evening,Tuesday,October,Good
595-94-9924,"Banjara Hills",Hyderabad,Delhi,Basic,Female,"Body Lotion","Health and beauty",27.73,12,16.4300,656.8900,"2026-10-10 04:48:58",20:21:00,"Credit card",252.69,4.761904716,31.2800,4.2,Evening,Saturday,October,Bad
596-42-3999,Powai,Mumbai,Maharashtra,Elite,Male,"Lay's Chips","Food and beverages",18.22,13,15.5100,325.9000,"2026-09-06 19:08:24",14:04:00,"Credit Card",183.66,4.761904716,15.5100,6.6,Afternoon,Sunday,September,Bad
597-78-7908,Whitefield,Bangalore,Delhi,Elite,Male,Sunglasses,"Fashion accessories",90.22,7,46.1600,1396.2000,"2026-12-12 08:18:55",19:39:00,UPI,493.28,4.761904716,66.4700,6.2,Evening,Saturday,December,Bad
598-06-7312,"Banjara Hills",Hyderabad,Karnataka,Basic,Male,"Wrist Watch","Fashion accessories",91.35,1,23.6700,497.1500,"2026-11-21 09:43:54",15:42:00,Cash,364.21,4.761904716,23.6700,6.8,Afternoon,Saturday,November,Bad
598-47-9715,Powai,Mumbai,Telangana,Basic,Male,"USB Flash Drive","Electronic accessories",84.07,4,30.7100,1293.0400,"2026-05-12 14:04:03",16:54:00,Ewallet,472.45,4.761904716,61.5800,7.4,Evening,Tuesday,May,Good
600-38-9738,"Hitech City",Hyderabad,Telangana,Prime,Male,"Travel Backpack","Sports and travel",71.92,9,32.7600,688.1400,"2026-11-06 11:42:01",15:05:00,"Credit card",655.37,4.761904716,32.7600,4.3,Afternoon,Friday,November,Good
602-16-6955,"Connaught Place",Delhi,Maharashtra,Basic,Female,"Travel Backpack","Sports and travel",76.60,25,117.9600,3567.2700,"2026-11-21 23:41:49",18:10:00,Ewallet,1396.04,4.761904716,169.8800,6.0,Evening,Saturday,November,Good
602-80-9671,Rohini,Delhi,Delhi,Prime,Female,"Table Lamp","Home and lifestyle",15.95,18,16.4300,496.8100,"2026-04-08 08:56:30",17:15:00,UPI,252.76,4.761904716,23.6600,5.1,Evening,Wednesday,April,Bad
603-07-0961,Powai,Mumbai,Maharashtra,Basic,Male,"Wireless Mouse","Electronic accessories",74.79,4,18.2300,431.7900,"2026-01-23 04:37:04",11:34:00,"Credit Card",280.46,4.761904716,20.5600,8.0,Morning,Friday,January,Good
604-70-6476,Bandra,Mumbai,Telangana,Basic,Male,"Wrist Watch","Fashion accessories",17.94,27,30.2100,634.5600,"2026-10-11 07:15:52",14:04:00,"Credit Card",357.63,4.761904716,30.2100,6.8,Afternoon,Sunday,October,Bad
605-03-2706,Whitefield,Bangalore,Delhi,Prime,Female,Sunscreen,"Health and beauty",15.80,5,6.1800,246.9100,"2026-03-09 00:27:52",18:02:00,Cash,85.74,4.761904716,11.7500,9.5,Evening,Monday,March,Bad
605-72-4132,Gachibowli,Hyderabad,Maharashtra,Prime,Female,"Nescafe Coffee","Food and beverages",94.47,12,54.4200,1142.7100,"2026-07-17 15:26:42",15:12:00,Cash,1088.29,4.761904716,54.4200,9.1,Afternoon,Friday,July,Good
605-83-1050,Indiranagar,Bangalore,Delhi,Basic,Male,"Leather Wallet","Fashion accessories",27.18,2,5.6300,170.4400,"2026-08-06 01:16:44",16:26:00,UPI,78.28,4.761904716,8.1100,4.3,Evening,Thursday,August,Bad
606-80-4905,Andheri,Mumbai,Telangana,Prime,Female,Football,"Sports and travel",19.15,9,10.4800,178.4700,"2026-06-23 05:17:32",10:01:00,"Credit Card",161.43,4.761904716,8.5000,6.8,Morning,Tuesday,June,Bad
607-65-2441,Baner,Pune,Telangana,Basic,Male,"Body Lotion","Health and beauty",81.95,14,47.7900,1003.6500,"2026-09-04 17:02:38",12:39:00,"Credit card",1180.08,4.761904716,47.7900,6.0,Afternoon,Friday,September,Good
607-76-6216,Hinjawadi,Pune,Delhi,Basic,Female,"Baseball Cap","Fashion accessories",92.49,9,35.0700,1402.2000,"2026-07-12 12:12:11",16:35:00,Cash,665.93,4.761904716,66.8200,8.6,Evening,Sunday,July,Good
608-04-3797,Powai,Mumbai,Maharashtra,Elite,Female,"Face Wash","Health and beauty",25.32,15,23.9900,959.6500,"2026-12-17 06:27:59",20:24:00,"Credit Card",369.17,4.761904716,45.6800,8.7,Evening,Thursday,December,Bad
608-05-3804,Bandra,Mumbai,Delhi,Prime,Male,"Mechanical Keyboard","Electronic accessories",39.75,1,4.7300,198.7100,"2026-06-21 13:02:05",20:19:00,"Credit Card",55.84,4.761904716,9.4800,7.3,Evening,Sunday,June,Bad
608-27-6295,Saket,Delhi,Karnataka,Prime,Male,"Wireless Mouse","Electronic accessories",52.89,6,23.8700,1005.4300,"2026-04-22 21:27:56",17:34:00,UPI,367.36,4.761904716,47.8700,8.0,Evening,Wednesday,April,Good
608-96-3517,Whitefield,Bangalore,Telangana,Basic,Female,Sunglasses,"Fashion accessories",91.54,6,37.9600,1518.2300,"2026-07-23 02:32:01",19:20:00,UPI,527.27,4.761904716,72.2700,4.8,Evening,Thursday,July,Good
609-81-8548,Saket,Delhi,Maharashtra,Elite,Female,"Storage Basket","Home and lifestyle",37.44,14,34.5900,726.4900,"2026-11-08 22:56:50",13:55:00,UPI,409.40,4.761904716,34.5900,5.9,Afternoon,Sunday,November,Bad
610-46-4100,Rohini,Delhi,Delhi,Basic,Male,Shampoo,"Health and beauty",28.95,14,30.9900,936.6900,"2026-03-21 05:11:53",20:31:00,UPI,366.55,4.761904716,44.6200,6.0,Evening,Saturday,March,Bad
612-36-5536,Andheri,Mumbai,Delhi,Elite,Male,"Lay's Chips","Food and beverages",80.96,14,76.8800,1307.8900,"2026-06-07 12:14:20",11:12:00,"Credit Card",909.94,4.761904716,62.3000,7.4,Morning,Sunday,June,Good
613-59-9758,Kharadi,Pune,Maharashtra,Basic,Female,"Gym Bag","Sports and travel",14.36,13,6.7400,141.3800,"2026-04-03 17:45:27",14:28:00,Cash,166.24,4.761904716,6.7400,5.4,Afternoon,Friday,April,Bad
616-24-2851,Hinjawadi,Pune,Maharashtra,Prime,Female,"Baseball Cap","Fashion accessories",17.87,7,5.2700,146.5200,"2026-12-09 11:14:43",14:42:00,Ewallet,130.28,4.761904716,6.9800,6.5,Afternoon,Wednesday,December,Bad
616-87-0016,Andheri,Mumbai,Karnataka,Elite,Male,"Baseball Cap","Fashion accessories",95.54,10,62.6100,1314.5500,"2026-07-13 05:50:28",14:36:00,"Credit card",963.05,4.761904716,62.6100,9.6,Afternoon,Monday,July,Good
617-15-4209,Rohini,Delhi,Karnataka,Elite,Male,"Lip Balm","Health and beauty",15.37,2,2.8700,87.0100,"2026-08-18 09:46:34",19:47:00,Cash,44.27,4.761904716,4.1400,7.2,Evening,Tuesday,August,Bad
618-34-8551,Andheri,Mumbai,Karnataka,Elite,Female,"Gym Bag","Sports and travel",93.18,2,12.1100,366.3000,"2026-02-26 13:10:42",18:41:00,"Credit card",186.36,4.761904716,17.4400,8.5,Evening,Thursday,February,Bad
620-02-2046,Baner,Pune,Telangana,Elite,Male,Bedsheet,"Home and lifestyle",69.40,5,14.8500,448.9800,"2026-04-14 18:24:11",19:48:00,Ewallet,366.59,4.761904716,21.4100,9.0,Evening,Tuesday,April,Bad
622-20-1945,Hinjawadi,Pune,Maharashtra,Elite,Female,"Body Lotion","Health and beauty",39.42,1,3.7800,105.0400,"2026-12-26 15:03:20",15:08:00,Cash,71.85,4.761904716,4.9900,8.4,Afternoon,Saturday,December,Bad
624-01-8356,Hinjawadi,Pune,Telangana,Basic,Female,Bedsheet,"Home and lifestyle",49.01,17,29.8900,508.1200,"2026-03-07 00:25:53",10:44:00,Cash,567.36,4.761904716,24.1800,4.2,Morning,Saturday,March,Good
626-43-7888,Powai,Mumbai,Karnataka,Elite,Female,"Wrist Watch","Fashion accessories",60.41,12,45.2400,1256.2800,"2026-07-20 16:41:47",12:23:00,Ewallet,695.93,4.761904716,59.8300,9.6,Afternoon,Monday,July,Good
627-95-3243,Hinjawadi,Pune,Telangana,Prime,Female,"Coffee Mug","Home and lifestyle",77.68,16,51.6000,1083.6600,"2026-10-30 01:20:57",13:21:00,Cash,1274.14,4.761904716,51.6000,9.8,Afternoon,Friday,October,Good
628-34-3388,Indiranagar,Bangalore,Maharashtra,Basic,Male,Handbag,"Fashion accessories",27.38,35,61.3200,1853.8400,"2026-10-18 19:22:04",20:54:00,UPI,654.95,4.761904716,88.3200,7.9,Evening,Sunday,October,Bad
628-90-8624,Rohini,Delhi,Maharashtra,Basic,Male,Shampoo,"Health and beauty",82.58,14,77.3000,1623.1900,"2026-08-26 19:50:47",14:41:00,UPI,1189.15,4.761904716,77.3000,5.0,Afternoon,Wednesday,August,Good
629-42-4133,Andheri,Mumbai,Maharashtra,Elite,Male,"Lip Balm","Health and beauty",21.80,15,20.5000,620.0600,"2026-03-09 10:46:16",19:24:00,Cash,315.46,4.761904716,29.5400,8.3,Evening,Monday,March,Bad
630-74-5166,Baner,Pune,Karnataka,Basic,Male,"Travel Backpack","Sports and travel",62.13,17,44.1400,1334.6200,"2026-09-08 02:02:03",20:19:00,Cash,1089.70,4.761904716,63.5500,7.4,Evening,Tuesday,September,Good
631-34-1880,Koramangala,Bangalore,Delhi,Elite,Male,"Oreo Biscuits","Food and beverages",24.31,3,7.3800,223.0800,"2026-05-14 13:42:46",19:09:00,UPI,102.46,4.761904716,10.6300,4.3,Evening,Thursday,May,Bad
631-41-3108,Saket,Delhi,Karnataka,Basic,Male,"Table Lamp","Home and lifestyle",46.33,12,38.4100,806.7900,"2026-10-05 02:14:13",13:23:00,UPI,591.06,4.761904716,38.4200,7.4,Afternoon,Monday,October,Good
632-32-4574,Andheri,Mumbai,Delhi,Prime,Male,"Yoga Mat","Sports and travel",75.92,10,59.4100,1247.6200,"2026-03-08 15:05:23",14:14:00,Cash,703.10,4.761904716,59.4100,5.5,Afternoon,Sunday,March,Good
632-90-0281,Indiranagar,Bangalore,Maharashtra,Elite,Female,"Baseball Cap","Fashion accessories",37.55,14,38.9400,1556.9900,"2026-08-07 02:34:22",20:01:00,UPI,540.72,4.761904716,74.1600,9.3,Evening,Friday,August,Good
633-09-3463,Andheri,Mumbai,Maharashtra,Elite,Female,"Bluetooth Speaker","Electronic accessories",47.65,5,13.3900,280.9800,"2026-09-28 09:04:36",12:58:00,"Credit Card",205.85,4.761904716,13.3900,7.5,Afternoon,Monday,September,Bad
633-44-8566,Rohini,Delhi,Karnataka,Basic,Male,"Oreo Biscuits","Food and beverages",49.38,10,32.3600,978.3800,"2026-09-02 05:18:18",20:35:00,UPI,497.75,4.761904716,46.6000,7.3,Evening,Wednesday,September,Good
633-91-1052,Kharadi,Pune,Maharashtra,Elite,Female,"Storage Basket","Home and lifestyle",12.03,2,0.9700,20.4700,"2026-02-03 19:06:16",15:51:00,Cash,24.06,4.761904716,0.9700,5.1,Afternoon,Tuesday,February,Bad
634-97-8956,"Banjara Hills",Hyderabad,Telangana,Prime,Male,"Tropicana Juice","Food and beverages",32.90,5,7.1000,214.9000,"2026-09-15 03:14:34",17:27:00,"Credit card",142.13,4.761904716,10.2200,9.1,Evening,Tuesday,September,Bad
635-28-5728,Rohini,Delhi,Karnataka,Basic,Male,"Lip Balm","Health and beauty",56.00,7,20.4500,618.1800,"2026-07-25 09:40:23",19:33:00,UPI,241.92,4.761904716,29.4600,4.8,Evening,Saturday,July,Bad
635-40-6220,"Banjara Hills",Hyderabad,Delhi,Basic,Male,"Face Wash","Health and beauty",89.60,16,78.6600,1338.2900,"2026-05-01 10:36:09",11:28:00,Ewallet,1573.53,4.761904716,63.7300,6.6,Morning,Friday,May,Good
636-17-0325,Whitefield,Bangalore,Maharashtra,Elite,Male,"Body Lotion","Health and beauty",62.57,8,42.4200,1281.3600,"2026-03-21 18:23:29",18:37:00,UPI,452.70,4.761904716,61.0200,9.5,Evening,Saturday,March,Bad
636-48-8204,"Banjara Hills",Hyderabad,Karnataka,Prime,Male,"Power Bank","Electronic accessories",34.56,4,7.5000,177.6700,"2026-03-06 14:00:56",11:15:00,Ewallet,150.02,4.761904716,8.4500,7.0,Morning,Friday,March,Bad
636-98-3364,"Hitech City",Hyderabad,Maharashtra,Basic,Female,"USB Flash Drive","Electronic accessories",26.26,4,7.1900,151.0900,"2026-05-23 04:46:36",12:36:00,Ewallet,110.68,4.761904716,7.1900,8.0,Afternoon,Saturday,May,Bad
638-60-7125,"Banjara Hills",Hyderabad,Karnataka,Prime,Female,"Mechanical Keyboard","Electronic accessories",99.56,31,151.8700,4592.6000,"2026-10-28 12:36:57",17:03:00,"Credit card",3037.46,4.761904716,218.7100,8.5,Evening,Wednesday,October,Good
639-76-1242,Hinjawadi,Pune,Karnataka,Prime,Male,Coca-Cola,"Food and beverages",40.52,6,9.8500,206.7800,"2026-02-26 04:42:38",15:19:00,Cash,243.12,4.761904716,9.8500,4.5,Afternoon,Thursday,February,Bad
640-48-5028,Kharadi,Pune,Maharashtra,Prime,Female,Bedsheet,"Home and lifestyle",88.39,13,46.3900,974.2800,"2026-07-08 23:57:44",12:40:00,Cash,1145.53,4.761904716,46.4000,6.3,Afternoon,Wednesday,July,Good
640-49-2076,Kharadi,Pune,Delhi,Prime,Male,"Yoga Mat","Sports and travel",83.78,11,38.1300,800.8700,"2026-06-10 04:53:16",14:49:00,Cash,941.64,4.761904716,38.1300,5.1,Afternoon,Wednesday,June,Good
641-43-2399,Koramangala,Bangalore,Karnataka,Prime,Male,"Wall Clock","Home and lifestyle",25.55,8,13.7800,416.5200,"2026-09-13 21:12:31",20:23:00,Ewallet,147.17,4.761904716,19.8400,5.7,Evening,Sunday,September,Bad
641-51-2661,"Hitech City",Hyderabad,Delhi,Elite,Female,"Nescafe Coffee","Food and beverages",87.10,13,50.4200,1058.7000,"2026-04-28 22:58:30",14:45:00,"Credit card",1008.29,4.761904716,50.4200,9.9,Afternoon,Tuesday,April,Good
641-62-7288,Rohini,Delhi,Telangana,Elite,Male,Bedsheet,"Home and lifestyle",99.92,11,71.0200,1491.4400,"2026-10-27 05:38:53",13:33:00,UPI,1092.62,4.761904716,71.0200,7.1,Afternoon,Tuesday,October,Good
641-96-3695,Indiranagar,Bangalore,Karnataka,Elite,Female,"Wrist Watch","Fashion accessories",43.46,11,37.8700,1513.7000,"2026-09-18 20:32:30",17:55:00,UPI,525.69,4.761904716,72.1100,8.5,Evening,Friday,September,Bad
642-30-6693,Saket,Delhi,Karnataka,Elite,Female,"Gym Bag","Sports and travel",54.51,8,27.6400,580.3700,"2026-02-21 03:27:26",13:54:00,UPI,327.06,4.761904716,27.6400,7.8,Afternoon,Saturday,February,Good
642-32-2990,Bandra,Mumbai,Maharashtra,Elite,Female,Coca-Cola,"Food and beverages",10.96,17,10.7100,324.1900,"2026-04-18 00:48:55",20:48:00,"Credit Card",126.87,4.761904716,15.4300,6.0,Evening,Saturday,April,Bad
642-61-4706,"Banjara Hills",Hyderabad,Karnataka,Elite,Male,Coca-Cola,"Food and beverages",93.40,2,10.8200,326.9800,"2026-04-16 08:22:41",16:34:00,Cash,216.25,4.761904716,15.5800,5.5,Evening,Thursday,April,Bad
643-38-7867,Andheri,Mumbai,Karnataka,Basic,Male,Bedsheet,"Home and lifestyle",97.94,1,11.6000,197.3500,"2026-11-16 07:50:44",11:44:00,"Credit Card",178.50,4.761904716,9.4000,6.9,Morning,Monday,November,Bad
645-44-1170,Andheri,Mumbai,Karnataka,Elite,Male,"Coffee Mug","Home and lifestyle",58.07,12,44.1600,1335.4500,"2026-01-04 01:39:55",20:07:00,"Credit Card",522.63,4.761904716,63.6000,4.3,Evening,Sunday,January,Good
645-78-8093,Rohini,Delhi,Maharashtra,Basic,Female,"Cricket Bat","Sports and travel",93.14,3,18.2100,551.0100,"2026-04-26 09:01:49",18:09:00,Ewallet,215.64,4.761904716,26.2700,4.1,Evening,Sunday,April,Bad
647-50-1224,Baner,Pune,Telangana,Basic,Female,Handbag,"Fashion accessories",29.42,25,28.2200,1129.0200,"2026-12-06 12:35:13",16:23:00,Cash,536.18,4.761904716,53.7500,8.9,Evening,Sunday,December,Bad
648-83-1321,Indiranagar,Bangalore,Karnataka,Elite,Male,"Storage Basket","Home and lifestyle",63.56,25,108.4200,3278.7300,"2026-10-31 13:52:53",17:59:00,Cash,1158.38,4.761904716,156.1300,4.3,Evening,Saturday,October,Good
648-94-3045,"Hitech City",Hyderabad,Maharashtra,Prime,Male,"Face Wash","Health and beauty",58.95,23,64.7000,1358.7800,"2026-05-27 06:27:58",14:27:00,Ewallet,1294.08,4.761904716,64.7000,8.1,Afternoon,Wednesday,May,Good
649-11-3678,Bandra,Mumbai,Delhi,Basic,Female,"Tropicana Juice","Food and beverages",22.93,14,20.9200,632.8100,"2026-02-22 21:55:30",20:26:00,"Credit Card",247.64,4.761904716,30.1300,5.5,Evening,Sunday,February,Bad
649-29-6775,"Banjara Hills",Hyderabad,Karnataka,Prime,Male,"Baseball Cap","Fashion accessories",33.52,1,1.6760,35.1960,"2026-02-19 22:22:50",15:31:00,Cash,33.52,4.761904716,1.6760,6.7,Afternoon,Thursday,February,Bad
650-98-6268,Rohini,Delhi,Telangana,Prime,Female,"Tropicana Juice","Food and beverages",20.87,4,6.1200,128.6100,"2026-04-05 11:54:21",13:53:00,"Credit card",72.48,4.761904716,6.1200,8.0,Afternoon,Sunday,April,Bad
651-61-0874,Gachibowli,Hyderabad,Telangana,Basic,Male,"Coffee Mug","Home and lifestyle",46.22,6,13.3100,402.5400,"2026-09-15 00:47:07",20:04:00,"Credit card",266.23,4.761904716,19.1600,6.2,Evening,Tuesday,September,Bad
651-88-7328,Saket,Delhi,Maharashtra,Elite,Female,"Baseball Cap","Fashion accessories",65.74,9,38.4600,1068.0700,"2026-01-19 03:46:10",13:55:00,UPI,591.66,4.761904716,50.8600,7.7,Afternoon,Monday,January,Good
651-96-5970,Indiranagar,Bangalore,Maharashtra,Elite,Male,"Leather Wallet","Fashion accessories",46.41,1,4.8100,145.5200,"2026-08-19 16:33:13",20:06:00,"Credit card",66.83,4.761904716,6.9200,4.0,Evening,Wednesday,August,Bad
652-43-6591,Saket,Delhi,Telangana,Basic,Female,"Baseball Cap","Fashion accessories",97.29,12,72.8500,2023.2400,"2026-07-21 16:35:50",13:18:00,"Credit card",1120.78,4.761904716,96.3600,6.2,Afternoon,Tuesday,July,Good
652-49-6720,Baner,Pune,Delhi,Elite,Female,"Wireless Mouse","Electronic accessories",60.95,2,9.4100,160.1400,"2026-10-20 22:21:57",11:40:00,Cash,232.44,4.761904716,7.6300,8.0,Morning,Tuesday,October,Bad
655-07-2265,"Connaught Place",Delhi,Karnataka,Basic,Male,"Wireless Mouse","Electronic accessories",78.31,4,22.9800,967.6500,"2026-04-04 11:34:27",16:38:00,UPI,271.96,4.761904716,46.0800,7.9,Evening,Saturday,April,Bad
655-85-5130,Powai,Mumbai,Karnataka,Elite,Female,"Leather Wallet","Fashion accessories",38.30,6,14.3400,573.4800,"2026-08-24 18:37:03",19:22:00,"Credit Card",220.61,4.761904716,27.3100,5.7,Evening,Monday,August,Bad
656-16-1063,"Connaught Place",Delhi,Delhi,Prime,Male,"Yoga Mat","Sports and travel",46.42,5,16.5000,346.4400,"2026-12-11 09:33:59",13:24:00,UPI,253.80,4.761904716,16.5000,4.4,Afternoon,Friday,December,Bad
656-95-9349,"Hitech City",Hyderabad,Delhi,Basic,Female,Sunscreen,"Health and beauty",68.93,7,24.1255,542.7200,"2026-02-27 14:12:22",11:03:00,"Credit card",482.51,4.761904716,25.8400,4.6,Morning,Friday,February,Good
658-66-3967,Indiranagar,Bangalore,Delhi,Elite,Male,Sunscreen,"Health and beauty",53.19,13,48.9600,1028.2000,"2026-06-27 15:49:14",15:42:00,UPI,523.10,4.761904716,48.9600,5.0,Afternoon,Saturday,June,Good
659-36-1684,Koramangala,Bangalore,Telangana,Elite,Male,"Cricket Bat","Sports and travel",57.12,16,68.2200,1432.3300,"2026-11-01 04:44:07",12:02:00,UPI,728.70,4.761904716,68.2200,6.5,Afternoon,Sunday,November,Good
659-65-8956,Rohini,Delhi,Maharashtra,Prime,Male,"Baseball Cap","Fashion accessories",51.36,1,4.7100,98.5000,"2026-06-25 19:35:17",15:26:00,UPI,72.15,4.761904716,4.7100,5.2,Afternoon,Thursday,June,Bad
660-29-7083,Baner,Pune,Delhi,Prime,Male,"Power Bank","Electronic accessories",55.87,14,32.5800,952.7400,"2026-08-21 17:33:21",15:01:00,Cash,804.53,4.761904716,45.3700,7.0,Afternoon,Friday,August,Good
662-47-5456,Gachibowli,Hyderabad,Telangana,Elite,Male,"Baseball Cap","Fashion accessories",35.19,42,70.1400,2121.2400,"2026-10-01 13:16:08",19:06:00,"Credit card",1402.95,4.761904716,101.0000,8.4,Evening,Thursday,October,Good
662-72-2873,Whitefield,Bangalore,Maharashtra,Basic,Female,"Oreo Biscuits","Food and beverages",40.94,7,21.2300,445.6800,"2026-07-08 22:06:22",13:58:00,UPI,294.77,4.761904716,21.2300,9.9,Afternoon,Wednesday,July,Bad
663-86-9076,Whitefield,Bangalore,Telangana,Elite,Female,Coca-Cola,"Food and beverages",68.54,10,47.3800,994.8700,"2026-01-22 12:36:00",15:57:00,UPI,657.98,4.761904716,47.3800,8.5,Afternoon,Thursday,January,Good
664-14-2882,Bandra,Mumbai,Karnataka,Elite,Female,"Storage Basket","Home and lifestyle",10.53,21,14.2600,299.4700,"2026-06-14 16:26:45",14:43:00,"Credit card",168.79,4.761904716,14.2600,5.8,Afternoon,Sunday,June,Bad
665-32-9167,"Banjara Hills",Hyderabad,Delhi,Prime,Female,Shampoo,"Health and beauty",36.26,2,3.6260,145.0300,"2026-01-26 07:04:22",17:15:00,"Credit card",72.52,4.761904716,6.9000,7.2,Evening,Monday,January,Bad
665-63-9737,Indiranagar,Bangalore,Delhi,Basic,Male,Sunglasses,"Fashion accessories",52.42,3,13.1200,396.3700,"2026-04-07 10:22:09",17:36:00,UPI,182.05,4.761904716,18.8600,7.5,Evening,Tuesday,April,Bad
667-23-5919,Powai,Mumbai,Maharashtra,Prime,Female,Handbag,"Fashion accessories",96.70,10,57.4100,1594.1300,"2026-05-16 13:21:40",12:52:00,Ewallet,679.28,4.761904716,75.9300,7.0,Afternoon,Saturday,May,Good
667-92-0055,Rohini,Delhi,Telangana,Prime,Male,"Body Lotion","Health and beauty",99.83,8,56.0700,1177.3500,"2026-09-03 16:32:18",15:02:00,UPI,862.54,4.761904716,56.0700,8.5,Afternoon,Thursday,September,Good
668-90-8900,Rohini,Delhi,Telangana,Prime,Female,"Storage Basket","Home and lifestyle",93.69,30,177.6300,5371.5600,"2026-06-06 01:58:46",18:44:00,"Credit card",2102.15,4.761904716,255.7900,4.5,Evening,Saturday,June,Good
669-54-1719,Hinjawadi,Pune,Karnataka,Basic,Male,"Power Bank","Electronic accessories",18.93,7,4.4900,131.1500,"2026-02-14 08:46:04",12:45:00,"Credit card",85.19,4.761904716,6.2400,7.1,Afternoon,Saturday,February,Bad
670-71-7306,Koramangala,Bangalore,Telangana,Prime,Male,"Yoga Mat","Sports and travel",44.63,9,27.1000,819.1300,"2026-06-17 04:46:18",20:08:00,UPI,376.21,4.761904716,39.0100,5.1,Evening,Wednesday,June,Bad
670-79-6321,"Hitech City",Hyderabad,Delhi,Prime,Female,"Table Lamp","Home and lifestyle",94.59,10,47.6800,1001.1400,"2026-08-14 11:45:20",15:27:00,"Credit card",953.47,4.761904716,47.6800,4.9,Afternoon,Friday,August,Good
672-51-8681,Powai,Mumbai,Maharashtra,Elite,Female,"Bluetooth Speaker","Electronic accessories",66.65,13,56.1500,1697.8400,"2026-08-07 12:24:34",18:19:00,"Credit Card",863.78,4.761904716,80.8600,7.6,Evening,Friday,August,Good
674-15-9296,Baner,Pune,Karnataka,Basic,Male,"Yoga Mat","Sports and travel",37.14,12,17.8200,374.2100,"2026-10-17 09:58:53",13:05:00,Ewallet,338.45,4.761904716,17.8200,5.0,Afternoon,Saturday,October,Bad
674-56-6360,"Connaught Place",Delhi,Maharashtra,Prime,Male,"Mechanical Keyboard","Electronic accessories",95.15,1,11.5700,338.5400,"2026-09-13 05:57:40",14:00:00,UPI,137.02,4.761904716,16.1400,8.4,Afternoon,Sunday,September,Bad
676-10-2200,Gachibowli,Hyderabad,Telangana,Prime,Male,Sunglasses,"Fashion accessories",53.78,1,3.5000,105.7000,"2026-02-22 23:25:56",20:13:00,Ewallet,53.78,4.761904716,5.0400,4.7,Evening,Sunday,February,Bad
676-39-6028,Baner,Pune,Karnataka,Prime,Female,"Mechanical Keyboard","Electronic accessories",64.44,10,23.8300,720.7200,"2026-06-13 07:33:41",17:04:00,Cash,452.66,4.761904716,34.3300,6.8,Evening,Saturday,June,Good
677-11-0152,Saket,Delhi,Delhi,Elite,Female,"Tropicana Juice","Food and beverages",93.26,14,75.7900,2291.8400,"2026-03-25 04:46:42",18:08:00,UPI,1165.97,4.761904716,109.1400,8.8,Evening,Wednesday,March,Good
678-79-0726,Baner,Pune,Maharashtra,Prime,Female,"Gym Bag","Sports and travel",90.63,9,38.2400,803.0800,"2026-04-23 22:44:10",15:28:00,Cash,944.23,4.761904716,38.2400,5.1,Afternoon,Thursday,April,Good
679-22-6530,Gachibowli,Hyderabad,Telangana,Prime,Female,"Travel Backpack","Sports and travel",40.62,4,7.4000,125.9200,"2026-10-23 04:59:01",10:01:00,"Credit card",148.05,4.761904716,5.9900,4.1,Morning,Friday,October,Bad
685-64-1609,Bandra,Mumbai,Maharashtra,Prime,Female,Sunglasses,"Fashion accessories",30.14,14,28.2100,783.4700,"2026-08-11 10:03:59",12:28:00,"Credit Card",434.02,4.761904716,37.3100,9.2,Afternoon,Tuesday,August,Bad
686-41-0932,"Hitech City",Hyderabad,Telangana,Elite,Female,"Wrist Watch","Fashion accessories",34.70,2,4.0100,160.6300,"2026-04-10 02:24:39",19:48:00,Ewallet,80.34,4.761904716,7.6500,8.2,Evening,Friday,April,Bad
687-15-1097,Hinjawadi,Pune,Maharashtra,Elite,Female,"Body Lotion","Health and beauty",21.12,2,2.4700,98.5200,"2026-09-08 03:12:40",19:17:00,Cash,60.83,4.761904716,4.6900,9.7,Evening,Tuesday,September,Bad
687-47-8271,Andheri,Mumbai,Maharashtra,Elite,Male,"Leather Wallet","Fashion accessories",98.98,14,92.6500,2801.6000,"2026-08-10 15:18:44",16:20:00,"Credit Card",1425.31,4.761904716,133.4200,8.7,Evening,Monday,August,Good
689-05-1884,Indiranagar,Bangalore,Telangana,Prime,Male,Sunscreen,"Health and beauty",48.63,23,76.8600,1614.1000,"2026-05-14 22:02:05",12:44:00,UPI,1067.54,4.761904716,76.8600,8.8,Afternoon,Thursday,May,Good
689-16-9784,Rohini,Delhi,Telangana,Prime,Male,"Oreo Biscuits","Food and beverages",46.77,9,25.6200,538.1500,"2026-06-29 16:50:57",13:37:00,UPI,394.24,4.761904716,25.6200,6.0,Afternoon,Monday,June,Bad
690-01-6631,Rohini,Delhi,Karnataka,Elite,Male,Sunglasses,"Fashion accessories",17.49,10,11.3700,343.7800,"2026-01-14 01:49:30",18:35:00,UPI,174.90,4.761904716,16.3700,6.6,Evening,Wednesday,January,Bad
692-27-8933,Rohini,Delhi,Telangana,Elite,Female,"Yoga Mat","Sports and travel",57.95,6,26.1600,549.4300,"2026-04-09 03:01:56",13:02:00,UPI,402.51,4.761904716,26.1600,5.2,Afternoon,Thursday,April,Good
692-92-5582,Koramangala,Bangalore,Maharashtra,Prime,Female,"Lay's Chips","Food and beverages",54.84,2,11.0400,232.1300,"2026-10-26 17:11:19",13:27:00,"Credit card",153.52,4.761904716,11.0400,5.9,Afternoon,Monday,October,Bad
695-09-5146,Koramangala,Bangalore,Maharashtra,Elite,Female,"Tropicana Juice","Food and beverages",98.79,5,33.2900,1006.6600,"2026-02-15 11:17:47",20:00:00,Ewallet,355.64,4.761904716,47.9400,6.4,Evening,Sunday,February,Bad
695-28-6250,Andheri,Mumbai,Delhi,Elite,Female,"Travel Backpack","Sports and travel",43.06,9,25.5100,771.2800,"2026-12-25 11:56:06",16:38:00,Ewallet,392.39,4.761904716,36.7200,7.7,Evening,Friday,December,Bad
695-51-0018,Powai,Mumbai,Delhi,Basic,Female,"Travel Backpack","Sports and travel",34.84,12,26.4800,800.7500,"2026-07-17 05:06:03",18:36:00,"Credit Card",407.36,4.761904716,38.1500,7.4,Evening,Friday,July,Bad
696-90-2548,Kharadi,Pune,Telangana,Elite,Male,"Travel Backpack","Sports and travel",25.84,3,4.4200,133.3700,"2026-06-10 13:30:02",18:55:00,Cash,108.91,4.761904716,6.3500,6.6,Evening,Wednesday,June,Bad
698-98-5964,Hinjawadi,Pune,Karnataka,Basic,Female,"Lay's Chips","Food and beverages",81.21,13,46.2100,970.3700,"2026-06-29 18:36:20",13:01:00,Cash,1140.94,4.761904716,46.2100,6.3,Afternoon,Monday,June,Good
699-01-4164,Bandra,Mumbai,Maharashtra,Elite,Male,"Body Lotion","Health and beauty",41.50,9,23.7100,716.3200,"2026-05-26 16:00:00",19:58:00,"Credit Card",364.40,4.761904716,34.1600,8.2,Evening,Tuesday,May,Bad
699-14-3026,Bandra,Mumbai,Maharashtra,Prime,Male,"USB Flash Drive","Electronic accessories",85.39,5,29.1300,1226.9400,"2026-02-20 16:33:13",18:30:00,Ewallet,448.30,4.761904716,58.4100,8.1,Evening,Friday,February,Good
699-88-1972,"Connaught Place",Delhi,Telangana,Prime,Male,Sunscreen,"Health and beauty",99.16,8,51.5600,1559.2700,"2026-01-13 02:31:04",17:47:00,"Credit card",793.28,4.761904716,74.2600,4.2,Evening,Tuesday,January,Good
700-81-1757,Andheri,Mumbai,Maharashtra,Basic,Female,"Wireless Mouse","Electronic accessories",26.31,8,12.0100,363.2800,"2026-06-03 18:51:26",20:59:00,"Credit Card",184.82,4.761904716,17.3000,7.9,Evening,Wednesday,June,Bad
701-23-5550,Andheri,Mumbai,Maharashtra,Prime,Male,Bedsheet,"Home and lifestyle",38.81,6,14.5200,305.1400,"2026-09-01 23:37:50",13:40:00,Ewallet,223.55,4.761904716,14.5200,4.9,Afternoon,Tuesday,September,Bad
701-69-8742,Indiranagar,Bangalore,Karnataka,Elite,Male,Football,"Sports and travel",34.37,19,45.1000,767.1600,"2026-12-02 15:16:04",10:11:00,Ewallet,626.40,4.761904716,36.5400,6.7,Morning,Wednesday,December,Good
702-72-0487,Koramangala,Bangalore,Delhi,Basic,Female,"USB Flash Drive","Electronic accessories",46.61,2,9.4200,198.0400,"2026-06-05 05:24:41",12:28:00,UPI,130.97,4.761904716,9.4200,8.4,Afternoon,Friday,June,Bad
702-83-5291,Kharadi,Pune,Maharashtra,Elite,Male,Handbag,"Fashion accessories",99.82,36,145.0600,2467.3700,"2026-11-06 13:24:29",10:43:00,Cash,3581.62,4.761904716,117.5000,6.6,Morning,Friday,November,Good
704-10-4056,Bandra,Mumbai,Maharashtra,Prime,Male,"Lip Balm","Health and beauty",60.47,5,21.3100,362.7900,"2026-04-03 14:03:14",10:55:00,"Credit card",328.14,4.761904716,17.2700,5.6,Morning,Friday,April,Bad
704-11-6354,Bandra,Mumbai,Maharashtra,Elite,Male,"Coffee Mug","Home and lifestyle",58.90,8,35.4600,603.1100,"2026-03-04 02:21:10",11:23:00,"Credit Card",545.48,4.761904716,28.7300,8.9,Morning,Wednesday,March,Good
704-20-4138,Powai,Mumbai,Delhi,Prime,Female,"Face Wash","Health and beauty",29.67,12,24.6100,983.9400,"2026-12-23 14:13:11",18:58:00,"Credit card",378.51,4.761904716,46.8400,8.1,Evening,Wednesday,December,Bad
704-48-3927,Andheri,Mumbai,Maharashtra,Basic,Male,"Bluetooth Speaker","Electronic accessories",88.67,8,43.2200,1263.9700,"2026-01-12 09:00:00",14:50:00,Ewallet,665.03,4.761904716,60.1900,8.0,Afternoon,Monday,January,Good
706-36-6154,Rohini,Delhi,Telangana,Basic,Male,"Storage Basket","Home and lifestyle",19.36,16,20.6400,624.2000,"2026-10-13 19:01:27",18:43:00,UPI,317.55,4.761904716,29.7200,8.7,Evening,Tuesday,October,Bad
707-32-7409,Kharadi,Pune,Telangana,Basic,Female,"Gym Bag","Sports and travel",95.54,12,45.2400,769.6200,"2026-08-12 16:27:44",11:58:00,Cash,1117.11,4.761904716,36.6500,4.5,Morning,Wednesday,August,Good
709-58-4068,Indiranagar,Bangalore,Delhi,Basic,Female,Sunglasses,"Fashion accessories",41.09,14,42.6000,1183.1500,"2026-08-04 21:33:54",14:42:00,UPI,591.70,4.761904716,56.3300,7.3,Afternoon,Tuesday,August,Good
710-46-4433,Andheri,Mumbai,Maharashtra,Prime,Female,Coca-Cola,"Food and beverages",77.40,17,84.7700,1780.0100,"2026-09-20 21:34:37",14:15:00,"Credit Card",1003.10,4.761904716,84.7700,4.5,Afternoon,Sunday,September,Good
711-31-1234,Koramangala,Bangalore,Maharashtra,Prime,Female,"Power Bank","Electronic accessories",95.64,4,38.6800,1170.2200,"2026-05-04 23:52:43",18:51:00,UPI,537.48,4.761904716,55.7000,8.4,Evening,Monday,May,Good
712-39-0363,Koramangala,Bangalore,Karnataka,Elite,Male,"Oreo Biscuits","Food and beverages",41.66,6,16.8000,352.6700,"2026-12-17 19:30:15",15:24:00,Ewallet,233.25,4.761904716,16.8000,5.6,Afternoon,Thursday,December,Bad
714-02-3114,"Banjara Hills",Hyderabad,Maharashtra,Basic,Female,"Gym Bag","Sports and travel",98.80,2,11.4300,194.5400,"2026-03-09 11:40:24",11:39:00,Cash,228.74,4.761904716,9.2600,7.7,Morning,Monday,March,Bad
715-20-1673,"Hitech City",Hyderabad,Karnataka,Prime,Male,"Wireless Mouse","Electronic accessories",28.38,19,27.0600,1139.2700,"2026-11-17 22:15:29",20:57:00,Cash,541.17,4.761904716,54.2600,7.2,Evening,Tuesday,November,Bad
716-39-1409,Rohini,Delhi,Delhi,Elite,Male,Sunscreen,"Health and beauty",30.35,7,13.8100,417.6000,"2026-01-02 05:50:30",18:19:00,UPI,212.45,4.761904716,19.9000,8.0,Evening,Friday,January,Bad
717-96-4189,"Banjara Hills",Hyderabad,Karnataka,Basic,Female,"Mechanical Keyboard","Electronic accessories",35.49,7,12.0200,252.3400,"2026-03-15 06:40:16",12:40:00,Cash,184.89,4.761904716,12.0300,8.4,Afternoon,Sunday,March,Bad
718-57-9773,Kharadi,Pune,Karnataka,Elite,Female,Football,"Sports and travel",49.33,19,36.4100,1101.0800,"2026-10-14 02:10:39",16:40:00,"Credit card",899.05,4.761904716,52.4400,9.4,Evening,Wednesday,October,Good
719-76-3868,Rohini,Delhi,Maharashtra,Prime,Male,"Oreo Biscuits","Food and beverages",94.26,5,29.4100,889.3200,"2026-02-06 05:20:01",16:30:00,Cash,452.45,4.761904716,42.3400,8.6,Evening,Friday,February,Good
719-89-8991,Bandra,Mumbai,Delhi,Elite,Female,"Cricket Bat","Sports and travel",91.41,12,70.4000,2128.4600,"2026-10-25 09:44:33",16:03:00,Ewallet,832.98,4.761904716,101.3500,7.1,Evening,Sunday,October,Good
720-72-2436,Andheri,Mumbai,Maharashtra,Basic,Male,"Tropicana Juice","Food and beverages",66.52,8,32.3600,979.0600,"2026-08-02 17:06:27",18:14:00,"Credit Card",383.16,4.761904716,46.5900,6.9,Evening,Sunday,August,Bad
721-86-6247,Bandra,Mumbai,Telangana,Prime,Female,"Wall Clock","Home and lifestyle",63.42,15,60.1100,1262.1600,"2026-10-22 21:21:32",12:55:00,Ewallet,924.67,4.761904716,60.1100,7.4,Afternoon,Thursday,October,Good
722-13-2115,"Banjara Hills",Hyderabad,Maharashtra,Prime,Male,Football,"Sports and travel",42.85,1,2.1425,44.9925,"2026-01-12 11:51:16",15:36:00,"Credit card",42.85,4.761904716,2.1425,9.3,Afternoon,Monday,January,Bad
725-32-9708,Saket,Delhi,Delhi,Elite,Female,Handbag,"Fashion accessories",68.71,5,32.6300,1304.8700,"2026-05-16 09:00:19",19:01:00,Cash,386.13,4.761904716,62.1300,4.1,Evening,Saturday,May,Bad
725-54-0677,"Hitech City",Hyderabad,Maharashtra,Basic,Male,Sunscreen,"Health and beauty",85.60,12,54.6100,1146.6500,"2026-10-06 16:24:44",13:50:00,Cash,1092.04,4.761904716,54.6100,5.3,Afternoon,Tuesday,October,Good
725-56-0833,Whitefield,Bangalore,Telangana,Prime,Female,"Body Lotion","Health and beauty",32.32,10,23.2700,930.6500,"2026-02-18 14:46:59",16:49:00,"Credit card",323.20,4.761904716,44.3100,9.9,Evening,Wednesday,February,Good
725-67-2480,Saket,Delhi,Telangana,Elite,Female,Handbag,"Fashion accessories",58.75,14,60.0500,2401.5300,"2026-09-05 13:10:17",18:14:00,UPI,710.64,4.761904716,114.3700,5.9,Evening,Saturday,September,Good
725-96-3778,"Banjara Hills",Hyderabad,Maharashtra,Elite,Female,"Coffee Mug","Home and lifestyle",89.25,12,51.4100,874.4600,"2026-09-15 21:12:31",10:13:00,Cash,1028.16,4.761904716,41.6400,4.7,Morning,Tuesday,September,Good
726-27-2396,Andheri,Mumbai,Telangana,Prime,Female,"Face Wash","Health and beauty",77.50,8,45.5600,1822.0600,"2026-04-20 20:25:24",20:36:00,"Credit Card",700.91,4.761904716,86.7900,4.3,Evening,Monday,April,Good
726-29-6793,Bandra,Mumbai,Maharashtra,Basic,Male,"Mechanical Keyboard","Electronic accessories",24.18,14,22.9700,966.9700,"2026-05-10 05:10:05",20:54:00,"Credit Card",271.77,4.761904716,46.0300,7.7,Evening,Sunday,May,Bad
727-02-1313,Gachibowli,Hyderabad,Telangana,Elite,Male,Coca-Cola,"Food and beverages",31.84,1,1.9100,40.1200,"2026-01-06 10:22:56",13:22:00,Cash,38.21,4.761904716,1.9100,7.7,Afternoon,Tuesday,January,Bad
727-17-0390,Indiranagar,Bangalore,Delhi,Basic,Female,"Lay's Chips","Food and beverages",63.61,6,27.4800,577.0700,"2026-02-12 06:45:05",12:43:00,Ewallet,381.66,4.761904716,27.4800,4.8,Afternoon,Thursday,February,Good
727-46-3608,"Hitech City",Hyderabad,Karnataka,Elite,Female,"Tropicana Juice","Food and beverages",20.01,11,10.8100,226.9100,"2026-01-22 10:50:10",15:47:00,Ewallet,216.11,4.761904716,10.8100,4.1,Afternoon,Thursday,January,Bad
727-75-6477,Koramangala,Bangalore,Maharashtra,Basic,Male,"Mechanical Keyboard","Electronic accessories",28.84,3,6.2400,182.1600,"2026-01-30 01:07:29",14:44:00,UPI,86.52,4.761904716,8.7000,7.0,Afternoon,Friday,January,Bad
728-47-9078,Gachibowli,Hyderabad,Delhi,Prime,Male,"Tropicana Juice","Food and beverages",59.59,3,11.1300,233.5400,"2026-12-29 19:50:40",12:46:00,Cash,222.42,4.761904716,11.1300,9.8,Afternoon,Tuesday,December,Bad
728-88-7867,Gachibowli,Hyderabad,Maharashtra,Prime,Female,"Coffee Mug","Home and lifestyle",75.53,4,15.1060,317.2260,"2026-02-26 06:55:29",15:52:00,Ewallet,302.12,4.761904716,15.1060,8.3,Afternoon,Thursday,February,Bad
729-06-2010,Baner,Pune,Telangana,Basic,Male,Sunscreen,"Health and beauty",80.47,16,53.4600,909.3000,"2026-12-25 00:58:13",11:18:00,Cash,1319.91,4.761904716,43.3000,9.2,Morning,Friday,December,Good
729-09-9681,Whitefield,Bangalore,Telangana,Basic,Male,Bedsheet,"Home and lifestyle",25.91,23,38.4400,653.6900,"2026-04-05 04:06:46",10:16:00,UPI,410.59,4.761904716,31.1500,8.7,Morning,Sunday,April,Bad
729-46-7422,Saket,Delhi,Delhi,Elite,Male,"Tropicana Juice","Food and beverages",35.89,1,2.8000,84.6500,"2026-01-30 21:24:44",16:52:00,"Credit card",43.07,4.761904716,4.0200,7.9,Evening,Friday,January,Bad
730-50-9884,Rohini,Delhi,Delhi,Prime,Female,"Cricket Bat","Sports and travel",83.06,9,56.8800,1194.3600,"2026-03-21 09:48:58",14:31:00,UPI,673.06,4.761904716,56.8800,4.0,Afternoon,Saturday,March,Good
730-61-8757,Gachibowli,Hyderabad,Maharashtra,Prime,Male,Sunscreen,"Health and beauty",51.13,12,29.1700,496.4200,"2026-05-24 17:47:54",10:11:00,"Credit card",448.96,4.761904716,23.6300,4.0,Morning,Sunday,May,Bad
730-70-9830,"Hitech City",Hyderabad,Maharashtra,Elite,Female,Bedsheet,"Home and lifestyle",70.11,10,39.3800,1190.6700,"2026-07-12 09:49:22",17:54:00,Ewallet,605.75,4.761904716,56.7100,5.2,Evening,Sunday,July,Good
731-14-2199,"Hitech City",Hyderabad,Maharashtra,Basic,Female,"Wall Clock","Home and lifestyle",35.54,42,74.0500,1554.9800,"2026-06-20 02:26:58",13:34:00,Ewallet,1139.20,4.761904716,74.0500,7.0,Afternoon,Saturday,June,Good
731-59-7531,"Banjara Hills",Hyderabad,Maharashtra,Basic,Male,"Body Lotion","Health and beauty",72.57,8,29.0280,877.8100,"2026-02-11 06:08:08",17:58:00,Cash,580.56,4.761904716,41.8000,4.6,Evening,Wednesday,February,Good
731-81-9469,"Connaught Place",Delhi,Karnataka,Basic,Female,"Gym Bag","Sports and travel",89.80,19,106.3900,2233.9700,"2026-12-10 22:31:58",13:00:00,"Credit card",1636.61,4.761904716,106.3900,5.4,Afternoon,Thursday,December,Good
732-04-5373,Hinjawadi,Pune,Telangana,Elite,Male,"Storage Basket","Home and lifestyle",46.47,9,17.8500,303.3900,"2026-11-14 12:54:19",10:53:00,Cash,338.77,4.761904716,14.4600,7.0,Morning,Saturday,November,Bad
732-67-5346,"Connaught Place",Delhi,Telangana,Elite,Male,"Oreo Biscuits","Food and beverages",13.79,6,5.3800,162.6500,"2026-01-28 18:24:27",19:07:00,UPI,82.74,4.761904716,7.7500,7.8,Evening,Wednesday,January,Bad
732-94-0499,Saket,Delhi,Karnataka,Basic,Female,"Power Bank","Electronic accessories",41.65,14,38.9900,1178.8900,"2026-08-10 17:35:46",17:04:00,UPI,599.76,4.761904716,56.1500,7.6,Evening,Monday,August,Good
733-01-9107,Saket,Delhi,Maharashtra,Elite,Male,"Table Lamp","Home and lifestyle",82.70,11,58.7700,1777.5200,"2026-11-05 00:39:34",18:14:00,Cash,904.32,4.761904716,84.6500,7.4,Evening,Thursday,November,Good
733-29-1227,Whitefield,Bangalore,Maharashtra,Basic,Male,"Table Lamp","Home and lifestyle",55.61,13,52.4800,1101.8300,"2026-08-08 22:09:53",12:41:00,Cash,560.54,4.761904716,52.4800,8.5,Afternoon,Saturday,August,Good
733-33-4967,Gachibowli,Hyderabad,Delhi,Basic,Male,"USB Flash Drive","Electronic accessories",20.85,40,41.3500,1740.9500,"2026-10-25 07:11:47",19:17:00,Cash,636.10,4.761904716,82.9000,8.1,Evening,Sunday,October,Bad
734-91-1155,Saket,Delhi,Delhi,Basic,Female,"USB Flash Drive","Electronic accessories",45.71,2,6.6800,113.7200,"2026-01-21 09:15:05",10:34:00,"Credit card",102.85,4.761904716,5.4200,7.6,Morning,Wednesday,January,Bad
735-06-4124,Whitefield,Bangalore,Maharashtra,Basic,Male,"Tropicana Juice","Food and beverages",48.61,1,4.2400,89.1500,"2026-10-04 15:00:26",15:31:00,Cash,45.36,4.761904716,4.2400,4.4,Afternoon,Sunday,October,Bad
735-32-9839,"Banjara Hills",Hyderabad,Telangana,Basic,Male,"Leather Wallet","Fashion accessories",98.70,34,157.4000,2677.3100,"2026-11-09 09:52:30",10:36:00,Ewallet,3147.91,4.761904716,127.4900,8.5,Morning,Monday,November,Good
737-88-5876,Andheri,Mumbai,Maharashtra,Elite,Male,"Wall Clock","Home and lifestyle",23.29,14,19.4500,330.1700,"2026-06-26 04:33:52",11:52:00,"Credit card",298.61,4.761904716,15.7500,5.9,Morning,Friday,June,Bad
740-11-5257,Gachibowli,Hyderabad,Maharashtra,Basic,Male,"Bluetooth Speaker","Electronic accessories",24.74,14,17.8100,750.0100,"2026-07-01 21:50:50",16:44:00,Cash,356.26,4.761904716,35.7100,6.9,Evening,Wednesday,July,Bad
740-22-2500,Andheri,Mumbai,Delhi,Elite,Female,"Wireless Mouse","Electronic accessories",84.05,2,12.3000,258.1400,"2026-01-23 14:01:05",13:29:00,"Credit Card",189.11,4.761904716,12.3000,7.1,Afternoon,Friday,January,Bad
741-73-3559,"Banjara Hills",Hyderabad,Karnataka,Basic,Male,"Cricket Bat","Sports and travel",67.27,15,49.1600,1486.6200,"2026-09-24 21:43:10",17:27:00,Cash,983.22,4.761904716,70.7900,6.9,Evening,Thursday,September,Good
742-04-5161,Powai,Mumbai,Telangana,Prime,Male,"Wall Clock","Home and lifestyle",72.78,32,151.6500,4585.4800,"2026-05-01 22:30:40",17:24:00,Cash,2332.85,4.761904716,218.3600,7.3,Evening,Friday,May,Good
743-04-1105,Rohini,Delhi,Telangana,Basic,Male,"Body Lotion","Health and beauty",97.22,17,106.4700,2235.8100,"2026-09-12 16:14:04",14:43:00,Ewallet,1259.98,4.761904716,106.4700,6.0,Afternoon,Saturday,September,Good
743-88-1662,Koramangala,Bangalore,Maharashtra,Elite,Male,"Cricket Bat","Sports and travel",95.49,7,55.7200,1684.7500,"2026-04-16 09:51:18",18:17:00,Ewallet,773.79,4.761904716,80.2200,8.7,Evening,Thursday,April,Good
744-02-5987,Indiranagar,Bangalore,Maharashtra,Basic,Male,"Wall Clock","Home and lifestyle",78.38,6,39.2000,823.1400,"2026-03-11 17:08:19",14:16:00,Ewallet,544.40,4.761904716,39.2000,5.8,Afternoon,Wednesday,March,Good
744-09-5786,Koramangala,Bangalore,Telangana,Elite,Male,"Bluetooth Speaker","Electronic accessories",22.01,5,7.1300,300.2700,"2026-01-02 20:56:26",18:50:00,Cash,99.05,4.761904716,14.2900,6.6,Evening,Friday,January,Bad
744-16-7898,Bandra,Mumbai,Maharashtra,Elite,Female,"Wall Clock","Home and lifestyle",97.37,42,263.7400,5538.3000,"2026-05-10 03:37:21",13:48:00,"Credit card",3121.04,4.761904716,263.7400,4.9,Afternoon,Sunday,May,Good
744-82-9138,Baner,Pune,Telangana,Basic,Male,"Wrist Watch","Fashion accessories",86.13,3,14.0800,425.3300,"2026-09-11 00:21:52",17:59:00,Cash,347.27,4.761904716,20.2600,8.2,Evening,Friday,September,Bad
745-71-3520,"Banjara Hills",Hyderabad,Delhi,Prime,Female,"Power Bank","Electronic accessories",25.22,25,33.6700,572.6200,"2026-12-30 22:19:32",10:23:00,Cash,673.26,4.761904716,27.2700,7.1,Morning,Wednesday,December,Bad
745-74-0715,"Connaught Place",Delhi,Delhi,Elite,Male,"Power Bank","Electronic accessories",58.03,2,10.8600,457.4400,"2026-08-31 12:54:26",20:46:00,UPI,167.12,4.761904716,21.7600,7.3,Evening,Monday,August,Bad
746-04-1077,Baner,Pune,Maharashtra,Elite,Female,"Lay's Chips","Food and beverages",84.63,14,49.3600,839.5600,"2026-09-10 20:18:31",11:36:00,Cash,1218.67,4.761904716,39.9800,9.0,Morning,Thursday,September,Good
746-19-0921,Koramangala,Bangalore,Maharashtra,Elite,Male,"Tropicana Juice","Food and beverages",21.58,1,1.8600,31.7200,"2026-02-26 05:42:00",10:02:00,UPI,25.90,4.761904716,1.5100,7.2,Morning,Thursday,February,Bad
746-54-5508,Kharadi,Pune,Maharashtra,Elite,Male,Bedsheet,"Home and lifestyle",21.52,8,7.5400,158.1300,"2026-09-21 21:31:31",12:48:00,Cash,185.93,4.761904716,7.5400,9.4,Afternoon,Monday,September,Bad
746-68-6593,"Banjara Hills",Hyderabad,Karnataka,Basic,Female,"Yoga Mat","Sports and travel",87.16,2,10.0900,211.8900,"2026-04-27 21:40:43",14:29:00,"Credit card",201.80,4.761904716,10.0900,9.7,Afternoon,Monday,April,Bad
746-94-0204,Kharadi,Pune,Maharashtra,Basic,Male,Handbag,"Fashion accessories",83.24,13,43.6900,743.1900,"2026-07-24 02:09:59",11:56:00,Cash,1078.79,4.761904716,35.3900,7.4,Morning,Friday,July,Good
747-58-7183,"Hitech City",Hyderabad,Telangana,Elite,Male,"Baseball Cap","Fashion accessories",57.27,13,34.2400,1035.6800,"2026-10-09 14:03:13",20:31:00,Ewallet,684.95,4.761904716,49.3600,6.5,Evening,Friday,October,Bad
748-45-2862,Baner,Pune,Karnataka,Prime,Female,"Storage Basket","Home and lifestyle",28.31,6,6.6000,199.7000,"2026-08-13 07:31:23",18:35:00,Cash,163.07,4.761904716,9.5000,8.2,Evening,Thursday,August,Bad
749-24-1565,Koramangala,Bangalore,Delhi,Elite,Female,"Face Wash","Health and beauty",23.03,13,21.5000,596.8300,"2026-09-22 16:27:27",12:02:00,UPI,298.46,4.761904716,28.4300,7.9,Afternoon,Tuesday,September,Bad
749-81-8133,Kharadi,Pune,Telangana,Elite,Female,"Baseball Cap","Fashion accessories",94.67,4,17.7500,493.0700,"2026-04-03 04:59:02",12:04:00,Cash,438.36,4.761904716,23.4700,6.8,Afternoon,Friday,April,Good
750-57-9686,Hinjawadi,Pune,Karnataka,Elite,Female,"Storage Basket","Home and lifestyle",45.38,12,25.2600,530.0800,"2026-04-12 18:34:51",13:48:00,"Credit card",479.43,4.761904716,25.2600,8.7,Afternoon,Sunday,April,Bad
750-67-8428,Hinjawadi,Pune,Delhi,Basic,Female,"Face Wash","Health and beauty",74.69,7,21.1800,588.0600,"2026-01-12 20:10:45",13:08:00,Ewallet,522.83,4.761904716,28.0000,9.1,Afternoon,Monday,January,Good
751-15-6198,"Connaught Place",Delhi,Maharashtra,Basic,Male,"Gym Bag","Sports and travel",23.01,8,11.6600,352.7900,"2026-02-08 00:10:46",16:45:00,UPI,138.06,4.761904716,16.7800,7.9,Evening,Sunday,February,Bad
751-41-9720,Whitefield,Bangalore,Maharashtra,Basic,Male,"Wall Clock","Home and lifestyle",97.50,18,131.4200,3973.9700,"2026-09-20 13:47:48",16:18:00,UPI,1404.00,4.761904716,189.2400,8.0,Evening,Sunday,September,Good
751-69-0068,Hinjawadi,Pune,Telangana,Prime,Male,"Yoga Mat","Sports and travel",99.24,36,137.4500,4156.9200,"2026-09-19 20:31:22",19:09:00,Ewallet,2610.87,4.761904716,197.9100,9.0,Evening,Saturday,September,Good
752-23-3760,Hinjawadi,Pune,Karnataka,Basic,Female,"Travel Backpack","Sports and travel",64.08,7,18.1700,549.3600,"2026-02-16 01:45:48",19:29:00,Cash,448.56,4.761904716,26.1700,7.3,Evening,Monday,February,Good
755-12-3214,Powai,Mumbai,Telangana,Prime,Female,"Wrist Watch","Fashion accessories",44.22,12,34.0300,1361.7300,"2026-12-26 16:47:55",17:07:00,"Credit card",402.96,4.761904716,64.8400,8.6,Evening,Saturday,December,Bad
756-01-7507,Powai,Mumbai,Delhi,Prime,Female,"Face Wash","Health and beauty",20.38,9,12.3900,495.8800,"2026-07-19 15:18:27",18:56:00,Cash,146.74,4.761904716,23.6100,6.0,Evening,Sunday,July,Bad
756-49-0168,Saket,Delhi,Delhi,Basic,Male,"Leather Wallet","Fashion accessories",19.70,1,2.4100,40.7800,"2026-07-19 19:39:20",11:39:00,UPI,28.37,4.761904716,1.9400,9.5,Morning,Sunday,July,Bad
756-93-1854,"Hitech City",Hyderabad,Karnataka,Basic,Female,Sunglasses,"Fashion accessories",83.35,2,11.7200,325.2200,"2026-06-16 19:41:17",14:05:00,"Credit card",234.19,4.761904716,15.4900,9.5,Afternoon,Tuesday,June,Bad
759-29-9521,Saket,Delhi,Maharashtra,Prime,Female,"Wrist Watch","Fashion accessories",48.96,23,75.0800,1688.6400,"2026-09-26 05:10:28",11:27:00,UPI,888.33,4.761904716,80.4200,8.0,Morning,Saturday,September,Good
759-98-4285,Rohini,Delhi,Karnataka,Prime,Female,"Body Lotion","Health and beauty",85.87,16,92.5600,3702.0700,"2026-11-15 17:07:16",19:01:00,UPI,1095.48,4.761904716,176.2500,8.0,Evening,Sunday,November,Good
760-27-5490,"Hitech City",Hyderabad,Maharashtra,Prime,Male,"Leather Wallet","Fashion accessories",15.62,15,11.3800,344.3500,"2026-12-14 14:43:56",20:37:00,Ewallet,227.75,4.761904716,16.3900,9.1,Evening,Monday,December,Bad
760-53-9233,Kharadi,Pune,Maharashtra,Elite,Male,"Leather Wallet","Fashion accessories",41.28,4,7.5400,228.2400,"2026-03-21 05:49:34",18:37:00,"Credit card",143.36,4.761904716,10.8700,8.5,Evening,Saturday,March,Bad
760-54-1821,Gachibowli,Hyderabad,Maharashtra,Basic,Male,"Wall Clock","Home and lifestyle",13.59,17,11.4500,194.7400,"2026-07-25 02:06:28",10:26:00,Cash,176.12,4.761904716,9.2800,5.8,Morning,Saturday,July,Bad
760-90-2357,Hinjawadi,Pune,Maharashtra,Prime,Male,"USB Flash Drive","Electronic accessories",74.51,23,69.0600,2019.0200,"2026-10-01 11:36:55",15:08:00,Ewallet,1704.91,4.761904716,96.1600,6.6,Afternoon,Thursday,October,Good
761-49-0439,Gachibowli,Hyderabad,Karnataka,Prime,Female,"Power Bank","Electronic accessories",12.10,6,4.2000,71.4800,"2026-03-04 09:43:08",10:17:00,Ewallet,84.04,4.761904716,3.4000,6.6,Morning,Wednesday,March,Bad
764-44-8999,Powai,Mumbai,Karnataka,Elite,Female,"Body Lotion","Health and beauty",14.76,2,2.7600,76.7500,"2026-07-06 08:07:23",14:42:00,Ewallet,42.50,4.761904716,3.6700,4.3,Afternoon,Monday,July,Bad
765-26-6951,Gachibowli,Hyderabad,Maharashtra,Prime,Male,"Travel Backpack","Sports and travel",72.61,8,28.3200,481.6900,"2026-02-28 18:52:12",10:39:00,"Credit card",435.66,4.761904716,22.9300,6.9,Morning,Saturday,February,Good
766-85-7061,Hinjawadi,Pune,Telangana,Elite,Male,"Body Lotion","Health and beauty",87.87,17,64.9900,1105.6000,"2026-06-14 21:25:26",10:25:00,Cash,1234.51,4.761904716,52.6500,5.1,Morning,Sunday,June,Good
767-05-1286,Andheri,Mumbai,Karnataka,Prime,Female,"Coffee Mug","Home and lifestyle",83.77,6,32.6700,686.0800,"2026-02-11 21:13:23",12:10:00,Ewallet,502.62,4.761904716,32.6700,5.4,Afternoon,Wednesday,February,Good
767-54-1907,"Connaught Place",Delhi,Telangana,Prime,Female,"Wrist Watch","Fashion accessories",29.56,7,12.4900,499.4700,"2026-01-31 18:25:26",16:59:00,UPI,147.80,4.761904716,23.7800,6.9,Evening,Saturday,January,Bad
767-97-4650,"Connaught Place",Delhi,Telangana,Basic,Female,"Yoga Mat","Sports and travel",64.83,9,32.0600,544.7900,"2026-08-02 15:02:59",11:59:00,UPI,379.00,4.761904716,25.9600,8.0,Morning,Sunday,August,Bad
770-42-8960,Bandra,Mumbai,Karnataka,Prime,Male,"Lay's Chips","Food and beverages",21.12,11,15.4300,466.6000,"2026-05-18 00:07:53",19:31:00,"Credit Card",237.38,4.761904716,22.2100,6.3,Evening,Monday,May,Bad
775-72-1988,Saket,Delhi,Maharashtra,Elite,Male,"Wall Clock","Home and lifestyle",73.28,9,43.4100,911.5000,"2026-11-23 11:02:50",15:05:00,Ewallet,667.76,4.761904716,43.4100,8.4,Afternoon,Monday,November,Good
776-68-1096,Whitefield,Bangalore,Maharashtra,Elite,Male,"Storage Basket","Home and lifestyle",44.12,5,13.7300,288.1700,"2026-08-13 16:43:01",13:45:00,UPI,190.60,4.761904716,13.7300,7.9,Afternoon,Thursday,August,Bad
777-67-2495,Saket,Delhi,Telangana,Basic,Male,"Coffee Mug","Home and lifestyle",68.97,5,19.3600,329.4400,"2026-08-21 02:11:58",11:26:00,Ewallet,297.95,4.761904716,15.6800,8.7,Morning,Friday,August,Bad
777-82-7220,Rohini,Delhi,Delhi,Elite,Male,"Table Lamp","Home and lifestyle",30.12,12,22.5600,473.6300,"2026-07-20 11:20:19",13:01:00,UPI,346.98,4.761904716,22.5600,7.7,Afternoon,Monday,July,Bad
778-34-2523,Rohini,Delhi,Karnataka,Basic,Female,"Power Bank","Electronic accessories",48.62,12,36.4100,619.2800,"2026-09-18 03:38:29",10:57:00,UPI,560.10,4.761904716,29.4900,6.7,Morning,Friday,September,Good
778-71-5554,Indiranagar,Bangalore,Karnataka,Basic,Male,"Baseball Cap","Fashion accessories",15.43,1,1.6100,33.6000,"2026-08-14 15:08:26",15:46:00,"Credit card",22.22,4.761904716,1.6100,6.1,Afternoon,Friday,August,Bad
778-89-7974,Whitefield,Bangalore,Maharashtra,Prime,Male,"Face Wash","Health and beauty",70.21,10,54.8800,1152.1000,"2026-04-21 14:53:47",14:58:00,Cash,761.98,4.761904716,54.8800,7.4,Afternoon,Tuesday,April,Good
779-06-0012,Saket,Delhi,Maharashtra,Elite,Female,"Wall Clock","Home and lifestyle",88.61,1,6.6600,113.4200,"2026-03-13 02:46:02",10:21:00,UPI,102.57,4.761904716,5.4100,7.7,Morning,Friday,March,Bad
779-42-2410,Hinjawadi,Pune,Delhi,Prime,Male,"Nescafe Coffee","Food and beverages",57.74,2,6.5500,137.4700,"2026-12-28 14:30:36",13:06:00,Cash,161.63,4.761904716,6.5500,7.7,Afternoon,Monday,December,Bad
781-84-8059,Andheri,Mumbai,Maharashtra,Elite,Male,"Leather Wallet","Fashion accessories",60.74,7,27.6400,835.7400,"2026-01-20 10:47:15",16:23:00,Ewallet,425.18,4.761904716,39.7900,5.0,Evening,Tuesday,January,Good
782-95-9291,Gachibowli,Hyderabad,Delhi,Basic,Male,Coca-Cola,"Food and beverages",92.29,6,27.6900,581.4300,"2026-02-02 02:22:31",15:55:00,"Credit card",553.74,4.761904716,27.6900,9.0,Afternoon,Monday,February,Good
783-09-1637,Baner,Pune,Maharashtra,Basic,Female,"Yoga Mat","Sports and travel",67.43,5,15.8100,478.0100,"2026-03-24 20:02:34",18:13:00,Ewallet,390.30,4.761904716,22.7600,6.3,Evening,Tuesday,March,Good
784-08-0310,Bandra,Mumbai,Delhi,Elite,Female,"Tropicana Juice","Food and beverages",21.04,6,7.8800,165.4300,"2026-07-01 23:26:10",13:58:00,Cash,121.19,4.761904716,7.8800,7.6,Afternoon,Wednesday,July,Bad
784-21-9238,"Connaught Place",Delhi,Maharashtra,Elite,Male,"Gym Bag","Sports and travel",10.17,1,1.2200,25.3600,"2026-05-24 00:54:08",14:15:00,UPI,14.29,4.761904716,1.2200,5.9,Afternoon,Sunday,May,Bad
785-13-7708,Andheri,Mumbai,Maharashtra,Basic,Male,"Tropicana Juice","Food and beverages",73.06,10,51.8700,1568.1900,"2026-01-03 22:13:07",19:06:00,"Credit Card",613.70,4.761904716,74.7000,4.2,Evening,Saturday,January,Good
785-96-0615,Baner,Pune,Delhi,Elite,Female,"Bluetooth Speaker","Electronic accessories",35.74,12,16.6800,350.1700,"2026-08-10 06:02:04",15:28:00,Ewallet,411.72,4.761904716,16.6800,7.1,Afternoon,Monday,August,Bad
786-94-2700,Baner,Pune,Karnataka,Prime,Male,Coca-Cola,"Food and beverages",80.62,9,27.5300,832.3100,"2026-06-10 10:41:16",20:18:00,Cash,679.59,4.761904716,39.6400,9.1,Evening,Wednesday,June,Good
787-15-1757,Gachibowli,Hyderabad,Delhi,Elite,Male,"Face Wash","Health and beauty",44.07,9,20.8800,631.5000,"2026-11-28 04:45:39",16:28:00,Ewallet,321.27,4.761904716,30.0800,8.4,Evening,Saturday,November,Bad
787-56-0757,"Banjara Hills",Hyderabad,Karnataka,Elite,Female,"Oreo Biscuits","Food and beverages",80.36,4,18.6100,562.6300,"2026-04-09 18:15:51",18:45:00,"Credit card",372.11,4.761904716,26.8000,8.3,Evening,Thursday,April,Good
787-87-2010,Powai,Mumbai,Maharashtra,Basic,Male,"Body Lotion","Health and beauty",55.50,7,26.3100,552.2800,"2026-12-28 16:10:34",15:48:00,"Credit Card",404.60,4.761904716,26.3100,6.6,Afternoon,Monday,December,Bad
788-07-8452,Indiranagar,Bangalore,Karnataka,Elite,Female,"Table Lamp","Home and lifestyle",24.24,23,39.1600,1184.1200,"2026-05-25 22:58:14",17:38:00,UPI,543.86,4.761904716,56.3800,9.4,Evening,Monday,May,Bad
788-21-5741,Powai,Mumbai,Maharashtra,Basic,Male,"Leather Wallet","Fashion accessories",45.38,5,12.7400,267.6100,"2026-08-07 02:51:13",13:34:00,"Credit Card",196.04,4.761904716,12.7400,7.2,Afternoon,Friday,August,Bad
789-23-8625,Powai,Mumbai,Delhi,Elite,Male,"Wrist Watch","Fashion accessories",93.22,13,72.4900,1232.6900,"2026-10-20 15:29:16",11:45:00,Cash,1114.95,4.761904716,58.7100,7.2,Morning,Tuesday,October,Bad
790-29-1172,Baner,Pune,Karnataka,Prime,Female,"Oreo Biscuits","Food and beverages",57.34,2,6.5000,196.5800,"2026-10-29 04:35:06",18:59:00,Cash,160.52,4.761904716,9.3600,7.9,Evening,Thursday,October,Bad
790-38-4466,Andheri,Mumbai,Maharashtra,Prime,Female,"Body Lotion","Health and beauty",10.99,8,5.0200,112.8800,"2026-06-24 19:43:31",10:18:00,"Credit Card",77.19,4.761904716,5.3800,9.3,Morning,Wednesday,June,Bad
793-10-3222,Powai,Mumbai,Delhi,Prime,Female,Shampoo,"Health and beauty",41.06,8,23.0600,640.4000,"2026-09-03 21:31:11",13:30:00,"Credit card",354.76,4.761904716,30.5000,8.3,Afternoon,Thursday,September,Bad
794-32-2436,Koramangala,Bangalore,Maharashtra,Prime,Male,"USB Flash Drive","Electronic accessories",55.67,3,14.6600,428.1400,"2026-06-20 15:20:42",15:08:00,UPI,156.42,4.761904716,20.4100,6.8,Afternoon,Saturday,June,Bad
794-42-3736,Hinjawadi,Pune,Maharashtra,Prime,Male,"Tropicana Juice","Food and beverages",33.33,2,2.5200,52.9000,"2026-10-19 01:52:53",14:41:00,"Credit card",62.21,4.761904716,2.5200,6.4,Afternoon,Monday,October,Bad
795-49-7276,"Hitech City",Hyderabad,Delhi,Basic,Male,"Baseball Cap","Fashion accessories",37.15,7,13.5400,409.4900,"2026-12-29 17:38:35",18:59:00,Ewallet,270.82,4.761904716,19.5000,8.3,Evening,Tuesday,December,Bad
796-12-2025,Hinjawadi,Pune,Maharashtra,Basic,Male,"Wrist Watch","Fashion accessories",62.12,20,50.7100,1533.7700,"2026-09-11 06:17:03",16:19:00,Cash,1252.34,4.761904716,73.0300,5.9,Evening,Friday,September,Good
796-32-9050,Saket,Delhi,Telangana,Prime,Male,Coca-Cola,"Food and beverages",51.28,7,27.7800,840.1100,"2026-03-25 08:36:51",16:31:00,UPI,427.41,4.761904716,40.0000,6.5,Evening,Wednesday,March,Good
797-88-0493,Indiranagar,Bangalore,Maharashtra,Basic,Female,"Body Lotion","Health and beauty",64.27,4,18.5000,514.0600,"2026-02-09 11:06:42",13:54:00,UPI,257.08,4.761904716,24.4700,7.7,Afternoon,Monday,February,Bad
799-71-1548,Andheri,Mumbai,Telangana,Elite,Male,"Wireless Mouse","Electronic accessories",77.72,14,77.0400,3244.7400,"2026-12-28 13:35:50",16:11:00,"Credit card",1185.56,4.761904716,154.4900,8.4,Evening,Monday,December,Good
800-09-8606,Rohini,Delhi,Delhi,Elite,Female,"Wall Clock","Home and lifestyle",87.37,9,51.7500,1564.9300,"2026-11-10 14:20:34",19:45:00,UPI,796.16,4.761904716,74.5300,6.6,Evening,Tuesday,November,Good
801-88-0346,"Hitech City",Hyderabad,Maharashtra,Elite,Female,Sunglasses,"Fashion accessories",76.06,4,20.8400,833.3500,"2026-05-30 06:08:19",20:30:00,"Credit card",320.58,4.761904716,39.7100,9.8,Evening,Saturday,May,Bad
802-43-8934,"Banjara Hills",Hyderabad,Maharashtra,Elite,Male,Bedsheet,"Home and lifestyle",18.28,1,0.9140,19.1940,"2026-01-19 11:33:01",15:05:00,"Credit card",18.28,4.761904716,0.9140,8.3,Afternoon,Monday,January,Bad
802-70-5316,Baner,Pune,Maharashtra,Basic,Female,"Cricket Bat","Sports and travel",92.13,8,33.7000,1018.8400,"2026-04-04 20:12:28",20:34:00,Cash,639.91,4.761904716,48.5200,8.3,Evening,Saturday,April,Good
803-17-8013,Koramangala,Bangalore,Karnataka,Prime,Female,"Table Lamp","Home and lifestyle",88.79,26,163.9100,4957.3300,"2026-06-10 15:59:56",17:09:00,UPI,2276.83,4.761904716,236.0200,4.1,Evening,Wednesday,June,Good
803-83-5989,Whitefield,Bangalore,Karnataka,Elite,Male,"Table Lamp","Home and lifestyle",55.73,6,24.0700,409.5300,"2026-01-07 02:06:34",10:55:00,UPI,334.38,4.761904716,19.4900,7.0,Morning,Wednesday,January,Good
804-38-3935,Gachibowli,Hyderabad,Delhi,Prime,Male,"Mechanical Keyboard","Electronic accessories",93.78,3,19.7700,468.0800,"2026-05-22 16:05:23",11:32:00,"Credit card",395.26,4.761904716,22.2900,7.2,Morning,Friday,May,Bad
805-86-0265,Saket,Delhi,Telangana,Elite,Male,"Wall Clock","Home and lifestyle",93.96,9,63.6400,1082.3600,"2026-03-11 22:43:15",11:32:00,Cash,978.94,4.761904716,51.5500,9.8,Morning,Wednesday,March,Good
807-14-7833,Gachibowli,Hyderabad,Maharashtra,Elite,Female,"Mechanical Keyboard","Electronic accessories",17.42,8,6.5300,137.1800,"2026-02-27 22:53:27",12:30:00,Ewallet,130.65,4.761904716,6.5300,8.1,Afternoon,Friday,February,Bad
807-34-3742,Gachibowli,Hyderabad,Maharashtra,Basic,Male,"Leather Wallet","Fashion accessories",52.38,1,3.0300,91.6900,"2026-04-17 14:26:16",19:44:00,Cash,60.64,4.761904716,4.3700,5.8,Evening,Friday,April,Bad
808-65-0703,Whitefield,Bangalore,Karnataka,Elite,Male,"Wall Clock","Home and lifestyle",35.47,4,10.2100,308.9000,"2026-02-17 20:17:59",17:22:00,UPI,141.88,4.761904716,14.7000,6.9,Evening,Tuesday,February,Bad
809-46-1866,Koramangala,Bangalore,Delhi,Prime,Male,"Face Wash","Health and beauty",58.15,7,30.5200,922.9700,"2026-11-03 15:45:25",17:44:00,UPI,423.91,4.761904716,43.9400,8.4,Evening,Tuesday,November,Bad
809-69-9497,Baner,Pune,Telangana,Basic,Female,"Coffee Mug","Home and lifestyle",45.68,19,33.7100,1019.5900,"2026-10-07 20:41:11",19:30:00,Cash,832.52,4.761904716,48.5500,5.7,Evening,Wednesday,October,Good
810-60-6344,Bandra,Mumbai,Maharashtra,Prime,Female,"USB Flash Drive","Electronic accessories",40.86,8,20.7200,435.0500,"2026-01-04 11:13:49",14:38:00,"Credit card",245.16,4.761904716,20.7200,8.5,Afternoon,Sunday,January,Good
811-03-8790,Gachibowli,Hyderabad,Delhi,Elite,Female,"USB Flash Drive","Electronic accessories",45.48,13,26.3200,447.7800,"2026-04-23 03:11:59",10:22:00,"Credit card",526.49,4.761904716,21.3200,7.5,Morning,Thursday,April,Good
811-35-1094,Baner,Pune,Maharashtra,Elite,Male,"Wireless Mouse","Electronic accessories",50.45,8,17.6500,516.1900,"2026-09-29 07:43:20",15:16:00,Cash,435.89,4.761904716,24.5800,7.5,Afternoon,Tuesday,September,Bad
815-04-6282,Bandra,Mumbai,Maharashtra,Basic,Female,"Cricket Bat","Sports and travel",64.97,8,29.6500,622.9600,"2026-05-18 21:55:28",12:52:00,"Credit card",456.39,4.761904716,29.6500,6.5,Afternoon,Monday,May,Good
815-11-1168,Saket,Delhi,Maharashtra,Elite,Male,"Tropicana Juice","Food and beverages",99.78,8,45.5500,1377.7300,"2026-06-10 11:03:58",19:09:00,UPI,700.92,4.761904716,65.6200,5.4,Evening,Wednesday,June,Good
816-57-2053,"Hitech City",Hyderabad,Karnataka,Prime,Male,Football,"Sports and travel",60.87,5,14.4300,302.8600,"2026-12-26 12:56:20",12:37:00,Ewallet,221.87,4.761904716,14.4300,8.7,Afternoon,Saturday,December,Bad
816-72-8853,Saket,Delhi,Telangana,Prime,Female,Football,"Sports and travel",27.93,15,26.5600,557.2500,"2026-09-28 02:14:42",15:48:00,Cash,408.22,4.761904716,26.5600,5.9,Afternoon,Monday,September,Bad
817-48-8732,Hinjawadi,Pune,Maharashtra,Prime,Female,"Table Lamp","Home and lifestyle",72.35,13,33.9100,712.3200,"2026-03-30 22:12:17",15:55:00,Cash,837.54,4.761904716,33.9100,5.4,Afternoon,Monday,March,Good
817-69-8206,Kharadi,Pune,Telangana,Prime,Female,"Mechanical Keyboard","Electronic accessories",99.73,34,138.6500,4192.1900,"2026-11-26 17:41:03",19:42:00,"Credit card",3422.96,4.761904716,199.6400,6.6,Evening,Thursday,November,Good
821-07-3596,"Banjara Hills",Hyderabad,Delhi,Basic,Female,"Wrist Watch","Fashion accessories",16.45,7,5.9900,166.5200,"2026-12-23 16:09:39",14:53:00,Ewallet,119.92,4.761904716,7.9400,5.6,Afternoon,Wednesday,December,Bad
821-14-9046,Powai,Mumbai,Delhi,Basic,Female,"Leather Wallet","Fashion accessories",17.48,9,9.5700,266.0000,"2026-06-09 03:53:50",15:04:00,"Credit card",147.36,4.761904716,12.6600,6.1,Afternoon,Tuesday,June,Bad
824-88-3614,Whitefield,Bangalore,Maharashtra,Elite,Male,Shampoo,"Health and beauty",34.31,12,28.4500,597.6100,"2026-07-03 00:36:13",15:00:00,UPI,395.26,4.761904716,28.4500,5.7,Afternoon,Friday,July,Bad
825-94-5922,"Connaught Place",Delhi,Telangana,Elite,Male,"Yoga Mat","Sports and travel",25.31,7,9.6100,290.8400,"2026-08-14 00:23:43",19:26:00,UPI,147.97,4.761904716,13.8400,7.2,Evening,Friday,August,Bad
826-58-8051,Kharadi,Pune,Maharashtra,Elite,Male,"Storage Basket","Home and lifestyle",62.19,4,11.6600,352.6800,"2026-03-24 02:04:50",19:46:00,Ewallet,287.97,4.761904716,16.8000,4.3,Evening,Tuesday,March,Bad
827-26-2100,Kharadi,Pune,Maharashtra,Basic,Male,Bedsheet,"Home and lifestyle",33.84,16,22.4800,679.8000,"2026-10-02 11:58:17",16:21:00,Ewallet,555.07,4.761904716,32.3600,8.8,Evening,Friday,October,Bad
827-44-5872,Koramangala,Bangalore,Delhi,Elite,Female,"Oreo Biscuits","Food and beverages",54.36,20,70.6800,1202.3200,"2026-03-29 16:43:53",11:28:00,UPI,755.15,4.761904716,57.2700,6.1,Morning,Sunday,March,Good
827-77-7633,Baner,Pune,Karnataka,Elite,Male,"Gym Bag","Sports and travel",98.09,16,65.1600,1970.4700,"2026-10-08 18:09:28",19:41:00,Cash,1608.92,4.761904716,93.8400,9.3,Evening,Thursday,October,Good
828-46-6863,Whitefield,Bangalore,Telangana,Basic,Male,Coca-Cola,"Food and beverages",98.53,9,59.8100,1017.2100,"2026-06-23 02:24:58",11:22:00,UPI,830.56,4.761904716,48.4500,4.0,Morning,Tuesday,June,Good
828-61-5674,"Connaught Place",Delhi,Maharashtra,Elite,Male,"Cricket Bat","Sports and travel",44.02,10,28.6100,865.2600,"2026-01-30 02:29:06",19:57:00,"Credit card",440.20,4.761904716,41.2000,9.6,Evening,Friday,January,Good
829-34-3910,"Hitech City",Hyderabad,Maharashtra,Elite,Female,Sunscreen,"Health and beauty",71.38,26,83.9200,3356.2800,"2026-04-11 01:28:11",19:21:00,Cash,1291.11,4.761904716,159.8200,5.7,Evening,Saturday,April,Good
829-49-1914,Andheri,Mumbai,Karnataka,Basic,Female,"Oreo Biscuits","Food and beverages",78.31,13,71.5000,2162.5700,"2026-06-26 05:33:51",16:24:00,"Credit Card",1100.20,4.761904716,102.9600,6.6,Evening,Friday,June,Good
830-58-2383,"Banjara Hills",Hyderabad,Maharashtra,Basic,Male,"Wall Clock","Home and lifestyle",31.75,6,9.1400,192.0200,"2026-09-17 20:29:35",15:26:00,Cash,182.88,4.761904716,9.1400,8.6,Afternoon,Thursday,September,Bad
831-07-6050,Koramangala,Bangalore,Maharashtra,Basic,Male,"Bluetooth Speaker","Electronic accessories",32.71,5,11.4800,271.9300,"2026-02-21 03:17:25",11:30:00,"Credit card",122.66,4.761904716,12.9300,7.9,Morning,Saturday,February,Bad
831-64-0259,Rohini,Delhi,Karnataka,Prime,Female,"Leather Wallet","Fashion accessories",39.75,5,14.9500,336.4300,"2026-04-08 22:04:43",10:43:00,UPI,230.08,4.761904716,16.0200,9.6,Morning,Wednesday,April,Bad
831-81-6575,Rohini,Delhi,Maharashtra,Prime,Female,"Bluetooth Speaker","Electronic accessories",75.59,34,168.6400,2868.5000,"2026-10-20 05:53:02",11:12:00,Cash,2594.42,4.761904716,136.6000,7.5,Morning,Tuesday,October,Good
832-51-6761,Powai,Mumbai,Maharashtra,Elite,Male,Coca-Cola,"Food and beverages",33.88,6,16.4200,497.1100,"2026-10-28 09:05:21",20:29:00,"Credit Card",252.91,4.761904716,23.6500,9.6,Evening,Wednesday,October,Bad
834-25-9262,Kharadi,Pune,Delhi,Elite,Female,"Wrist Watch","Fashion accessories",81.68,4,18.5900,516.3000,"2026-06-05 23:44:22",12:12:00,Cash,459.02,4.761904716,24.5900,9.1,Afternoon,Friday,June,Good
834-45-5519,Andheri,Mumbai,Delhi,Prime,Female,"Bluetooth Speaker","Electronic accessories",43.00,6,16.0900,486.8300,"2026-09-02 09:14:59",20:48:00,"Credit Card",247.68,4.761904716,23.1800,6.9,Evening,Wednesday,September,Bad
834-61-8124,"Banjara Hills",Hyderabad,Telangana,Prime,Male,"Bluetooth Speaker","Electronic accessories",51.69,25,68.9900,2905.0100,"2026-12-01 10:05:24",18:22:00,Cash,1379.86,4.761904716,138.3200,7.8,Evening,Tuesday,December,Good
834-83-1826,"Banjara Hills",Hyderabad,Maharashtra,Basic,Female,"Table Lamp","Home and lifestyle",82.04,21,85.4800,2584.4400,"2026-05-10 12:27:51",17:16:00,"Credit card",1314.83,4.761904716,123.0600,7.6,Evening,Sunday,May,Good
835-16-0096,Kharadi,Pune,Delhi,Basic,Male,Football,"Sports and travel",14.70,20,11.3000,237.5600,"2026-07-12 02:00:37",13:48:00,Cash,214.86,4.761904716,11.3100,8.5,Afternoon,Sunday,July,Bad
836-82-5858,Rohini,Delhi,Karnataka,Basic,Male,Shampoo,"Health and beauty",69.37,21,96.1500,2907.5300,"2026-11-01 22:01:09",19:14:00,UPI,1137.85,4.761904716,138.4500,4.0,Evening,Sunday,November,Good
837-55-7229,Andheri,Mumbai,Maharashtra,Elite,Female,"Leather Wallet","Fashion accessories",47.44,1,4.0000,160.3100,"2026-02-01 16:16:30",18:19:00,"Credit Card",47.44,4.761904716,7.6400,6.8,Evening,Sunday,February,Bad
838-02-1821,Kharadi,Pune,Delhi,Elite,Female,Bedsheet,"Home and lifestyle",12.73,2,1.0300,21.6500,"2026-02-18 15:03:01",12:10:00,Cash,25.46,4.761904716,1.0400,5.2,Afternoon,Wednesday,February,Bad
838-78-4295,Saket,Delhi,Maharashtra,Basic,Female,Shampoo,"Health and beauty",33.47,3,8.1500,226.2100,"2026-09-27 19:29:02",15:43:00,Ewallet,96.40,4.761904716,10.7600,6.7,Afternoon,Sunday,September,Bad
840-19-2096,"Banjara Hills",Hyderabad,Maharashtra,Prime,Male,"Mechanical Keyboard","Electronic accessories",87.91,19,83.8100,3529.0300,"2026-11-04 18:44:38",18:10:00,Ewallet,1676.26,4.761904716,168.0300,7.9,Evening,Wednesday,November,Good
840-76-5966,Gachibowli,Hyderabad,Delhi,Prime,Male,"Yoga Mat","Sports and travel",12.76,3,2.3300,70.4600,"2026-05-17 12:46:49",18:06:00,Ewallet,35.85,4.761904716,3.3700,7.8,Evening,Sunday,May,Bad
841-18-8232,Andheri,Mumbai,Telangana,Prime,Female,"Nescafe Coffee","Food and beverages",71.20,1,6.6600,201.5200,"2026-07-16 02:07:44",20:40:00,"Credit card",102.53,4.761904716,9.5800,9.2,Evening,Thursday,July,Bad
841-35-6630,"Hitech City",Hyderabad,Telangana,Basic,Female,"Power Bank","Electronic accessories",75.91,30,112.9000,3414.0700,"2026-10-31 21:25:51",18:21:00,Cash,1736.91,4.761904716,162.5700,7.3,Evening,Saturday,October,Good
842-29-4695,Gachibowli,Hyderabad,Karnataka,Prime,Male,"Cricket Bat","Sports and travel",17.14,16,14.2200,298.4700,"2026-12-20 04:01:39",12:07:00,"Credit card",218.66,4.761904716,14.2200,7.9,Afternoon,Sunday,December,Bad
842-40-8179,Rohini,Delhi,Karnataka,Prime,Female,"Tropicana Juice","Food and beverages",77.20,13,60.8800,1035.4000,"2026-12-06 03:38:46",10:38:00,UPI,720.37,4.761904716,49.3200,5.6,Morning,Sunday,December,Good
843-01-4703,Hinjawadi,Pune,Maharashtra,Basic,Female,Bedsheet,"Home and lifestyle",35.38,21,30.5500,923.9200,"2026-12-19 09:01:49",19:50:00,"Credit card",580.32,4.761904716,43.9900,9.6,Evening,Saturday,December,Good
843-73-4724,Gachibowli,Hyderabad,Karnataka,Basic,Male,Handbag,"Fashion accessories",74.10,1,6.7500,114.8700,"2026-12-25 18:45:41",11:05:00,Cash,135.05,4.761904716,5.4700,9.2,Morning,Friday,December,Bad
845-51-0542,Kharadi,Pune,Delhi,Prime,Male,"Oreo Biscuits","Food and beverages",46.55,7,15.8300,332.4800,"2026-12-18 11:11:47",15:34:00,Cash,390.94,4.761904716,15.8300,6.4,Afternoon,Friday,December,Good
845-94-6841,Baner,Pune,Telangana,Prime,Female,"Oreo Biscuits","Food and beverages",72.88,12,37.3200,1128.5900,"2026-06-12 19:52:41",19:38:00,Cash,921.52,4.761904716,53.7400,4.0,Evening,Friday,June,Good
846-10-0341,Hinjawadi,Pune,Telangana,Elite,Female,"Baseball Cap","Fashion accessories",42.57,28,48.1200,1082.3600,"2026-10-21 12:55:04",11:51:00,Cash,1188.00,4.761904716,51.5500,6.8,Morning,Wednesday,October,Bad
847-38-7188,"Banjara Hills",Hyderabad,Maharashtra,Prime,Female,"Tropicana Juice","Food and beverages",96.68,4,21.8300,659.9700,"2026-04-12 18:32:19",19:56:00,Ewallet,335.76,4.761904716,31.4300,6.4,Evening,Sunday,April,Bad
848-07-1692,Andheri,Mumbai,Telangana,Prime,Female,"Face Wash","Health and beauty",57.22,3,9.6700,386.7200,"2026-01-11 19:58:23",17:13:00,Ewallet,114.44,4.761904716,18.4200,8.3,Evening,Sunday,January,Bad
848-24-9445,Gachibowli,Hyderabad,Telangana,Basic,Male,"Lip Balm","Health and beauty",43.70,2,4.3700,132.1400,"2026-01-27 20:38:25",18:03:00,Cash,87.40,4.761904716,6.2900,4.9,Evening,Tuesday,January,Bad
848-42-2560,Gachibowli,Hyderabad,Maharashtra,Prime,Female,"Baseball Cap","Fashion accessories",81.91,3,10.6500,425.8300,"2026-02-01 20:24:31",17:43:00,Cash,163.82,4.761904716,20.2700,7.8,Evening,Sunday,February,Bad
848-62-7243,Kharadi,Pune,Delhi,Prime,Male,"Face Wash","Health and beauty",24.89,16,16.5300,347.2200,"2026-12-29 10:00:20",15:36:00,Cash,408.25,4.761904716,16.5300,7.4,Afternoon,Tuesday,December,Bad
848-95-6252,Kharadi,Pune,Karnataka,Elite,Female,Bedsheet,"Home and lifestyle",86.27,1,4.5400,95.3900,"2026-02-07 06:25:38",13:24:00,Ewallet,86.27,4.761904716,4.5400,7.0,Afternoon,Saturday,February,Bad
849-09-3807,Kharadi,Pune,Telangana,Prime,Female,Handbag,"Fashion accessories",88.34,9,32.5600,904.2200,"2026-01-11 08:04:10",13:28:00,Cash,618.38,4.761904716,43.0600,6.6,Afternoon,Sunday,January,Good
850-41-9669,"Connaught Place",Delhi,Telangana,Basic,Female,"Bluetooth Speaker","Electronic accessories",75.06,13,63.2300,1327.8500,"2026-08-07 23:28:29",13:25:00,Ewallet,972.78,4.761904716,63.2300,6.6,Afternoon,Friday,August,Good
851-28-6367,"Hitech City",Hyderabad,Maharashtra,Prime,Male,"Yoga Mat","Sports and travel",15.50,10,7.7500,131.8300,"2026-02-05 13:23:49",10:55:00,Ewallet,155.00,4.761904716,6.2800,8.0,Morning,Thursday,February,Bad
851-98-3555,Whitefield,Bangalore,Delhi,Elite,Female,"Face Wash","Health and beauty",82.88,8,41.9200,1164.1800,"2026-06-30 19:16:22",14:08:00,UPI,582.21,4.761904716,55.4300,6.6,Afternoon,Tuesday,June,Good
852-62-7105,Gachibowli,Hyderabad,Telangana,Elite,Female,Handbag,"Fashion accessories",83.25,18,77.9200,1752.9200,"2026-07-12 05:36:36",11:25:00,"Credit card",1198.80,4.761904716,83.4800,4.4,Morning,Sunday,July,Good
852-82-2749,"Connaught Place",Delhi,Telangana,Elite,Male,"Yoga Mat","Sports and travel",64.59,16,63.8300,1340.1800,"2026-08-01 05:08:09",13:35:00,Ewallet,755.23,4.761904716,63.8300,9.3,Afternoon,Saturday,August,Bad
853-23-2453,Koramangala,Bangalore,Maharashtra,Basic,Male,"Face Wash","Health and beauty",75.74,6,39.4700,828.5400,"2026-04-28 23:05:33",14:35:00,Cash,548.00,4.761904716,39.4700,7.6,Afternoon,Tuesday,April,Bad
856-22-8149,Indiranagar,Bangalore,Maharashtra,Elite,Female,"Table Lamp","Home and lifestyle",25.29,1,3.3200,56.4500,"2026-11-06 08:32:04",10:13:00,UPI,46.09,4.761904716,2.7000,6.1,Morning,Friday,November,Bad
856-66-2701,Bandra,Mumbai,Maharashtra,Basic,Male,"Wall Clock","Home and lifestyle",53.30,3,12.0200,252.6700,"2026-03-26 02:19:27",14:19:00,Ewallet,185.12,4.761904716,12.0300,7.5,Afternoon,Thursday,March,Bad
857-16-3520,Bandra,Mumbai,Maharashtra,Basic,Female,Handbag,"Fashion accessories",71.46,28,129.6400,5184.0900,"2026-10-14 15:21:08",16:06:00,Ewallet,1994.26,4.761904716,246.8700,4.5,Evening,Wednesday,October,Good
857-67-9057,"Connaught Place",Delhi,Maharashtra,Basic,Male,"Power Bank","Electronic accessories",22.95,40,56.8900,2395.4200,"2026-11-03 06:46:26",19:20:00,Ewallet,875.22,4.761904716,114.0500,8.4,Evening,Tuesday,November,Bad
859-71-0933,Whitefield,Bangalore,Karnataka,Basic,Female,Football,"Sports and travel",15.49,5,5.2900,110.9700,"2026-11-22 14:32:18",15:10:00,UPI,56.46,4.761904716,5.2900,6.3,Afternoon,Sunday,November,Bad
859-97-6048,Bandra,Mumbai,Karnataka,Basic,Male,"Power Bank","Electronic accessories",84.25,2,15.3900,449.9600,"2026-05-11 23:15:40",14:13:00,"Credit Card",236.73,4.761904716,21.4400,7.6,Afternoon,Monday,May,Bad
860-73-6466,Bandra,Mumbai,Karnataka,Elite,Female,"Yoga Mat","Sports and travel",39.47,5,12.1700,367.6300,"2026-10-10 23:07:13",16:16:00,"Credit Card",143.87,4.761904716,17.5200,5.0,Evening,Saturday,October,Bad
860-79-0874,Indiranagar,Bangalore,Karnataka,Elite,Female,"Baseball Cap","Fashion accessories",99.30,13,100.4500,2789.6600,"2026-06-30 13:56:15",14:53:00,"Credit card",1395.09,4.761904716,132.8400,6.6,Afternoon,Tuesday,June,Good
861-77-0145,Rohini,Delhi,Maharashtra,Elite,Male,"Power Bank","Electronic accessories",81.97,13,74.8500,2188.8100,"2026-06-03 08:43:41",14:30:00,UPI,1151.62,4.761904716,104.2200,8.3,Afternoon,Wednesday,June,Good
862-17-9201,Andheri,Mumbai,Karnataka,Elite,Female,"Tropicana Juice","Food and beverages",84.05,8,47.2000,802.9300,"2026-07-22 16:23:56",10:48:00,"Credit Card",726.19,4.761904716,38.2300,7.7,Morning,Wednesday,July,Good
862-29-5914,Whitefield,Bangalore,Delhi,Prime,Female,"Travel Backpack","Sports and travel",22.38,1,2.9300,88.7800,"2026-10-02 17:01:44",17:08:00,"Credit card",40.78,4.761904716,4.2200,8.6,Evening,Friday,October,Bad
862-59-8517,Kharadi,Pune,Telangana,Basic,Female,"Oreo Biscuits","Food and beverages",90.24,6,25.3900,431.8100,"2026-04-17 07:57:31",11:17:00,Cash,626.79,4.761904716,20.5700,6.2,Morning,Friday,April,Good
864-24-7918,Rohini,Delhi,Maharashtra,Elite,Female,Football,"Sports and travel",24.49,19,29.0200,609.2500,"2026-10-13 21:57:27",15:15:00,Cash,446.34,4.761904716,29.0200,8.1,Afternoon,Tuesday,October,Bad
865-41-9075,Andheri,Mumbai,Karnataka,Basic,Male,"Tropicana Juice","Food and beverages",11.53,8,7.2800,220.3700,"2026-03-25 09:33:56",17:35:00,"Credit Card",112.11,4.761904716,10.5000,8.1,Evening,Wednesday,March,Bad
865-92-6136,Kharadi,Pune,Delhi,Elite,Male,"Lay's Chips","Food and beverages",52.75,3,7.4200,126.2100,"2026-04-23 08:07:45",10:16:00,Cash,183.19,4.761904716,6.0100,9.3,Morning,Thursday,April,Bad
866-05-7563,Andheri,Mumbai,Delhi,Basic,Female,"USB Flash Drive","Electronic accessories",81.40,14,78.6900,2379.6500,"2026-10-10 20:22:02",19:43:00,Cash,931.27,4.761904716,113.3200,8.1,Evening,Saturday,October,Bad
866-70-2814,Powai,Mumbai,Karnataka,Elite,Female,"Wireless Mouse","Electronic accessories",52.79,40,130.8300,2225.9200,"2026-12-04 01:49:02",11:58:00,"Credit Card",2013.20,4.761904716,105.9800,7.3,Morning,Friday,December,Good
866-99-7614,"Banjara Hills",Hyderabad,Maharashtra,Prime,Male,"Lay's Chips","Food and beverages",89.20,14,64.2200,1348.7000,"2026-08-10 19:13:24",15:42:00,"Credit card",1284.48,4.761904716,64.2200,4.4,Afternoon,Monday,August,Good
867-47-1948,Baner,Pune,Telangana,Prime,Female,"Coffee Mug","Home and lifestyle",15.80,13,7.4100,155.5700,"2026-03-10 12:53:24",12:07:00,Cash,182.91,4.761904716,7.4100,7.8,Afternoon,Tuesday,March,Bad
868-06-0466,Whitefield,Bangalore,Maharashtra,Prime,Male,"Bluetooth Speaker","Electronic accessories",69.58,9,43.9700,1851.0300,"2026-02-14 23:54:06",19:38:00,UPI,469.67,4.761904716,88.1600,7.8,Evening,Saturday,February,Good
868-52-7573,Gachibowli,Hyderabad,Telangana,Basic,Female,"Tropicana Juice","Food and beverages",99.69,7,35.8900,753.6600,"2026-08-13 02:07:12",12:09:00,Cash,717.77,4.761904716,35.8900,9.9,Afternoon,Thursday,August,Good
868-81-1752,"Banjara Hills",Hyderabad,Karnataka,Basic,Male,"Wall Clock","Home and lifestyle",22.02,13,14.2700,431.5000,"2026-08-06 17:10:05",18:48:00,Cash,285.38,4.761904716,20.5400,6.8,Evening,Thursday,August,Bad
869-11-3082,Whitefield,Bangalore,Maharashtra,Elite,Male,Shampoo,"Health and beauty",96.16,7,50.4600,1526.3200,"2026-10-15 19:06:54",20:03:00,UPI,701.00,4.761904716,72.6600,8.4,Evening,Thursday,October,Good
870-54-3162,Whitefield,Bangalore,Telangana,Basic,Female,Football,"Sports and travel",32.25,15,33.9500,712.7200,"2026-08-14 16:40:23",13:26:00,UPI,471.37,4.761904716,33.9500,9.0,Afternoon,Friday,August,Bad
870-72-4431,Andheri,Mumbai,Maharashtra,Elite,Female,"Body Lotion","Health and beauty",99.19,10,72.4100,2011.1900,"2026-08-16 00:45:19",14:42:00,"Credit card",857.00,4.761904716,95.7700,5.5,Afternoon,Sunday,August,Good
870-76-1733,Hinjawadi,Pune,Karnataka,Elite,Female,Coca-Cola,"Food and beverages",14.23,5,3.3500,56.7500,"2026-04-16 08:17:28",10:08:00,"Credit card",82.37,4.761904716,2.7100,4.4,Morning,Thursday,April,Bad
871-39-9221,Hinjawadi,Pune,Delhi,Basic,Female,"Wireless Mouse","Electronic accessories",12.45,23,11.5200,242.3000,"2026-11-12 06:44:06",13:11:00,Cash,284.89,4.761904716,11.5200,8.4,Afternoon,Thursday,November,Bad
871-79-8483,Gachibowli,Hyderabad,Maharashtra,Elite,Male,"Leather Wallet","Fashion accessories",94.13,27,121.9900,3688.1700,"2026-10-24 05:20:51",19:39:00,"Credit card",1876.35,4.761904716,175.6600,4.8,Evening,Saturday,October,Good
873-14-6353,Andheri,Mumbai,Maharashtra,Basic,Male,"Tropicana Juice","Food and beverages",24.82,10,16.2500,276.6200,"2026-09-04 16:59:24",10:33:00,"Credit Card",250.19,4.761904716,13.1800,7.1,Morning,Friday,September,Bad
873-51-0671,Hinjawadi,Pune,Delhi,Elite,Female,"Gym Bag","Sports and travel",21.98,20,18.2200,550.8100,"2026-07-07 10:40:54",16:42:00,Ewallet,449.76,4.761904716,26.2300,5.1,Evening,Tuesday,July,Bad
873-95-4984,Kharadi,Pune,Maharashtra,Prime,Female,Shampoo,"Health and beauty",76.90,10,31.3900,1255.5100,"2026-09-07 02:02:31",20:21:00,Cash,775.15,4.761904716,59.7800,7.7,Evening,Monday,September,Good
875-31-8302,Kharadi,Pune,Maharashtra,Elite,Male,"Gym Bag","Sports and travel",93.38,1,6.9200,145.0400,"2026-05-17 14:39:52",13:07:00,Cash,131.20,4.761904716,6.9200,9.6,Afternoon,Sunday,May,Bad
875-46-5808,Baner,Pune,Delhi,Prime,Male,Sunscreen,"Health and beauty",25.90,19,19.1200,401.4600,"2026-12-08 20:15:00",14:51:00,Cash,472.03,4.761904716,19.1200,8.7,Afternoon,Tuesday,December,Bad
877-22-3308,"Connaught Place",Delhi,Karnataka,Basic,Male,"Face Wash","Health and beauty",15.87,30,29.4200,890.2000,"2026-05-31 12:46:12",16:40:00,UPI,348.38,4.761904716,42.3800,5.8,Evening,Sunday,May,Bad
878-30-2331,Kharadi,Pune,Maharashtra,Elite,Female,"Travel Backpack","Sports and travel",54.55,13,31.0300,527.9700,"2026-06-04 12:22:49",11:22:00,Cash,766.39,4.761904716,25.1600,7.1,Morning,Thursday,June,Good
880-35-0356,"Hitech City",Hyderabad,Maharashtra,Basic,Female,"Cricket Bat","Sports and travel",75.20,3,13.0500,222.1100,"2026-04-24 00:17:56",11:51:00,Ewallet,261.16,4.761904716,10.5800,4.8,Morning,Friday,April,Bad
880-46-5796,"Hitech City",Hyderabad,Telangana,Prime,Male,"Cricket Bat","Sports and travel",76.92,10,38.4600,1163.0300,"2026-02-16 14:15:18",19:53:00,Ewallet,769.20,4.761904716,55.3800,5.6,Evening,Monday,February,Good
881-41-7302,Gachibowli,Hyderabad,Maharashtra,Prime,Female,Sunglasses,"Fashion accessories",64.99,1,4.6800,105.2700,"2026-08-04 04:09:18",10:06:00,"Credit card",93.59,4.761904716,5.0300,4.5,Morning,Tuesday,August,Bad
882-40-4577,Koramangala,Bangalore,Maharashtra,Prime,Male,Football,"Sports and travel",67.26,4,19.3700,406.7900,"2026-02-03 22:39:17",15:28:00,UPI,269.04,4.761904716,19.3700,8.0,Afternoon,Tuesday,February,Bad
883-17-4236,Indiranagar,Bangalore,Karnataka,Elite,Female,"Yoga Mat","Sports and travel",14.39,2,2.9000,88.0400,"2026-06-11 09:02:48",19:44:00,UPI,40.43,4.761904716,4.1900,7.2,Evening,Thursday,June,Bad
883-69-1285,"Hitech City",Hyderabad,Telangana,Prime,Male,"Baseball Cap","Fashion accessories",49.92,2,7.1900,122.2700,"2026-07-24 15:59:39",11:55:00,"Credit card",143.77,4.761904716,5.8200,7.0,Morning,Friday,July,Bad
884-80-6021,Rohini,Delhi,Telangana,Basic,Female,"USB Flash Drive","Electronic accessories",73.47,14,68.7700,1444.1200,"2026-08-27 06:28:13",13:14:00,UPI,1057.97,4.761904716,68.7700,8.0,Afternoon,Thursday,August,Good
885-17-6250,Indiranagar,Bangalore,Karnataka,Elite,Female,"Body Lotion","Health and beauty",79.74,1,12.6400,283.5300,"2026-05-22 02:59:17",10:36:00,UPI,175.05,4.761904716,13.5200,7.3,Morning,Friday,May,Bad
885-56-0389,Bandra,Mumbai,Maharashtra,Elite,Male,"Baseball Cap","Fashion accessories",52.35,1,4.7700,144.5500,"2026-06-18 22:32:30",17:49:00,Cash,73.55,4.761904716,6.8800,4.0,Evening,Thursday,June,Bad
886-18-2897,Hinjawadi,Pune,Maharashtra,Elite,Female,"Nescafe Coffee","Food and beverages",56.56,5,13.2700,400.9600,"2026-04-23 17:24:03",19:06:00,"Credit card",327.38,4.761904716,19.0900,4.5,Evening,Thursday,April,Bad
886-54-6089,"Banjara Hills",Hyderabad,Maharashtra,Prime,Female,"Storage Basket","Home and lifestyle",11.43,10,6.4100,194.1200,"2026-09-13 07:44:34",17:24:00,Cash,98.76,4.761904716,9.2300,7.7,Evening,Sunday,September,Bad
886-77-9084,Gachibowli,Hyderabad,Telangana,Elite,Male,"Power Bank","Electronic accessories",71.89,12,41.4100,980.7600,"2026-07-07 14:30:13",11:33:00,Ewallet,828.17,4.761904716,46.7000,6.5,Morning,Tuesday,July,Good
887-42-0517,"Connaught Place",Delhi,Delhi,Basic,Female,"Yoga Mat","Sports and travel",83.14,10,53.1400,904.0300,"2026-06-24 13:53:11",10:31:00,"Credit card",817.64,4.761904716,43.0500,6.6,Morning,Wednesday,June,Good
888-02-0338,Indiranagar,Bangalore,Telangana,Elite,Male,"Wireless Mouse","Electronic accessories",26.23,12,23.8700,1005.4900,"2026-06-17 13:18:27",20:24:00,Ewallet,331.67,4.761904716,47.8800,7.9,Evening,Wednesday,June,Bad
889-04-9723,Rohini,Delhi,Maharashtra,Prime,Female,"Lay's Chips","Food and beverages",89.14,4,32.5600,683.7900,"2026-05-26 07:52:05",12:20:00,UPI,500.94,4.761904716,32.5700,7.8,Afternoon,Tuesday,May,Good
891-01-7034,"Banjara Hills",Hyderabad,Delhi,Basic,Female,"Power Bank","Electronic accessories",74.71,9,31.4800,952.2100,"2026-06-12 05:43:29",19:07:00,Cash,629.78,4.761904716,45.3400,7.7,Evening,Friday,June,Good
891-58-8335,"Hitech City",Hyderabad,Delhi,Elite,Female,"Travel Backpack","Sports and travel",29.61,12,18.8900,396.6400,"2026-11-10 13:57:32",15:53:00,Cash,377.74,4.761904716,18.8900,6.5,Afternoon,Tuesday,November,Bad
892-05-6689,Saket,Delhi,Maharashtra,Elite,Female,"Coffee Mug","Home and lifestyle",28.32,16,29.5000,619.5200,"2026-05-01 21:41:47",13:28:00,UPI,453.87,4.761904716,29.5000,6.2,Afternoon,Friday,May,Bad
894-41-5205,"Connaught Place",Delhi,Delhi,Prime,Female,"Oreo Biscuits","Food and beverages",43.18,12,32.3400,977.7500,"2026-07-13 22:36:15",19:39:00,"Credit card",497.44,4.761904716,46.5800,8.3,Evening,Monday,July,Good
895-03-6665,Koramangala,Bangalore,Maharashtra,Basic,Female,"Wrist Watch","Fashion accessories",36.51,9,23.6600,532.2100,"2026-02-12 18:12:43",10:52:00,Cash,328.59,4.761904716,25.3500,4.2,Morning,Thursday,February,Good
895-66-0685,Koramangala,Bangalore,Maharashtra,Elite,Male,"Nescafe Coffee","Food and beverages",18.08,3,5.5000,165.9400,"2026-06-11 22:35:34",19:46:00,Ewallet,76.20,4.761904716,7.9200,8.0,Evening,Thursday,June,Bad
896-34-0956,Koramangala,Bangalore,Maharashtra,Prime,Male,"Wrist Watch","Fashion accessories",21.32,1,2.1500,45.2800,"2026-05-18 01:21:16",12:43:00,UPI,29.96,4.761904716,2.1500,5.9,Afternoon,Monday,May,Bad
898-04-2717,"Connaught Place",Delhi,Maharashtra,Prime,Male,"Baseball Cap","Fashion accessories",76.40,9,44.6900,938.5700,"2026-02-26 14:24:13",15:49:00,UPI,687.60,4.761904716,44.6900,7.5,Afternoon,Thursday,February,Good
